ISO-10303-21;
HEADER;
/* Generated by software containing ST-Developer
 * from STEP Tools, Inc. (www.steptools.com) 
 */
/* OPTION: using custom renumber hook */

FILE_DESCRIPTION(
/* description */ ('STEP AP242 Edition 2',
'CAx-IF Rec.Pracs.---Representation and Presentation of Product Manufa
cturing Information (PMI)---4.0---2014-10-13',
'CAx-IF Rec.Pracs.---3D Tessellated Geometry---0.4---2014-09-14','2;1',
'CAx-IF Rec.Pracs.---User Defined Attributes---1.5---2016-08-15'),
/* implementation_level */ '2;1');

FILE_NAME(
/* name */ 'Bottom case',
/* time_stamp */ '2026-08-07T21:06:43Z',
/* author */ (''),
/* organization */ (''),
/* preprocessor_version */ 'ST-DEVELOPER v20',
/* originating_system */ 'ONSHAPE BY PTC INC, 1.219',
/* authorisation */ '  ');

FILE_SCHEMA (('AP242_MANAGED_MODEL_BASED_3D_ENGINEERING_MIM_LF { 1 0 10303 442 3 1 4 }'));
ENDSEC;

DATA;
#10=SHAPE_REPRESENTATION_RELATIONSHIP('','',#9982,#11);
#11=ADVANCED_BREP_SHAPE_REPRESENTATION('',(#9980),#17427);
#12=TOROIDAL_SURFACE('',#10207,0.001,0.001);
#13=TOROIDAL_SURFACE('',#10211,0.001,0.001);
#14=CYLINDRICAL_SURFACE('',#10182,0.00154);
#15=CYLINDRICAL_SURFACE('',#10185,0.00154);
#16=CYLINDRICAL_SURFACE('',#10188,0.00154);
#17=CYLINDRICAL_SURFACE('',#10191,0.00154);
#18=CYLINDRICAL_SURFACE('',#10194,0.00105);
#19=CYLINDRICAL_SURFACE('',#10195,0.0011);
#20=CYLINDRICAL_SURFACE('',#10196,0.00105);
#21=CYLINDRICAL_SURFACE('',#10197,0.0011);
#22=CYLINDRICAL_SURFACE('',#10198,0.001);
#23=CYLINDRICAL_SURFACE('',#10199,0.001);
#24=CYLINDRICAL_SURFACE('',#10200,0.001);
#25=CYLINDRICAL_SURFACE('',#10201,0.001);
#26=CYLINDRICAL_SURFACE('',#10205,0.001);
#27=CYLINDRICAL_SURFACE('',#10209,0.001);
#28=CYLINDRICAL_SURFACE('',#10213,0.001);
#29=CYLINDRICAL_SURFACE('',#10214,0.0204988345915129);
#30=CYLINDRICAL_SURFACE('',#10216,0.159438126536015);
#31=CYLINDRICAL_SURFACE('',#10218,0.10336035515167);
#32=CYLINDRICAL_SURFACE('',#10220,0.0735285252670377);
#33=CYLINDRICAL_SURFACE('',#10222,0.0167636492542128);
#34=CYLINDRICAL_SURFACE('',#10224,0.0167802083153774);
#35=CYLINDRICAL_SURFACE('',#10226,0.11153092213098);
#36=CYLINDRICAL_SURFACE('',#10228,0.11009554849717);
#37=CYLINDRICAL_SURFACE('',#10230,0.0906303325031994);
#38=CYLINDRICAL_SURFACE('',#10232,0.0421593507783527);
#39=CYLINDRICAL_SURFACE('',#10234,0.242979998966109);
#40=CYLINDRICAL_SURFACE('',#10236,0.065447928162299);
#41=CYLINDRICAL_SURFACE('',#10238,0.0221585650286213);
#42=CYLINDRICAL_SURFACE('',#10241,0.00447539722731201);
#43=CYLINDRICAL_SURFACE('',#10243,0.0094887582216511);
#44=CYLINDRICAL_SURFACE('',#10245,0.000339056672327461);
#45=CYLINDRICAL_SURFACE('',#10247,0.0277175816291385);
#46=CYLINDRICAL_SURFACE('',#10249,0.00387550031518743);
#47=CYLINDRICAL_SURFACE('',#10251,0.00380296660831186);
#48=CYLINDRICAL_SURFACE('',#10253,0.00641793352419596);
#49=CYLINDRICAL_SURFACE('',#10255,0.00813640242800743);
#50=CYLINDRICAL_SURFACE('',#10257,0.0063716732182345);
#51=CYLINDRICAL_SURFACE('',#10259,0.00683392322501371);
#52=CYLINDRICAL_SURFACE('',#10261,0.00589537988172804);
#53=CYLINDRICAL_SURFACE('',#10263,0.0266206166990955);
#54=CYLINDRICAL_SURFACE('',#10265,0.00206134749035197);
#55=CYLINDRICAL_SURFACE('',#10267,0.00104007109673671);
#56=CYLINDRICAL_SURFACE('',#10271,0.0140707791338976);
#57=CYLINDRICAL_SURFACE('',#10273,0.0297437561652867);
#58=CYLINDRICAL_SURFACE('',#10275,0.00186607463325251);
#59=CYLINDRICAL_SURFACE('',#10278,0.00113752374315028);
#60=CYLINDRICAL_SURFACE('',#10281,0.00119938858937403);
#61=CYLINDRICAL_SURFACE('',#10284,0.00136616214038194);
#62=CYLINDRICAL_SURFACE('',#10287,0.00112256848171162);
#63=CYLINDRICAL_SURFACE('',#10290,0.00905345741066099);
#64=CYLINDRICAL_SURFACE('',#10295,0.0216860241724371);
#65=CYLINDRICAL_SURFACE('',#10297,0.0093435306226983);
#66=CYLINDRICAL_SURFACE('',#10299,0.00203203958657201);
#67=CYLINDRICAL_SURFACE('',#10301,0.000537494798100719);
#68=CYLINDRICAL_SURFACE('',#10303,0.0031816935972703);
#69=CYLINDRICAL_SURFACE('',#10305,0.00121956029105633);
#70=CYLINDRICAL_SURFACE('',#10307,0.00816485350671247);
#71=CYLINDRICAL_SURFACE('',#10309,0.0270746907313654);
#72=CYLINDRICAL_SURFACE('',#10311,0.00856692809053323);
#73=CYLINDRICAL_SURFACE('',#10314,0.602045594485057);
#74=CYLINDRICAL_SURFACE('',#10316,0.00611013477625469);
#75=CYLINDRICAL_SURFACE('',#10318,0.0150920278105704);
#76=CYLINDRICAL_SURFACE('',#10320,0.015970780870049);
#77=CYLINDRICAL_SURFACE('',#10322,0.370879002810445);
#78=CYLINDRICAL_SURFACE('',#10324,0.0119274958604365);
#79=CYLINDRICAL_SURFACE('',#10326,0.00557630482739827);
#80=CYLINDRICAL_SURFACE('',#10328,0.0196541459506877);
#81=CYLINDRICAL_SURFACE('',#10330,0.0253357097186329);
#82=CYLINDRICAL_SURFACE('',#10333,0.000889500572155623);
#83=CYLINDRICAL_SURFACE('',#10336,0.0195889338168333);
#84=CYLINDRICAL_SURFACE('',#10339,0.000885750969773949);
#85=CYLINDRICAL_SURFACE('',#10342,0.00914752003927266);
#86=CYLINDRICAL_SURFACE('',#10346,0.0157125803173503);
#87=CYLINDRICAL_SURFACE('',#10348,0.0167188820380682);
#88=CYLINDRICAL_SURFACE('',#10350,0.00782970093673476);
#89=CYLINDRICAL_SURFACE('',#10352,0.027421541320558);
#90=CYLINDRICAL_SURFACE('',#10354,0.00992056191099214);
#91=CYLINDRICAL_SURFACE('',#10356,0.0169989980740647);
#92=CYLINDRICAL_SURFACE('',#10358,0.0273478963833141);
#93=CYLINDRICAL_SURFACE('',#10360,0.0110005777636557);
#94=CYLINDRICAL_SURFACE('',#10362,0.00551411031689234);
#95=CYLINDRICAL_SURFACE('',#10364,0.0247279714345925);
#96=CYLINDRICAL_SURFACE('',#10367,0.000656697250365997);
#97=CYLINDRICAL_SURFACE('',#10370,0.017309979875261);
#98=CYLINDRICAL_SURFACE('',#10373,0.000926272930224974);
#99=CYLINDRICAL_SURFACE('',#10376,0.0159473929977402);
#100=CYLINDRICAL_SURFACE('',#10383,0.00301398780856033);
#101=CYLINDRICAL_SURFACE('',#10391,0.00228292048669275);
#102=CYLINDRICAL_SURFACE('',#10394,0.000889300599085497);
#103=CYLINDRICAL_SURFACE('',#10398,0.00607592231844888);
#104=CYLINDRICAL_SURFACE('',#10402,0.015956647300425);
#105=CYLINDRICAL_SURFACE('',#10406,0.00136262283027926);
#106=CYLINDRICAL_SURFACE('',#10409,0.0034226182870141);
#107=CYLINDRICAL_SURFACE('',#10413,0.00131128510579178);
#108=CYLINDRICAL_SURFACE('',#10418,0.00528079875613167);
#109=CYLINDRICAL_SURFACE('',#10422,0.00289599469044248);
#110=CYLINDRICAL_SURFACE('',#10426,0.00947047854631379);
#111=CYLINDRICAL_SURFACE('',#10430,0.00453753437604368);
#112=CYLINDRICAL_SURFACE('',#10436,0.00371673960771733);
#113=CYLINDRICAL_SURFACE('',#10439,0.00468476293061456);
#114=CYLINDRICAL_SURFACE('',#10442,0.00295771318240483);
#115=CYLINDRICAL_SURFACE('',#10446,0.0539425733028638);
#116=CYLINDRICAL_SURFACE('',#10449,0.00242160833518628);
#117=CYLINDRICAL_SURFACE('',#10453,0.00166857397117155);
#118=CYLINDRICAL_SURFACE('',#10456,0.00322301510387106);
#119=CYLINDRICAL_SURFACE('',#10460,0.0273511432490234);
#120=CYLINDRICAL_SURFACE('',#10463,0.0194299380988614);
#121=CYLINDRICAL_SURFACE('',#10467,0.658467626455585);
#122=CYLINDRICAL_SURFACE('',#10470,0.0447587480382271);
#123=CYLINDRICAL_SURFACE('',#10474,0.00325870855147163);
#124=CYLINDRICAL_SURFACE('',#10477,0.0299453881623156);
#125=CYLINDRICAL_SURFACE('',#10480,0.00167761455028926);
#126=CYLINDRICAL_SURFACE('',#10483,0.0382295982392065);
#127=CYLINDRICAL_SURFACE('',#10486,0.00834169668076921);
#128=CYLINDRICAL_SURFACE('',#10492,0.00341151166108537);
#129=CYLINDRICAL_SURFACE('',#10495,0.00224168101036978);
#130=CYLINDRICAL_SURFACE('',#10501,0.00123133720877717);
#131=CYLINDRICAL_SURFACE('',#10504,0.00321150090948787);
#132=CYLINDRICAL_SURFACE('',#10508,0.0034468143659043);
#133=CYLINDRICAL_SURFACE('',#10511,0.00201024392164003);
#134=CYLINDRICAL_SURFACE('',#10514,0.237525153380412);
#135=CYLINDRICAL_SURFACE('',#10518,0.00832349195574539);
#136=CYLINDRICAL_SURFACE('',#10521,0.00139224585886354);
#137=CYLINDRICAL_SURFACE('',#10525,0.00324090063454425);
#138=CYLINDRICAL_SURFACE('',#10529,0.00669106907883906);
#139=CYLINDRICAL_SURFACE('',#10533,0.00961479205151328);
#140=CYLINDRICAL_SURFACE('',#10537,0.0308720204929055);
#141=CYLINDRICAL_SURFACE('',#10540,0.00118898515103256);
#142=CYLINDRICAL_SURFACE('',#10543,0.0168730320023301);
#143=CYLINDRICAL_SURFACE('',#10547,0.0438764258899701);
#144=CYLINDRICAL_SURFACE('',#10550,0.00297141540286545);
#145=CYLINDRICAL_SURFACE('',#10553,0.0173363701266914);
#146=CYLINDRICAL_SURFACE('',#10557,0.00185180963383588);
#147=CYLINDRICAL_SURFACE('',#10560,0.00245598929167236);
#148=CYLINDRICAL_SURFACE('',#10563,0.00123355869853165);
#149=CYLINDRICAL_SURFACE('',#10567,0.00436948886470266);
#150=CYLINDRICAL_SURFACE('',#10570,0.0023489976285271);
#151=CYLINDRICAL_SURFACE('',#10573,0.0245933315760857);
#152=CYLINDRICAL_SURFACE('',#10575,0.0285157543368773);
#153=CYLINDRICAL_SURFACE('',#10577,0.00721501612010625);
#154=CYLINDRICAL_SURFACE('',#10579,0.00764019441048542);
#155=CYLINDRICAL_SURFACE('',#10581,0.161982702707803);
#156=CYLINDRICAL_SURFACE('',#10583,0.0073366179029919);
#157=CYLINDRICAL_SURFACE('',#10587,0.00772237367195731);
#158=CYLINDRICAL_SURFACE('',#10590,0.00114387856765621);
#159=CYLINDRICAL_SURFACE('',#10594,0.105548395700282);
#160=CYLINDRICAL_SURFACE('',#10598,0.00553792700311545);
#161=CYLINDRICAL_SURFACE('',#10600,0.00367088797229706);
#162=CYLINDRICAL_SURFACE('',#10602,0.00753134806548305);
#163=CYLINDRICAL_SURFACE('',#10605,0.110557971116368);
#164=CYLINDRICAL_SURFACE('',#10607,0.0155717152501935);
#165=CYLINDRICAL_SURFACE('',#10610,0.00222156011708905);
#166=CYLINDRICAL_SURFACE('',#10612,0.00192984141012801);
#167=CYLINDRICAL_SURFACE('',#10615,0.00815321227771407);
#168=CYLINDRICAL_SURFACE('',#10617,0.0248414482361368);
#169=CYLINDRICAL_SURFACE('',#10620,0.00347365959564654);
#170=CYLINDRICAL_SURFACE('',#10622,0.00289717621719386);
#171=CYLINDRICAL_SURFACE('',#10624,0.00301322203587095);
#172=CYLINDRICAL_SURFACE('',#10627,0.00304055150916031);
#173=CYLINDRICAL_SURFACE('',#10630,0.00228043592624454);
#174=CYLINDRICAL_SURFACE('',#10633,0.00782081578462187);
#175=CYLINDRICAL_SURFACE('',#10636,0.00248968872733808);
#176=CYLINDRICAL_SURFACE('',#10639,0.00677729255891824);
#177=CYLINDRICAL_SURFACE('',#10642,0.00250027060993612);
#178=CYLINDRICAL_SURFACE('',#10646,0.178003791599278);
#179=CYLINDRICAL_SURFACE('',#10652,0.0960861702842632);
#180=CYLINDRICAL_SURFACE('',#10654,0.00944014426442071);
#181=CYLINDRICAL_SURFACE('',#10656,0.0290486984103425);
#182=CYLINDRICAL_SURFACE('',#10658,0.0378494363257486);
#183=CYLINDRICAL_SURFACE('',#10660,0.00910672853797136);
#184=CYLINDRICAL_SURFACE('',#10662,0.0159671814501605);
#185=CYLINDRICAL_SURFACE('',#10664,0.0340624330878021);
#186=CYLINDRICAL_SURFACE('',#10668,0.124276381829808);
#187=CYLINDRICAL_SURFACE('',#10709,0.000816180620459051);
#188=CYLINDRICAL_SURFACE('',#10714,0.00243405331463702);
#189=CYLINDRICAL_SURFACE('',#10721,0.00613749969054585);
#190=CYLINDRICAL_SURFACE('',#10724,0.00144118059779835);
#191=CYLINDRICAL_SURFACE('',#10727,0.00306172810480078);
#192=CYLINDRICAL_SURFACE('',#10731,0.00254547863815935);
#193=CYLINDRICAL_SURFACE('',#10733,0.00149508110778388);
#194=CYLINDRICAL_SURFACE('',#10735,0.00343854570899941);
#195=CYLINDRICAL_SURFACE('',#10738,0.0022594082026399);
#196=CYLINDRICAL_SURFACE('',#10741,0.00209145562537493);
#197=CYLINDRICAL_SURFACE('',#10744,0.0251340855622233);
#198=CYLINDRICAL_SURFACE('',#10747,0.00315329735424311);
#199=CYLINDRICAL_SURFACE('',#10750,0.00269552630256095);
#200=CYLINDRICAL_SURFACE('',#10756,0.0010029006388652);
#201=CYLINDRICAL_SURFACE('',#10758,0.0074178172650502);
#202=CYLINDRICAL_SURFACE('',#10760,0.00115064483000478);
#203=CYLINDRICAL_SURFACE('',#10772,0.0220046724435307);
#204=CYLINDRICAL_SURFACE('',#10776,0.0139503644749308);
#205=CYLINDRICAL_SURFACE('',#10781,0.0128172219082833);
#206=CYLINDRICAL_SURFACE('',#10783,0.0025108344418076);
#207=CYLINDRICAL_SURFACE('',#10788,0.000734374201295352);
#208=CYLINDRICAL_SURFACE('',#10872,0.0193183737476985);
#209=CYLINDRICAL_SURFACE('',#10874,0.047195405756468);
#210=CYLINDRICAL_SURFACE('',#10876,0.0207476062209439);
#211=CYLINDRICAL_SURFACE('',#10878,0.00293057065681643);
#212=CYLINDRICAL_SURFACE('',#10880,0.00394069087139178);
#213=CYLINDRICAL_SURFACE('',#10882,0.00227270251395689);
#214=CYLINDRICAL_SURFACE('',#10884,0.000988138294007058);
#215=CYLINDRICAL_SURFACE('',#10886,0.0192735511635262);
#216=CYLINDRICAL_SURFACE('',#10888,0.00574673458504935);
#217=CYLINDRICAL_SURFACE('',#10890,0.00485831851300204);
#218=CYLINDRICAL_SURFACE('',#10893,0.000993040896569527);
#219=CYLINDRICAL_SURFACE('',#10896,0.00464050323743363);
#220=CYLINDRICAL_SURFACE('',#10899,0.00405401456218481);
#221=CYLINDRICAL_SURFACE('',#10902,0.000920411363224111);
#222=CYLINDRICAL_SURFACE('',#10905,0.00350552458725231);
#223=CYLINDRICAL_SURFACE('',#10908,0.00359213761005082);
#224=CYLINDRICAL_SURFACE('',#10911,0.00145489782548105);
#225=CYLINDRICAL_SURFACE('',#10914,0.0014729280272813);
#226=CYLINDRICAL_SURFACE('',#10919,0.0192468630441427);
#227=CYLINDRICAL_SURFACE('',#10921,0.0277892644721619);
#228=CYLINDRICAL_SURFACE('',#10923,0.00522245074263644);
#229=CYLINDRICAL_SURFACE('',#10925,0.0284701720411369);
#230=CYLINDRICAL_SURFACE('',#10927,0.108404070966953);
#231=CYLINDRICAL_SURFACE('',#10929,0.00260284143008027);
#232=CYLINDRICAL_SURFACE('',#10932,0.00640415771934919);
#233=CYLINDRICAL_SURFACE('',#10934,0.0205024255664464);
#234=CYLINDRICAL_SURFACE('',#10936,0.0313087134265373);
#235=CYLINDRICAL_SURFACE('',#10938,0.0106640711666424);
#236=CYLINDRICAL_SURFACE('',#10941,0.00284151811803049);
#237=CYLINDRICAL_SURFACE('',#10943,0.0652599161790402);
#238=CYLINDRICAL_SURFACE('',#10945,0.00157560951154345);
#239=CYLINDRICAL_SURFACE('',#10947,0.000871853174111706);
#240=CYLINDRICAL_SURFACE('',#10949,0.0017711650997219);
#241=CYLINDRICAL_SURFACE('',#10951,0.0335723559140905);
#242=CYLINDRICAL_SURFACE('',#10953,0.0290685077859195);
#243=CYLINDRICAL_SURFACE('',#10955,0.00332201070302046);
#244=CYLINDRICAL_SURFACE('',#10957,0.0183575440662464);
#245=CYLINDRICAL_SURFACE('',#10959,0.00508941889200734);
#246=CYLINDRICAL_SURFACE('',#10961,0.00314726087889923);
#247=CYLINDRICAL_SURFACE('',#10963,0.00508392364064733);
#248=CYLINDRICAL_SURFACE('',#10966,0.00595613601417025);
#249=CYLINDRICAL_SURFACE('',#10969,0.00618680385156425);
#250=CYLINDRICAL_SURFACE('',#10972,0.00746933722843995);
#251=CYLINDRICAL_SURFACE('',#10975,0.00792183062454936);
#252=CYLINDRICAL_SURFACE('',#10980,0.0049136155165883);
#253=CYLINDRICAL_SURFACE('',#10983,0.0014299494879054);
#254=CYLINDRICAL_SURFACE('',#10986,0.00370999234719927);
#255=CYLINDRICAL_SURFACE('',#10990,0.0433045071608121);
#256=CYLINDRICAL_SURFACE('',#10992,0.00103968371541334);
#257=CYLINDRICAL_SURFACE('',#10994,0.00426329611814738);
#258=CYLINDRICAL_SURFACE('',#10997,0.00107754780457602);
#259=CYLINDRICAL_SURFACE('',#11000,0.00565957172622162);
#260=CYLINDRICAL_SURFACE('',#11003,0.0014450901905146);
#261=CYLINDRICAL_SURFACE('',#11006,0.00286448707434928);
#262=CYLINDRICAL_SURFACE('',#11009,0.00204435583575717);
#263=CYLINDRICAL_SURFACE('',#11012,0.00170933132954267);
#264=CYLINDRICAL_SURFACE('',#11018,0.00156853329124099);
#265=CYLINDRICAL_SURFACE('',#11032,0.00316332742541891);
#266=CYLINDRICAL_SURFACE('',#11035,0.00256623588357935);
#267=CYLINDRICAL_SURFACE('',#11040,0.00479258193135922);
#268=CYLINDRICAL_SURFACE('',#11042,0.00566754604605278);
#269=CYLINDRICAL_SURFACE('',#11044,0.00075152953347146);
#270=CYLINDRICAL_SURFACE('',#11046,0.00172272283433508);
#271=CYLINDRICAL_SURFACE('',#11048,0.0031249667320364);
#272=CYLINDRICAL_SURFACE('',#11050,0.0100533113809343);
#273=CYLINDRICAL_SURFACE('',#11052,0.00388413487654052);
#274=CYLINDRICAL_SURFACE('',#11054,0.00700762254731993);
#275=CYLINDRICAL_SURFACE('',#11056,0.0362245638048589);
#276=CYLINDRICAL_SURFACE('',#11058,0.0197381391064934);
#277=CYLINDRICAL_SURFACE('',#11060,0.0106114216631398);
#278=CYLINDRICAL_SURFACE('',#11062,0.000999115343718522);
#279=CYLINDRICAL_SURFACE('',#11064,0.0140720567315071);
#280=CYLINDRICAL_SURFACE('',#11066,0.00527109585663829);
#281=CYLINDRICAL_SURFACE('',#11068,0.00503812908106586);
#282=CYLINDRICAL_SURFACE('',#11071,0.0011175353233098);
#283=CYLINDRICAL_SURFACE('',#11074,0.00744315029419679);
#284=CYLINDRICAL_SURFACE('',#11077,0.00923740868889363);
#285=CYLINDRICAL_SURFACE('',#11080,0.00998676948716897);
#286=CYLINDRICAL_SURFACE('',#11083,0.00881542348276637);
#287=CYLINDRICAL_SURFACE('',#11086,0.00386886270077179);
#288=CYLINDRICAL_SURFACE('',#11090,0.0250244889699223);
#289=CYLINDRICAL_SURFACE('',#11092,0.00442339734670868);
#290=CYLINDRICAL_SURFACE('',#11094,0.0220603767992296);
#291=CYLINDRICAL_SURFACE('',#11096,0.00400809206738954);
#292=CYLINDRICAL_SURFACE('',#11098,0.00256340337644078);
#293=CYLINDRICAL_SURFACE('',#11100,0.102213680162038);
#294=CYLINDRICAL_SURFACE('',#11102,0.00504391233098846);
#295=CYLINDRICAL_SURFACE('',#11104,0.0510641344153842);
#296=CYLINDRICAL_SURFACE('',#11106,0.00505883058816227);
#297=CYLINDRICAL_SURFACE('',#11108,0.00669016074360359);
#298=CYLINDRICAL_SURFACE('',#11111,0.0327691082292742);
#299=CYLINDRICAL_SURFACE('',#11114,0.0126280428214107);
#300=CYLINDRICAL_SURFACE('',#11116,0.0165409833556973);
#301=CYLINDRICAL_SURFACE('',#11118,0.00393909887411144);
#302=CYLINDRICAL_SURFACE('',#11120,0.00752539086355254);
#303=CYLINDRICAL_SURFACE('',#11123,0.237368466111684);
#304=CYLINDRICAL_SURFACE('',#11125,0.00983586372622975);
#305=CYLINDRICAL_SURFACE('',#11127,0.0204413750505041);
#306=CYLINDRICAL_SURFACE('',#11129,1.80743503758433);
#307=CYLINDRICAL_SURFACE('',#11131,0.0066080789571225);
#308=CYLINDRICAL_SURFACE('',#11133,0.0957245429132071);
#309=B_SPLINE_CURVE_WITH_KNOTS('',3,(#14585,#14586,#14587,#14588,#14589,
#14590,#14591),.UNSPECIFIED.,.F.,.F.,(4,1,1,1,4),(1.98973992611333E-17,
0.000386682495152612,0.000773364990305204,0.0011600474854578,0.00154672998061039),
 .UNSPECIFIED.);
#310=B_SPLINE_CURVE_WITH_KNOTS('',3,(#14597,#14598,#14599,#14600,#14601,
#14602,#14603),.UNSPECIFIED.,.F.,.F.,(4,1,1,1,4),(2.01007690963465E-17,
0.000389864712873637,0.000779729425747253,0.00116959413862087,0.00155945885149449),
 .UNSPECIFIED.);
#311=B_SPLINE_CURVE_WITH_KNOTS('',3,(#14610,#14611,#14612,#14613,#14614,
#14615,#14616,#14617,#14618,#14619,#14620),.UNSPECIFIED.,.F.,.F.,(4,1,1,
1,1,1,1,1,4),(0.,0.000388313391807335,0.000776626783614669,0.001164940175422,
0.00155325356722934,0.00194156695903667,0.00232988035084401,0.00271819374265134,
0.00310650713445868),.UNSPECIFIED.);
#312=B_SPLINE_CURVE_WITH_KNOTS('',3,(#14622,#14623,#14624,#14625,#14626,
#14627,#14628),.UNSPECIFIED.,.F.,.F.,(4,1,1,1,4),(0.,0.00038698116797114,
0.00077396233594228,0.00116094350391342,0.00154792467188456),
 .UNSPECIFIED.);
#313=B_SPLINE_CURVE_WITH_KNOTS('',3,(#14634,#14635,#14636,#14637,#14638,
#14639,#14640),.UNSPECIFIED.,.F.,.F.,(4,1,1,1,4),(0.,0.000383892156238367,
0.000767784312476733,0.0011516764687151,0.00153556862495347),
 .UNSPECIFIED.);
#314=B_SPLINE_CURVE_WITH_KNOTS('',3,(#14647,#14648,#14649,#14650,#14651,
#14652,#14653,#14654,#14655,#14656,#14657),.UNSPECIFIED.,.F.,.F.,(4,1,1,
1,1,1,1,1,4),(0.,0.000385479942562269,0.000770959885124537,0.00115643982768681,
0.00154191977024907,0.00192739971281134,0.00231287965537361,0.00269835959793588,
0.00308383954049815),.UNSPECIFIED.);
#315=B_SPLINE_CURVE_WITH_KNOTS('',3,(#14659,#14660,#14661,#14662,#14663,
#14664,#14665),.UNSPECIFIED.,.F.,.F.,(4,1,1,1,4),(0.,0.000390992765053128,
0.000781985530106255,0.00117297829515938,0.00156397106021251),
 .UNSPECIFIED.);
#316=B_SPLINE_CURVE_WITH_KNOTS('',3,(#14671,#14672,#14673,#14674,#14675,
#14676,#14677),.UNSPECIFIED.,.F.,.F.,(4,1,1,1,4),(0.,0.000376705293511516,
0.000753410587023032,0.00113011588053455,0.00150682117404606),
 .UNSPECIFIED.);
#317=B_SPLINE_CURVE_WITH_KNOTS('',3,(#14684,#14685,#14686,#14687,#14688,
#14689,#14690,#14691,#14692,#14693,#14694),.UNSPECIFIED.,.F.,.F.,(4,1,1,
1,1,1,1,1,4),(0.,0.000384051714605085,0.00076810342921017,0.00115215514381526,
0.00153620685842034,0.00192025857302543,0.00230431028763051,0.0026883620022356,
0.00307241371684068),.UNSPECIFIED.);
#318=B_SPLINE_CURVE_WITH_KNOTS('',3,(#14696,#14697,#14698,#14699,#14700,
#14701,#14702),.UNSPECIFIED.,.F.,.F.,(4,1,1,1,4),(0.,0.000367995451397856,
0.000735990902795711,0.00110398635419357,0.00147198180559142),
 .UNSPECIFIED.);
#319=B_SPLINE_CURVE_WITH_KNOTS('',3,(#14708,#14709,#14710,#14711,#14712,
#14713,#14714),.UNSPECIFIED.,.F.,.F.,(4,1,1,1,4),(0.,0.000381286636488365,
0.000762573272976731,0.0011438599094651,0.00152514654595346),
 .UNSPECIFIED.);
#320=B_SPLINE_CURVE_WITH_KNOTS('',3,(#14721,#14722,#14723,#14724,#14725,
#14726,#14727,#14728,#14729,#14730,#14731),.UNSPECIFIED.,.F.,.F.,(4,1,1,
1,1,1,1,1,4),(0.,0.000374409726415317,0.000748819452830634,0.00112322917924595,
0.00149763890566127,0.00187204863207658,0.0022464583584919,0.00262086808490722,
0.00299527781132254),.UNSPECIFIED.);
#321=B_SPLINE_CURVE_WITH_KNOTS('',3,(#15001,#15002,#15003,#15004,#15005,
#15006,#15007,#15008),.UNSPECIFIED.,.F.,.F.,(4,1,1,1,1,4),(0.,0.000485812982574512,
0.000971625965149025,0.00145743894772354,0.00170034543901079,0.00194325193029805),
 .UNSPECIFIED.);
#322=B_SPLINE_CURVE_WITH_KNOTS('',3,(#15009,#15010,#15011,#15012,#15013,
#15014,#15015,#15016),.UNSPECIFIED.,.F.,.F.,(4,1,1,1,1,4),(0.,0.00024409165480518,
0.000488183309610359,0.000976366619220719,0.00146454992883108,0.00195273323844144),
 .UNSPECIFIED.);
#323=B_SPLINE_CURVE_WITH_KNOTS('',3,(#15021,#15022,#15023,#15024,#15025,
#15026,#15027,#15028),.UNSPECIFIED.,.F.,.F.,(4,1,1,1,1,4),(0.,0.000488392907467115,
0.00097678581493423,0.00146517872240134,0.0017093751761349,0.00195357162986846),
 .UNSPECIFIED.);
#324=B_SPLINE_CURVE_WITH_KNOTS('',3,(#15029,#15030,#15031,#15032,#15033,
#15034,#15035,#15036),.UNSPECIFIED.,.F.,.F.,(4,1,1,1,1,4),(0.,0.000242256825594665,
0.000484513651189331,0.000969027302378661,0.00145354095356799,0.00193805460475732),
 .UNSPECIFIED.);
#325=B_SPLINE_CURVE_WITH_KNOTS('',3,(#15041,#15042,#15043,#15044,#15045,
#15046,#15047),.UNSPECIFIED.,.F.,.F.,(4,1,1,1,4),(0.,0.000477845906558368,
0.000955691813116736,0.0014335377196751,0.00191138362623347),
 .UNSPECIFIED.);
#326=B_SPLINE_CURVE_WITH_KNOTS('',3,(#15048,#15049,#15050,#15051,#15052,
#15053,#15054,#15055),.UNSPECIFIED.,.F.,.F.,(4,1,1,1,1,4),(0.,0.000244579487657621,
0.000489158975315243,0.000978317950630485,0.00146747692594573,0.00195663590126097),
 .UNSPECIFIED.);
#327=B_SPLINE_CURVE_WITH_KNOTS('',3,(#15060,#15061,#15062,#15063,#15064,
#15065,#15066,#15067),.UNSPECIFIED.,.F.,.F.,(4,1,1,1,1,4),(0.,0.000485075140045267,
0.000970150280090534,0.0014552254201358,0.00169776299015843,0.00194030056018107),
 .UNSPECIFIED.);
#328=B_SPLINE_CURVE_WITH_KNOTS('',3,(#15068,#15069,#15070,#15071,#15072,
#15073,#15074,#15075),.UNSPECIFIED.,.F.,.F.,(4,1,1,1,1,4),(0.,0.000245481846415733,
0.000490963692831466,0.000981927385662933,0.0014728910784944,0.00196385477132587),
 .UNSPECIFIED.);
#329=CONICAL_SURFACE('',#10094,9.81307786677359E-18,0.615479708670387);
#330=CONICAL_SURFACE('',#10095,9.96522768216897E-18,0.615479708670387);
#331=CONICAL_SURFACE('',#10096,0.,0.615479708670387);
#332=CONICAL_SURFACE('',#10097,1.7347234759768E-18,0.615479708670387);
#333=CONICAL_SURFACE('',#10098,6.93889390390723E-18,0.615479708670387);
#334=CONICAL_SURFACE('',#10099,7.152448122691E-18,0.615479708670387);
#335=CONICAL_SURFACE('',#10100,0.,0.615479708670387);
#336=CONICAL_SURFACE('',#10101,1.7347234759768E-18,0.615479708670387);
#337=LINE('',#14336,#1176);
#338=LINE('',#14338,#1177);
#339=LINE('',#14394,#1178);
#340=LINE('',#14400,#1179);
#341=LINE('',#14406,#1180);
#342=LINE('',#14412,#1181);
#343=LINE('',#14452,#1182);
#344=LINE('',#14454,#1183);
#345=LINE('',#14456,#1184);
#346=LINE('',#14458,#1185);
#347=LINE('',#14462,#1186);
#348=LINE('',#14464,#1187);
#349=LINE('',#14468,#1188);
#350=LINE('',#14472,#1189);
#351=LINE('',#14476,#1190);
#352=LINE('',#14480,#1191);
#353=LINE('',#14484,#1192);
#354=LINE('',#14488,#1193);
#355=LINE('',#14496,#1194);
#356=LINE('',#14502,#1195);
#357=LINE('',#14508,#1196);
#358=LINE('',#14514,#1197);
#359=LINE('',#14522,#1198);
#360=LINE('',#14524,#1199);
#361=LINE('',#14528,#1200);
#362=LINE('',#14530,#1201);
#363=LINE('',#14534,#1202);
#364=LINE('',#14538,#1203);
#365=LINE('',#14540,#1204);
#366=LINE('',#14552,#1205);
#367=LINE('',#14555,#1206);
#368=LINE('',#14559,#1207);
#369=LINE('',#14563,#1208);
#370=LINE('',#14565,#1209);
#371=LINE('',#14567,#1210);
#372=LINE('',#14569,#1211);
#373=LINE('',#14571,#1212);
#374=LINE('',#14573,#1213);
#375=LINE('',#14579,#1214);
#376=LINE('',#14583,#1215);
#377=LINE('',#14593,#1216);
#378=LINE('',#14595,#1217);
#379=LINE('',#14605,#1218);
#380=LINE('',#14608,#1219);
#381=LINE('',#14630,#1220);
#382=LINE('',#14632,#1221);
#383=LINE('',#14642,#1222);
#384=LINE('',#14645,#1223);
#385=LINE('',#14667,#1224);
#386=LINE('',#14669,#1225);
#387=LINE('',#14679,#1226);
#388=LINE('',#14682,#1227);
#389=LINE('',#14704,#1228);
#390=LINE('',#14706,#1229);
#391=LINE('',#14716,#1230);
#392=LINE('',#14719,#1231);
#393=LINE('',#14736,#1232);
#394=LINE('',#14740,#1233);
#395=LINE('',#14742,#1234);
#396=LINE('',#14744,#1235);
#397=LINE('',#14746,#1236);
#398=LINE('',#14748,#1237);
#399=LINE('',#14751,#1238);
#400=LINE('',#14753,#1239);
#401=LINE('',#14755,#1240);
#402=LINE('',#14757,#1241);
#403=LINE('',#14760,#1242);
#404=LINE('',#14762,#1243);
#405=LINE('',#14764,#1244);
#406=LINE('',#14766,#1245);
#407=LINE('',#14769,#1246);
#408=LINE('',#14771,#1247);
#409=LINE('',#14773,#1248);
#410=LINE('',#14777,#1249);
#411=LINE('',#14781,#1250);
#412=LINE('',#14784,#1251);
#413=LINE('',#14786,#1252);
#414=LINE('',#14787,#1253);
#415=LINE('',#14789,#1254);
#416=LINE('',#14791,#1255);
#417=LINE('',#14793,#1256);
#418=LINE('',#14795,#1257);
#419=LINE('',#14798,#1258);
#420=LINE('',#14800,#1259);
#421=LINE('',#14802,#1260);
#422=LINE('',#14806,#1261);
#423=LINE('',#14810,#1262);
#424=LINE('',#14813,#1263);
#425=LINE('',#14815,#1264);
#426=LINE('',#14817,#1265);
#427=LINE('',#14819,#1266);
#428=LINE('',#14822,#1267);
#429=LINE('',#14824,#1268);
#430=LINE('',#14826,#1269);
#431=LINE('',#14832,#1270);
#432=LINE('',#14838,#1271);
#433=LINE('',#14842,#1272);
#434=LINE('',#14846,#1273);
#435=LINE('',#14850,#1274);
#436=LINE('',#14853,#1275);
#437=LINE('',#14855,#1276);
#438=LINE('',#14857,#1277);
#439=LINE('',#14859,#1278);
#440=LINE('',#14860,#1279);
#441=LINE('',#14862,#1280);
#442=LINE('',#14864,#1281);
#443=LINE('',#14866,#1282);
#444=LINE('',#14868,#1283);
#445=LINE('',#14871,#1284);
#446=LINE('',#14873,#1285);
#447=LINE('',#14875,#1286);
#448=LINE('',#14877,#1287);
#449=LINE('',#14879,#1288);
#450=LINE('',#14881,#1289);
#451=LINE('',#14883,#1290);
#452=LINE('',#14885,#1291);
#453=LINE('',#14886,#1292);
#454=LINE('',#14888,#1293);
#455=LINE('',#14891,#1294);
#456=LINE('',#14892,#1295);
#457=LINE('',#14894,#1296);
#458=LINE('',#14895,#1297);
#459=LINE('',#14897,#1298);
#460=LINE('',#14898,#1299);
#461=LINE('',#14903,#1300);
#462=LINE('',#14906,#1301);
#463=LINE('',#14908,#1302);
#464=LINE('',#14910,#1303);
#465=LINE('',#14918,#1304);
#466=LINE('',#14921,#1305);
#467=LINE('',#14925,#1306);
#468=LINE('',#14929,#1307);
#469=LINE('',#14933,#1308);
#470=LINE('',#14934,#1309);
#471=LINE('',#14936,#1310);
#472=LINE('',#14938,#1311);
#473=LINE('',#14940,#1312);
#474=LINE('',#14942,#1313);
#475=LINE('',#14943,#1314);
#476=LINE('',#14945,#1315);
#477=LINE('',#14948,#1316);
#478=LINE('',#14950,#1317);
#479=LINE('',#14952,#1318);
#480=LINE('',#14954,#1319);
#481=LINE('',#14959,#1320);
#482=LINE('',#14960,#1321);
#483=LINE('',#14962,#1322);
#484=LINE('',#14972,#1323);
#485=LINE('',#14975,#1324);
#486=LINE('',#14977,#1325);
#487=LINE('',#14979,#1326);
#488=LINE('',#14984,#1327);
#489=LINE('',#14987,#1328);
#490=LINE('',#14988,#1329);
#491=LINE('',#14990,#1330);
#492=LINE('',#14992,#1331);
#493=LINE('',#14994,#1332);
#494=LINE('',#14996,#1333);
#495=LINE('',#14998,#1334);
#496=LINE('',#15088,#1335);
#497=LINE('',#15090,#1336);
#498=LINE('',#15092,#1337);
#499=LINE('',#15094,#1338);
#500=LINE('',#15096,#1339);
#501=LINE('',#15107,#1340);
#502=LINE('',#15111,#1341);
#503=LINE('',#15113,#1342);
#504=LINE('',#15117,#1343);
#505=LINE('',#15121,#1344);
#506=LINE('',#15125,#1345);
#507=LINE('',#15129,#1346);
#508=LINE('',#15133,#1347);
#509=LINE('',#15137,#1348);
#510=LINE('',#15141,#1349);
#511=LINE('',#15145,#1350);
#512=LINE('',#15149,#1351);
#513=LINE('',#15153,#1352);
#514=LINE('',#15160,#1353);
#515=LINE('',#15164,#1354);
#516=LINE('',#15166,#1355);
#517=LINE('',#15170,#1356);
#518=LINE('',#15174,#1357);
#519=LINE('',#15178,#1358);
#520=LINE('',#15182,#1359);
#521=LINE('',#15186,#1360);
#522=LINE('',#15190,#1361);
#523=LINE('',#15194,#1362);
#524=LINE('',#15198,#1363);
#525=LINE('',#15202,#1364);
#526=LINE('',#15206,#1365);
#527=LINE('',#15210,#1366);
#528=LINE('',#15214,#1367);
#529=LINE('',#15218,#1368);
#530=LINE('',#15220,#1369);
#531=LINE('',#15222,#1370);
#532=LINE('',#15224,#1371);
#533=LINE('',#15226,#1372);
#534=LINE('',#15230,#1373);
#535=LINE('',#15237,#1374);
#536=LINE('',#15241,#1375);
#537=LINE('',#15245,#1376);
#538=LINE('',#15252,#1377);
#539=LINE('',#15256,#1378);
#540=LINE('',#15269,#1379);
#541=LINE('',#15273,#1380);
#542=LINE('',#15275,#1381);
#543=LINE('',#15279,#1382);
#544=LINE('',#15283,#1383);
#545=LINE('',#15287,#1384);
#546=LINE('',#15291,#1385);
#547=LINE('',#15295,#1386);
#548=LINE('',#15299,#1387);
#549=LINE('',#15306,#1388);
#550=LINE('',#15310,#1389);
#551=LINE('',#15312,#1390);
#552=LINE('',#15316,#1391);
#553=LINE('',#15320,#1392);
#554=LINE('',#15324,#1393);
#555=LINE('',#15328,#1394);
#556=LINE('',#15332,#1395);
#557=LINE('',#15336,#1396);
#558=LINE('',#15343,#1397);
#559=LINE('',#15347,#1398);
#560=LINE('',#15351,#1399);
#561=LINE('',#15357,#1400);
#562=LINE('',#15368,#1401);
#563=LINE('',#15372,#1402);
#564=LINE('',#15374,#1403);
#565=LINE('',#15378,#1404);
#566=LINE('',#15382,#1405);
#567=LINE('',#15386,#1406);
#568=LINE('',#15390,#1407);
#569=LINE('',#15394,#1408);
#570=LINE('',#15398,#1409);
#571=LINE('',#15402,#1410);
#572=LINE('',#15409,#1411);
#573=LINE('',#15413,#1412);
#574=LINE('',#15417,#1413);
#575=LINE('',#15423,#1414);
#576=LINE('',#15434,#1415);
#577=LINE('',#15437,#1416);
#578=LINE('',#15439,#1417);
#579=LINE('',#15441,#1418);
#580=LINE('',#15443,#1419);
#581=LINE('',#15445,#1420);
#582=LINE('',#15447,#1421);
#583=LINE('',#15449,#1422);
#584=LINE('',#15451,#1423);
#585=LINE('',#15453,#1424);
#586=LINE('',#15457,#1425);
#587=LINE('',#15461,#1426);
#588=LINE('',#15463,#1427);
#589=LINE('',#15465,#1428);
#590=LINE('',#15467,#1429);
#591=LINE('',#15469,#1430);
#592=LINE('',#15471,#1431);
#593=LINE('',#15473,#1432);
#594=LINE('',#15475,#1433);
#595=LINE('',#15477,#1434);
#596=LINE('',#15479,#1435);
#597=LINE('',#15481,#1436);
#598=LINE('',#15483,#1437);
#599=LINE('',#15485,#1438);
#600=LINE('',#15487,#1439);
#601=LINE('',#15489,#1440);
#602=LINE('',#15493,#1441);
#603=LINE('',#15499,#1442);
#604=LINE('',#15503,#1443);
#605=LINE('',#15505,#1444);
#606=LINE('',#15507,#1445);
#607=LINE('',#15511,#1446);
#608=LINE('',#15515,#1447);
#609=LINE('',#15517,#1448);
#610=LINE('',#15519,#1449);
#611=LINE('',#15523,#1450);
#612=LINE('',#15527,#1451);
#613=LINE('',#15529,#1452);
#614=LINE('',#15531,#1453);
#615=LINE('',#15535,#1454);
#616=LINE('',#15541,#1455);
#617=LINE('',#15545,#1456);
#618=LINE('',#15547,#1457);
#619=LINE('',#15549,#1458);
#620=LINE('',#15553,#1459);
#621=LINE('',#15557,#1460);
#622=LINE('',#15559,#1461);
#623=LINE('',#15561,#1462);
#624=LINE('',#15563,#1463);
#625=LINE('',#15565,#1464);
#626=LINE('',#15567,#1465);
#627=LINE('',#15571,#1466);
#628=LINE('',#15575,#1467);
#629=LINE('',#15577,#1468);
#630=LINE('',#15579,#1469);
#631=LINE('',#15583,#1470);
#632=LINE('',#15587,#1471);
#633=LINE('',#15589,#1472);
#634=LINE('',#15591,#1473);
#635=LINE('',#15595,#1474);
#636=LINE('',#15599,#1475);
#637=LINE('',#15601,#1476);
#638=LINE('',#15603,#1477);
#639=LINE('',#15607,#1478);
#640=LINE('',#15611,#1479);
#641=LINE('',#15613,#1480);
#642=LINE('',#15615,#1481);
#643=LINE('',#15617,#1482);
#644=LINE('',#15619,#1483);
#645=LINE('',#15621,#1484);
#646=LINE('',#15623,#1485);
#647=LINE('',#15625,#1486);
#648=LINE('',#15627,#1487);
#649=LINE('',#15631,#1488);
#650=LINE('',#15637,#1489);
#651=LINE('',#15643,#1490);
#652=LINE('',#15647,#1491);
#653=LINE('',#15649,#1492);
#654=LINE('',#15651,#1493);
#655=LINE('',#15655,#1494);
#656=LINE('',#15661,#1495);
#657=LINE('',#15665,#1496);
#658=LINE('',#15667,#1497);
#659=LINE('',#15669,#1498);
#660=LINE('',#15673,#1499);
#661=LINE('',#15679,#1500);
#662=LINE('',#15683,#1501);
#663=LINE('',#15685,#1502);
#664=LINE('',#15687,#1503);
#665=LINE('',#15691,#1504);
#666=LINE('',#15697,#1505);
#667=LINE('',#15701,#1506);
#668=LINE('',#15703,#1507);
#669=LINE('',#15705,#1508);
#670=LINE('',#15709,#1509);
#671=LINE('',#15715,#1510);
#672=LINE('',#15719,#1511);
#673=LINE('',#15721,#1512);
#674=LINE('',#15723,#1513);
#675=LINE('',#15727,#1514);
#676=LINE('',#15733,#1515);
#677=LINE('',#15739,#1516);
#678=LINE('',#15746,#1517);
#679=LINE('',#15750,#1518);
#680=LINE('',#15754,#1519);
#681=LINE('',#15758,#1520);
#682=LINE('',#15761,#1521);
#683=LINE('',#15763,#1522);
#684=LINE('',#15765,#1523);
#685=LINE('',#15767,#1524);
#686=LINE('',#15769,#1525);
#687=LINE('',#15771,#1526);
#688=LINE('',#15773,#1527);
#689=LINE('',#15775,#1528);
#690=LINE('',#15777,#1529);
#691=LINE('',#15781,#1530);
#692=LINE('',#15787,#1531);
#693=LINE('',#15791,#1532);
#694=LINE('',#15793,#1533);
#695=LINE('',#15795,#1534);
#696=LINE('',#15797,#1535);
#697=LINE('',#15799,#1536);
#698=LINE('',#15801,#1537);
#699=LINE('',#15803,#1538);
#700=LINE('',#15805,#1539);
#701=LINE('',#15807,#1540);
#702=LINE('',#15811,#1541);
#703=LINE('',#15817,#1542);
#704=LINE('',#15821,#1543);
#705=LINE('',#15823,#1544);
#706=LINE('',#15825,#1545);
#707=LINE('',#15829,#1546);
#708=LINE('',#15835,#1547);
#709=LINE('',#15841,#1548);
#710=LINE('',#15845,#1549);
#711=LINE('',#15847,#1550);
#712=LINE('',#15849,#1551);
#713=LINE('',#15853,#1552);
#714=LINE('',#15859,#1553);
#715=LINE('',#15863,#1554);
#716=LINE('',#15865,#1555);
#717=LINE('',#15867,#1556);
#718=LINE('',#15871,#1557);
#719=LINE('',#15875,#1558);
#720=LINE('',#15877,#1559);
#721=LINE('',#15879,#1560);
#722=LINE('',#15883,#1561);
#723=LINE('',#15887,#1562);
#724=LINE('',#15889,#1563);
#725=LINE('',#15891,#1564);
#726=LINE('',#15895,#1565);
#727=LINE('',#15899,#1566);
#728=LINE('',#15901,#1567);
#729=LINE('',#15903,#1568);
#730=LINE('',#15907,#1569);
#731=LINE('',#15913,#1570);
#732=LINE('',#15919,#1571);
#733=LINE('',#15923,#1572);
#734=LINE('',#15925,#1573);
#735=LINE('',#15927,#1574);
#736=LINE('',#15931,#1575);
#737=LINE('',#15937,#1576);
#738=LINE('',#15943,#1577);
#739=LINE('',#15947,#1578);
#740=LINE('',#15949,#1579);
#741=LINE('',#15951,#1580);
#742=LINE('',#15955,#1581);
#743=LINE('',#15961,#1582);
#744=LINE('',#15967,#1583);
#745=LINE('',#15971,#1584);
#746=LINE('',#15973,#1585);
#747=LINE('',#15975,#1586);
#748=LINE('',#15979,#1587);
#749=LINE('',#15985,#1588);
#750=LINE('',#15989,#1589);
#751=LINE('',#15993,#1590);
#752=LINE('',#15995,#1591);
#753=LINE('',#15999,#1592);
#754=LINE('',#16003,#1593);
#755=LINE('',#16007,#1594);
#756=LINE('',#16011,#1595);
#757=LINE('',#16015,#1596);
#758=LINE('',#16017,#1597);
#759=LINE('',#16019,#1598);
#760=LINE('',#16021,#1599);
#761=LINE('',#16023,#1600);
#762=LINE('',#16027,#1601);
#763=LINE('',#16029,#1602);
#764=LINE('',#16031,#1603);
#765=LINE('',#16035,#1604);
#766=LINE('',#16037,#1605);
#767=LINE('',#16039,#1606);
#768=LINE('',#16041,#1607);
#769=LINE('',#16043,#1608);
#770=LINE('',#16047,#1609);
#771=LINE('',#16049,#1610);
#772=LINE('',#16051,#1611);
#773=LINE('',#16053,#1612);
#774=LINE('',#16055,#1613);
#775=LINE('',#16059,#1614);
#776=LINE('',#16063,#1615);
#777=LINE('',#16067,#1616);
#778=LINE('',#16069,#1617);
#779=LINE('',#16071,#1618);
#780=LINE('',#16075,#1619);
#781=LINE('',#16079,#1620);
#782=LINE('',#16081,#1621);
#783=LINE('',#16083,#1622);
#784=LINE('',#16087,#1623);
#785=LINE('',#16091,#1624);
#786=LINE('',#16093,#1625);
#787=LINE('',#16095,#1626);
#788=LINE('',#16099,#1627);
#789=LINE('',#16103,#1628);
#790=LINE('',#16105,#1629);
#791=LINE('',#16107,#1630);
#792=LINE('',#16111,#1631);
#793=LINE('',#16115,#1632);
#794=LINE('',#16119,#1633);
#795=LINE('',#16121,#1634);
#796=LINE('',#16123,#1635);
#797=LINE('',#16127,#1636);
#798=LINE('',#16129,#1637);
#799=LINE('',#16131,#1638);
#800=LINE('',#16135,#1639);
#801=LINE('',#16137,#1640);
#802=LINE('',#16139,#1641);
#803=LINE('',#16143,#1642);
#804=LINE('',#16145,#1643);
#805=LINE('',#16147,#1644);
#806=LINE('',#16151,#1645);
#807=LINE('',#16153,#1646);
#808=LINE('',#16155,#1647);
#809=LINE('',#16159,#1648);
#810=LINE('',#16161,#1649);
#811=LINE('',#16163,#1650);
#812=LINE('',#16167,#1651);
#813=LINE('',#16169,#1652);
#814=LINE('',#16171,#1653);
#815=LINE('',#16173,#1654);
#816=LINE('',#16175,#1655);
#817=LINE('',#16179,#1656);
#818=LINE('',#16181,#1657);
#819=LINE('',#16183,#1658);
#820=LINE('',#16185,#1659);
#821=LINE('',#16187,#1660);
#822=LINE('',#16189,#1661);
#823=LINE('',#16191,#1662);
#824=LINE('',#16193,#1663);
#825=LINE('',#16195,#1664);
#826=LINE('',#16199,#1665);
#827=LINE('',#16203,#1666);
#828=LINE('',#16207,#1667);
#829=LINE('',#16211,#1668);
#830=LINE('',#16215,#1669);
#831=LINE('',#16219,#1670);
#832=LINE('',#16223,#1671);
#833=LINE('',#16224,#1672);
#834=LINE('',#16226,#1673);
#835=LINE('',#16227,#1674);
#836=LINE('',#16231,#1675);
#837=LINE('',#16232,#1676);
#838=LINE('',#16236,#1677);
#839=LINE('',#16241,#1678);
#840=LINE('',#16245,#1679);
#841=LINE('',#16253,#1680);
#842=LINE('',#16255,#1681);
#843=LINE('',#16259,#1682);
#844=LINE('',#16263,#1683);
#845=LINE('',#16266,#1684);
#846=LINE('',#16269,#1685);
#847=LINE('',#16271,#1686);
#848=LINE('',#16273,#1687);
#849=LINE('',#16275,#1688);
#850=LINE('',#16277,#1689);
#851=LINE('',#16279,#1690);
#852=LINE('',#16280,#1691);
#853=LINE('',#16283,#1692);
#854=LINE('',#16285,#1693);
#855=LINE('',#16287,#1694);
#856=LINE('',#16293,#1695);
#857=LINE('',#16294,#1696);
#858=LINE('',#16297,#1697);
#859=LINE('',#16299,#1698);
#860=LINE('',#16301,#1699);
#861=LINE('',#16303,#1700);
#862=LINE('',#16305,#1701);
#863=LINE('',#16307,#1702);
#864=LINE('',#16309,#1703);
#865=LINE('',#16311,#1704);
#866=LINE('',#16313,#1705);
#867=LINE('',#16315,#1706);
#868=LINE('',#16325,#1707);
#869=LINE('',#16329,#1708);
#870=LINE('',#16337,#1709);
#871=LINE('',#16339,#1710);
#872=LINE('',#16343,#1711);
#873=LINE('',#16347,#1712);
#874=LINE('',#16348,#1713);
#875=LINE('',#16351,#1714);
#876=LINE('',#16353,#1715);
#877=LINE('',#16355,#1716);
#878=LINE('',#16357,#1717);
#879=LINE('',#16361,#1718);
#880=LINE('',#16363,#1719);
#881=LINE('',#16365,#1720);
#882=LINE('',#16368,#1721);
#883=LINE('',#16371,#1722);
#884=LINE('',#16373,#1723);
#885=LINE('',#16375,#1724);
#886=LINE('',#16377,#1725);
#887=LINE('',#16379,#1726);
#888=LINE('',#16381,#1727);
#889=LINE('',#16382,#1728);
#890=LINE('',#16385,#1729);
#891=LINE('',#16387,#1730);
#892=LINE('',#16389,#1731);
#893=LINE('',#16391,#1732);
#894=LINE('',#16393,#1733);
#895=LINE('',#16395,#1734);
#896=LINE('',#16397,#1735);
#897=LINE('',#16399,#1736);
#898=LINE('',#16401,#1737);
#899=LINE('',#16404,#1738);
#900=LINE('',#16407,#1739);
#901=LINE('',#16409,#1740);
#902=LINE('',#16413,#1741);
#903=LINE('',#16417,#1742);
#904=LINE('',#16419,#1743);
#905=LINE('',#16421,#1744);
#906=LINE('',#16423,#1745);
#907=LINE('',#16425,#1746);
#908=LINE('',#16427,#1747);
#909=LINE('',#16429,#1748);
#910=LINE('',#16431,#1749);
#911=LINE('',#16433,#1750);
#912=LINE('',#16435,#1751);
#913=LINE('',#16437,#1752);
#914=LINE('',#16439,#1753);
#915=LINE('',#16441,#1754);
#916=LINE('',#16443,#1755);
#917=LINE('',#16445,#1756);
#918=LINE('',#16447,#1757);
#919=LINE('',#16450,#1758);
#920=LINE('',#16452,#1759);
#921=LINE('',#16454,#1760);
#922=LINE('',#16456,#1761);
#923=LINE('',#16458,#1762);
#924=LINE('',#16460,#1763);
#925=LINE('',#16464,#1764);
#926=LINE('',#16466,#1765);
#927=LINE('',#16468,#1766);
#928=LINE('',#16470,#1767);
#929=LINE('',#16472,#1768);
#930=LINE('',#16474,#1769);
#931=LINE('',#16476,#1770);
#932=LINE('',#16480,#1771);
#933=LINE('',#16482,#1772);
#934=LINE('',#16484,#1773);
#935=LINE('',#16486,#1774);
#936=LINE('',#16488,#1775);
#937=LINE('',#16491,#1776);
#938=LINE('',#16493,#1777);
#939=LINE('',#16495,#1778);
#940=LINE('',#16497,#1779);
#941=LINE('',#16501,#1780);
#942=LINE('',#16503,#1781);
#943=LINE('',#16505,#1782);
#944=LINE('',#16509,#1783);
#945=LINE('',#16511,#1784);
#946=LINE('',#16513,#1785);
#947=LINE('',#16517,#1786);
#948=LINE('',#16519,#1787);
#949=LINE('',#16521,#1788);
#950=LINE('',#16523,#1789);
#951=LINE('',#16525,#1790);
#952=LINE('',#16529,#1791);
#953=LINE('',#16533,#1792);
#954=LINE('',#16537,#1793);
#955=LINE('',#16539,#1794);
#956=LINE('',#16544,#1795);
#957=LINE('',#16548,#1796);
#958=LINE('',#16552,#1797);
#959=LINE('',#16558,#1798);
#960=LINE('',#16569,#1799);
#961=LINE('',#16571,#1800);
#962=LINE('',#16573,#1801);
#963=LINE('',#16575,#1802);
#964=LINE('',#16577,#1803);
#965=LINE('',#16579,#1804);
#966=LINE('',#16583,#1805);
#967=LINE('',#16587,#1806);
#968=LINE('',#16591,#1807);
#969=LINE('',#16593,#1808);
#970=LINE('',#16595,#1809);
#971=LINE('',#16597,#1810);
#972=LINE('',#16599,#1811);
#973=LINE('',#16601,#1812);
#974=LINE('',#16603,#1813);
#975=LINE('',#16605,#1814);
#976=LINE('',#16607,#1815);
#977=LINE('',#16609,#1816);
#978=LINE('',#16611,#1817);
#979=LINE('',#16613,#1818);
#980=LINE('',#16615,#1819);
#981=LINE('',#16617,#1820);
#982=LINE('',#16619,#1821);
#983=LINE('',#16621,#1822);
#984=LINE('',#16623,#1823);
#985=LINE('',#16629,#1824);
#986=LINE('',#16633,#1825);
#987=LINE('',#16635,#1826);
#988=LINE('',#16637,#1827);
#989=LINE('',#16639,#1828);
#990=LINE('',#16643,#1829);
#991=LINE('',#16647,#1830);
#992=LINE('',#16649,#1831);
#993=LINE('',#16651,#1832);
#994=LINE('',#16653,#1833);
#995=LINE('',#16655,#1834);
#996=LINE('',#16657,#1835);
#997=LINE('',#16661,#1836);
#998=LINE('',#16665,#1837);
#999=LINE('',#16667,#1838);
#1000=LINE('',#16669,#1839);
#1001=LINE('',#16671,#1840);
#1002=LINE('',#16673,#1841);
#1003=LINE('',#16679,#1842);
#1004=LINE('',#16682,#1843);
#1005=LINE('',#16684,#1844);
#1006=LINE('',#16686,#1845);
#1007=LINE('',#16688,#1846);
#1008=LINE('',#16690,#1847);
#1009=LINE('',#16692,#1848);
#1010=LINE('',#16694,#1849);
#1011=LINE('',#16696,#1850);
#1012=LINE('',#16698,#1851);
#1013=LINE('',#16700,#1852);
#1014=LINE('',#16702,#1853);
#1015=LINE('',#16704,#1854);
#1016=LINE('',#16706,#1855);
#1017=LINE('',#16708,#1856);
#1018=LINE('',#16710,#1857);
#1019=LINE('',#16712,#1858);
#1020=LINE('',#16714,#1859);
#1021=LINE('',#16716,#1860);
#1022=LINE('',#16718,#1861);
#1023=LINE('',#16720,#1862);
#1024=LINE('',#16722,#1863);
#1025=LINE('',#16723,#1864);
#1026=LINE('',#16840,#1865);
#1027=LINE('',#16865,#1866);
#1028=LINE('',#16869,#1867);
#1029=LINE('',#16871,#1868);
#1030=LINE('',#16875,#1869);
#1031=LINE('',#16879,#1870);
#1032=LINE('',#16883,#1871);
#1033=LINE('',#16887,#1872);
#1034=LINE('',#16891,#1873);
#1035=LINE('',#16895,#1874);
#1036=LINE('',#16899,#1875);
#1037=LINE('',#16906,#1876);
#1038=LINE('',#16910,#1877);
#1039=LINE('',#16914,#1878);
#1040=LINE('',#16920,#1879);
#1041=LINE('',#16927,#1880);
#1042=LINE('',#16931,#1881);
#1043=LINE('',#16935,#1882);
#1044=LINE('',#16941,#1883);
#1045=LINE('',#16956,#1884);
#1046=LINE('',#16960,#1885);
#1047=LINE('',#16962,#1886);
#1048=LINE('',#16966,#1887);
#1049=LINE('',#16970,#1888);
#1050=LINE('',#16974,#1889);
#1051=LINE('',#16981,#1890);
#1052=LINE('',#16985,#1891);
#1053=LINE('',#16987,#1892);
#1054=LINE('',#16991,#1893);
#1055=LINE('',#16998,#1894);
#1056=LINE('',#17002,#1895);
#1057=LINE('',#17004,#1896);
#1058=LINE('',#17008,#1897);
#1059=LINE('',#17012,#1898);
#1060=LINE('',#17016,#1899);
#1061=LINE('',#17020,#1900);
#1062=LINE('',#17024,#1901);
#1063=LINE('',#17028,#1902);
#1064=LINE('',#17032,#1903);
#1065=LINE('',#17036,#1904);
#1066=LINE('',#17040,#1905);
#1067=LINE('',#17047,#1906);
#1068=LINE('',#17051,#1907);
#1069=LINE('',#17055,#1908);
#1070=LINE('',#17061,#1909);
#1071=LINE('',#17072,#1910);
#1072=LINE('',#17074,#1911);
#1073=LINE('',#17076,#1912);
#1074=LINE('',#17078,#1913);
#1075=LINE('',#17082,#1914);
#1076=LINE('',#17084,#1915);
#1077=LINE('',#17086,#1916);
#1078=LINE('',#17090,#1917);
#1079=LINE('',#17092,#1918);
#1080=LINE('',#17094,#1919);
#1081=LINE('',#17098,#1920);
#1082=LINE('',#17100,#1921);
#1083=LINE('',#17102,#1922);
#1084=LINE('',#17104,#1923);
#1085=LINE('',#17106,#1924);
#1086=LINE('',#17110,#1925);
#1087=LINE('',#17114,#1926);
#1088=LINE('',#17118,#1927);
#1089=LINE('',#17120,#1928);
#1090=LINE('',#17122,#1929);
#1091=LINE('',#17126,#1930);
#1092=LINE('',#17128,#1931);
#1093=LINE('',#17133,#1932);
#1094=LINE('',#17137,#1933);
#1095=LINE('',#17141,#1934);
#1096=LINE('',#17147,#1935);
#1097=LINE('',#17158,#1936);
#1098=LINE('',#17160,#1937);
#1099=LINE('',#17162,#1938);
#1100=LINE('',#17164,#1939);
#1101=LINE('',#17166,#1940);
#1102=LINE('',#17168,#1941);
#1103=LINE('',#17172,#1942);
#1104=LINE('',#17174,#1943);
#1105=LINE('',#17176,#1944);
#1106=LINE('',#17178,#1945);
#1107=LINE('',#17180,#1946);
#1108=LINE('',#17182,#1947);
#1109=LINE('',#17184,#1948);
#1110=LINE('',#17186,#1949);
#1111=LINE('',#17188,#1950);
#1112=LINE('',#17190,#1951);
#1113=LINE('',#17192,#1952);
#1114=LINE('',#17194,#1953);
#1115=LINE('',#17196,#1954);
#1116=LINE('',#17198,#1955);
#1117=LINE('',#17200,#1956);
#1118=LINE('',#17203,#1957);
#1119=LINE('',#17205,#1958);
#1120=LINE('',#17207,#1959);
#1121=LINE('',#17209,#1960);
#1122=LINE('',#17211,#1961);
#1123=LINE('',#17213,#1962);
#1124=LINE('',#17215,#1963);
#1125=LINE('',#17217,#1964);
#1126=LINE('',#17221,#1965);
#1127=LINE('',#17223,#1966);
#1128=LINE('',#17225,#1967);
#1129=LINE('',#17229,#1968);
#1130=LINE('',#17231,#1969);
#1131=LINE('',#17233,#1970);
#1132=LINE('',#17236,#1971);
#1133=LINE('',#17240,#1972);
#1134=LINE('',#17242,#1973);
#1135=LINE('',#17246,#1974);
#1136=LINE('',#17250,#1975);
#1137=LINE('',#17254,#1976);
#1138=LINE('',#17258,#1977);
#1139=LINE('',#17262,#1978);
#1140=LINE('',#17266,#1979);
#1141=LINE('',#17270,#1980);
#1142=LINE('',#17274,#1981);
#1143=LINE('',#17278,#1982);
#1144=LINE('',#17282,#1983);
#1145=LINE('',#17286,#1984);
#1146=LINE('',#17290,#1985);
#1147=LINE('',#17297,#1986);
#1148=LINE('',#17301,#1987);
#1149=LINE('',#17305,#1988);
#1150=LINE('',#17311,#1989);
#1151=LINE('',#17317,#1990);
#1152=LINE('',#17323,#1991);
#1153=LINE('',#17334,#1992);
#1154=LINE('',#17338,#1993);
#1155=LINE('',#17340,#1994);
#1156=LINE('',#17344,#1995);
#1157=LINE('',#17348,#1996);
#1158=LINE('',#17352,#1997);
#1159=LINE('',#17356,#1998);
#1160=LINE('',#17360,#1999);
#1161=LINE('',#17364,#2000);
#1162=LINE('',#17368,#2001);
#1163=LINE('',#17375,#2002);
#1164=LINE('',#17379,#2003);
#1165=LINE('',#17381,#2004);
#1166=LINE('',#17383,#2005);
#1167=LINE('',#17385,#2006);
#1168=LINE('',#17389,#2007);
#1169=LINE('',#17393,#2008);
#1170=LINE('',#17400,#2009);
#1171=LINE('',#17404,#2010);
#1172=LINE('',#17406,#2011);
#1173=LINE('',#17410,#2012);
#1174=LINE('',#17414,#2013);
#1175=LINE('',#17418,#2014);
#1176=VECTOR('',#11188,1.);
#1177=VECTOR('',#11189,1.);
#1178=VECTOR('',#11244,1.);
#1179=VECTOR('',#11249,1.);
#1180=VECTOR('',#11254,1.);
#1181=VECTOR('',#11259,1.);
#1182=VECTOR('',#11298,1.);
#1183=VECTOR('',#11299,1.);
#1184=VECTOR('',#11300,1.);
#1185=VECTOR('',#11301,1.);
#1186=VECTOR('',#11304,1.);
#1187=VECTOR('',#11305,1.);
#1188=VECTOR('',#11308,1.);
#1189=VECTOR('',#11311,1.);
#1190=VECTOR('',#11314,1.);
#1191=VECTOR('',#11317,1.);
#1192=VECTOR('',#11320,1.);
#1193=VECTOR('',#11323,1.);
#1194=VECTOR('',#11330,1.);
#1195=VECTOR('',#11335,1.);
#1196=VECTOR('',#11340,1.);
#1197=VECTOR('',#11345,1.);
#1198=VECTOR('',#11352,1.);
#1199=VECTOR('',#11353,1.);
#1200=VECTOR('',#11356,1.);
#1201=VECTOR('',#11357,1.);
#1202=VECTOR('',#11360,1.);
#1203=VECTOR('',#11363,1.);
#1204=VECTOR('',#11364,1.);
#1205=VECTOR('',#11377,1.);
#1206=VECTOR('',#11378,1.);
#1207=VECTOR('',#11381,1.);
#1208=VECTOR('',#11384,1.);
#1209=VECTOR('',#11385,1.);
#1210=VECTOR('',#11386,1.);
#1211=VECTOR('',#11387,1.);
#1212=VECTOR('',#11388,1.);
#1213=VECTOR('',#11391,1.);
#1214=VECTOR('',#11396,1.);
#1215=VECTOR('',#11399,1.);
#1216=VECTOR('',#11402,1.);
#1217=VECTOR('',#11403,1.);
#1218=VECTOR('',#11406,1.);
#1219=VECTOR('',#11407,1.);
#1220=VECTOR('',#11410,1.);
#1221=VECTOR('',#11411,1.);
#1222=VECTOR('',#11414,1.);
#1223=VECTOR('',#11415,1.);
#1224=VECTOR('',#11418,1.);
#1225=VECTOR('',#11419,1.);
#1226=VECTOR('',#11422,1.);
#1227=VECTOR('',#11423,1.);
#1228=VECTOR('',#11426,1.);
#1229=VECTOR('',#11427,1.);
#1230=VECTOR('',#11430,1.);
#1231=VECTOR('',#11431,1.);
#1232=VECTOR('',#11436,1.);
#1233=VECTOR('',#11439,1.);
#1234=VECTOR('',#11442,1.);
#1235=VECTOR('',#11443,1.);
#1236=VECTOR('',#11444,1.);
#1237=VECTOR('',#11447,1.);
#1238=VECTOR('',#11448,1.);
#1239=VECTOR('',#11449,1.);
#1240=VECTOR('',#11450,1.);
#1241=VECTOR('',#11453,1.);
#1242=VECTOR('',#11454,1.);
#1243=VECTOR('',#11455,1.);
#1244=VECTOR('',#11456,1.);
#1245=VECTOR('',#11459,1.);
#1246=VECTOR('',#11460,1.);
#1247=VECTOR('',#11461,1.);
#1248=VECTOR('',#11462,1.);
#1249=VECTOR('',#11467,1.);
#1250=VECTOR('',#11472,1.);
#1251=VECTOR('',#11473,1.);
#1252=VECTOR('',#11474,1.);
#1253=VECTOR('',#11475,1.);
#1254=VECTOR('',#11476,1.);
#1255=VECTOR('',#11477,1.);
#1256=VECTOR('',#11478,1.);
#1257=VECTOR('',#11481,1.);
#1258=VECTOR('',#11482,1.);
#1259=VECTOR('',#11483,1.);
#1260=VECTOR('',#11484,1.);
#1261=VECTOR('',#11489,1.);
#1262=VECTOR('',#11494,1.);
#1263=VECTOR('',#11495,1.);
#1264=VECTOR('',#11496,1.);
#1265=VECTOR('',#11497,1.);
#1266=VECTOR('',#11500,1.);
#1267=VECTOR('',#11501,1.);
#1268=VECTOR('',#11502,1.);
#1269=VECTOR('',#11503,1.);
#1270=VECTOR('',#11510,1.);
#1271=VECTOR('',#11517,1.);
#1272=VECTOR('',#11522,1.);
#1273=VECTOR('',#11525,1.);
#1274=VECTOR('',#11530,1.);
#1275=VECTOR('',#11531,1.);
#1276=VECTOR('',#11532,1.);
#1277=VECTOR('',#11533,1.);
#1278=VECTOR('',#11536,1.);
#1279=VECTOR('',#11537,1.);
#1280=VECTOR('',#11540,1.);
#1281=VECTOR('',#11541,1.);
#1282=VECTOR('',#11542,1.);
#1283=VECTOR('',#11545,1.);
#1284=VECTOR('',#11546,1.);
#1285=VECTOR('',#11547,1.);
#1286=VECTOR('',#11548,1.);
#1287=VECTOR('',#11551,1.);
#1288=VECTOR('',#11552,1.);
#1289=VECTOR('',#11553,1.);
#1290=VECTOR('',#11556,1.);
#1291=VECTOR('',#11559,1.);
#1292=VECTOR('',#11560,1.);
#1293=VECTOR('',#11563,1.);
#1294=VECTOR('',#11564,1.);
#1295=VECTOR('',#11565,1.);
#1296=VECTOR('',#11568,1.);
#1297=VECTOR('',#11569,1.);
#1298=VECTOR('',#11572,1.);
#1299=VECTOR('',#11573,1.);
#1300=VECTOR('',#11582,1.);
#1301=VECTOR('',#11583,1.);
#1302=VECTOR('',#11584,1.);
#1303=VECTOR('',#11585,1.);
#1304=VECTOR('',#11598,1.);
#1305=VECTOR('',#11603,1.);
#1306=VECTOR('',#11608,1.);
#1307=VECTOR('',#11611,1.);
#1308=VECTOR('',#11616,1.);
#1309=VECTOR('',#11617,1.);
#1310=VECTOR('',#11620,1.);
#1311=VECTOR('',#11621,1.);
#1312=VECTOR('',#11622,1.);
#1313=VECTOR('',#11625,1.);
#1314=VECTOR('',#11626,1.);
#1315=VECTOR('',#11629,1.);
#1316=VECTOR('',#11630,1.);
#1317=VECTOR('',#11631,1.);
#1318=VECTOR('',#11632,1.);
#1319=VECTOR('',#11635,1.);
#1320=VECTOR('',#11644,1.);
#1321=VECTOR('',#11645,1.);
#1322=VECTOR('',#11648,1.);
#1323=VECTOR('',#11667,1.);
#1324=VECTOR('',#11668,1.);
#1325=VECTOR('',#11669,1.);
#1326=VECTOR('',#11670,1.);
#1327=VECTOR('',#11679,1.);
#1328=VECTOR('',#11680,1.);
#1329=VECTOR('',#11681,1.);
#1330=VECTOR('',#11684,1.);
#1331=VECTOR('',#11685,1.);
#1332=VECTOR('',#11688,1.);
#1333=VECTOR('',#11689,1.);
#1334=VECTOR('',#11692,1.);
#1335=VECTOR('',#11737,1.);
#1336=VECTOR('',#11738,1.);
#1337=VECTOR('',#11741,1.);
#1338=VECTOR('',#11742,1.);
#1339=VECTOR('',#11745,1.);
#1340=VECTOR('',#11766,1.);
#1341=VECTOR('',#11769,1.);
#1342=VECTOR('',#11772,1.);
#1343=VECTOR('',#11777,1.);
#1344=VECTOR('',#11782,1.);
#1345=VECTOR('',#11787,1.);
#1346=VECTOR('',#11792,1.);
#1347=VECTOR('',#11797,1.);
#1348=VECTOR('',#11802,1.);
#1349=VECTOR('',#11807,1.);
#1350=VECTOR('',#11812,1.);
#1351=VECTOR('',#11817,1.);
#1352=VECTOR('',#11822,1.);
#1353=VECTOR('',#11833,1.);
#1354=VECTOR('',#11836,1.);
#1355=VECTOR('',#11839,1.);
#1356=VECTOR('',#11844,1.);
#1357=VECTOR('',#11849,1.);
#1358=VECTOR('',#11854,1.);
#1359=VECTOR('',#11859,1.);
#1360=VECTOR('',#11864,1.);
#1361=VECTOR('',#11869,1.);
#1362=VECTOR('',#11874,1.);
#1363=VECTOR('',#11879,1.);
#1364=VECTOR('',#11884,1.);
#1365=VECTOR('',#11889,1.);
#1366=VECTOR('',#11894,1.);
#1367=VECTOR('',#11899,1.);
#1368=VECTOR('',#11904,1.);
#1369=VECTOR('',#11905,1.);
#1370=VECTOR('',#11908,1.);
#1371=VECTOR('',#11909,1.);
#1372=VECTOR('',#11912,1.);
#1373=VECTOR('',#11917,1.);
#1374=VECTOR('',#11924,1.);
#1375=VECTOR('',#11927,1.);
#1376=VECTOR('',#11932,1.);
#1377=VECTOR('',#11939,1.);
#1378=VECTOR('',#11942,1.);
#1379=VECTOR('',#11967,1.);
#1380=VECTOR('',#11970,1.);
#1381=VECTOR('',#11973,1.);
#1382=VECTOR('',#11978,1.);
#1383=VECTOR('',#11983,1.);
#1384=VECTOR('',#11988,1.);
#1385=VECTOR('',#11993,1.);
#1386=VECTOR('',#11998,1.);
#1387=VECTOR('',#12003,1.);
#1388=VECTOR('',#12014,1.);
#1389=VECTOR('',#12017,1.);
#1390=VECTOR('',#12020,1.);
#1391=VECTOR('',#12025,1.);
#1392=VECTOR('',#12030,1.);
#1393=VECTOR('',#12035,1.);
#1394=VECTOR('',#12040,1.);
#1395=VECTOR('',#12045,1.);
#1396=VECTOR('',#12050,1.);
#1397=VECTOR('',#12057,1.);
#1398=VECTOR('',#12060,1.);
#1399=VECTOR('',#12065,1.);
#1400=VECTOR('',#12072,1.);
#1401=VECTOR('',#12091,1.);
#1402=VECTOR('',#12094,1.);
#1403=VECTOR('',#12097,1.);
#1404=VECTOR('',#12102,1.);
#1405=VECTOR('',#12107,1.);
#1406=VECTOR('',#12112,1.);
#1407=VECTOR('',#12117,1.);
#1408=VECTOR('',#12122,1.);
#1409=VECTOR('',#12127,1.);
#1410=VECTOR('',#12132,1.);
#1411=VECTOR('',#12139,1.);
#1412=VECTOR('',#12142,1.);
#1413=VECTOR('',#12147,1.);
#1414=VECTOR('',#12154,1.);
#1415=VECTOR('',#12173,1.);
#1416=VECTOR('',#12174,1.);
#1417=VECTOR('',#12175,1.);
#1418=VECTOR('',#12176,1.);
#1419=VECTOR('',#12179,1.);
#1420=VECTOR('',#12180,1.);
#1421=VECTOR('',#12181,1.);
#1422=VECTOR('',#12184,1.);
#1423=VECTOR('',#12185,1.);
#1424=VECTOR('',#12186,1.);
#1425=VECTOR('',#12191,1.);
#1426=VECTOR('',#12196,1.);
#1427=VECTOR('',#12197,1.);
#1428=VECTOR('',#12198,1.);
#1429=VECTOR('',#12201,1.);
#1430=VECTOR('',#12202,1.);
#1431=VECTOR('',#12203,1.);
#1432=VECTOR('',#12206,1.);
#1433=VECTOR('',#12207,1.);
#1434=VECTOR('',#12208,1.);
#1435=VECTOR('',#12211,1.);
#1436=VECTOR('',#12212,1.);
#1437=VECTOR('',#12213,1.);
#1438=VECTOR('',#12216,1.);
#1439=VECTOR('',#12217,1.);
#1440=VECTOR('',#12218,1.);
#1441=VECTOR('',#12223,1.);
#1442=VECTOR('',#12230,1.);
#1443=VECTOR('',#12235,1.);
#1444=VECTOR('',#12236,1.);
#1445=VECTOR('',#12237,1.);
#1446=VECTOR('',#12242,1.);
#1447=VECTOR('',#12247,1.);
#1448=VECTOR('',#12248,1.);
#1449=VECTOR('',#12249,1.);
#1450=VECTOR('',#12254,1.);
#1451=VECTOR('',#12259,1.);
#1452=VECTOR('',#12260,1.);
#1453=VECTOR('',#12261,1.);
#1454=VECTOR('',#12266,1.);
#1455=VECTOR('',#12273,1.);
#1456=VECTOR('',#12278,1.);
#1457=VECTOR('',#12279,1.);
#1458=VECTOR('',#12280,1.);
#1459=VECTOR('',#12285,1.);
#1460=VECTOR('',#12290,1.);
#1461=VECTOR('',#12291,1.);
#1462=VECTOR('',#12292,1.);
#1463=VECTOR('',#12295,1.);
#1464=VECTOR('',#12296,1.);
#1465=VECTOR('',#12297,1.);
#1466=VECTOR('',#12302,1.);
#1467=VECTOR('',#12307,1.);
#1468=VECTOR('',#12308,1.);
#1469=VECTOR('',#12309,1.);
#1470=VECTOR('',#12314,1.);
#1471=VECTOR('',#12319,1.);
#1472=VECTOR('',#12320,1.);
#1473=VECTOR('',#12321,1.);
#1474=VECTOR('',#12326,1.);
#1475=VECTOR('',#12331,1.);
#1476=VECTOR('',#12332,1.);
#1477=VECTOR('',#12333,1.);
#1478=VECTOR('',#12338,1.);
#1479=VECTOR('',#12343,1.);
#1480=VECTOR('',#12344,1.);
#1481=VECTOR('',#12345,1.);
#1482=VECTOR('',#12348,1.);
#1483=VECTOR('',#12349,1.);
#1484=VECTOR('',#12350,1.);
#1485=VECTOR('',#12353,1.);
#1486=VECTOR('',#12354,1.);
#1487=VECTOR('',#12355,1.);
#1488=VECTOR('',#12360,1.);
#1489=VECTOR('',#12367,1.);
#1490=VECTOR('',#12374,1.);
#1491=VECTOR('',#12379,1.);
#1492=VECTOR('',#12380,1.);
#1493=VECTOR('',#12381,1.);
#1494=VECTOR('',#12386,1.);
#1495=VECTOR('',#12393,1.);
#1496=VECTOR('',#12398,1.);
#1497=VECTOR('',#12399,1.);
#1498=VECTOR('',#12400,1.);
#1499=VECTOR('',#12405,1.);
#1500=VECTOR('',#12412,1.);
#1501=VECTOR('',#12417,1.);
#1502=VECTOR('',#12418,1.);
#1503=VECTOR('',#12419,1.);
#1504=VECTOR('',#12424,1.);
#1505=VECTOR('',#12431,1.);
#1506=VECTOR('',#12436,1.);
#1507=VECTOR('',#12437,1.);
#1508=VECTOR('',#12438,1.);
#1509=VECTOR('',#12443,1.);
#1510=VECTOR('',#12450,1.);
#1511=VECTOR('',#12455,1.);
#1512=VECTOR('',#12456,1.);
#1513=VECTOR('',#12457,1.);
#1514=VECTOR('',#12462,1.);
#1515=VECTOR('',#12469,1.);
#1516=VECTOR('',#12476,1.);
#1517=VECTOR('',#12483,1.);
#1518=VECTOR('',#12486,1.);
#1519=VECTOR('',#12491,1.);
#1520=VECTOR('',#12496,1.);
#1521=VECTOR('',#12497,1.);
#1522=VECTOR('',#12498,1.);
#1523=VECTOR('',#12499,1.);
#1524=VECTOR('',#12502,1.);
#1525=VECTOR('',#12503,1.);
#1526=VECTOR('',#12504,1.);
#1527=VECTOR('',#12507,1.);
#1528=VECTOR('',#12508,1.);
#1529=VECTOR('',#12509,1.);
#1530=VECTOR('',#12514,1.);
#1531=VECTOR('',#12521,1.);
#1532=VECTOR('',#12526,1.);
#1533=VECTOR('',#12527,1.);
#1534=VECTOR('',#12528,1.);
#1535=VECTOR('',#12531,1.);
#1536=VECTOR('',#12532,1.);
#1537=VECTOR('',#12533,1.);
#1538=VECTOR('',#12536,1.);
#1539=VECTOR('',#12537,1.);
#1540=VECTOR('',#12538,1.);
#1541=VECTOR('',#12543,1.);
#1542=VECTOR('',#12550,1.);
#1543=VECTOR('',#12555,1.);
#1544=VECTOR('',#12556,1.);
#1545=VECTOR('',#12557,1.);
#1546=VECTOR('',#12562,1.);
#1547=VECTOR('',#12569,1.);
#1548=VECTOR('',#12576,1.);
#1549=VECTOR('',#12581,1.);
#1550=VECTOR('',#12582,1.);
#1551=VECTOR('',#12583,1.);
#1552=VECTOR('',#12588,1.);
#1553=VECTOR('',#12595,1.);
#1554=VECTOR('',#12600,1.);
#1555=VECTOR('',#12601,1.);
#1556=VECTOR('',#12602,1.);
#1557=VECTOR('',#12607,1.);
#1558=VECTOR('',#12612,1.);
#1559=VECTOR('',#12613,1.);
#1560=VECTOR('',#12614,1.);
#1561=VECTOR('',#12619,1.);
#1562=VECTOR('',#12624,1.);
#1563=VECTOR('',#12625,1.);
#1564=VECTOR('',#12626,1.);
#1565=VECTOR('',#12631,1.);
#1566=VECTOR('',#12636,1.);
#1567=VECTOR('',#12637,1.);
#1568=VECTOR('',#12638,1.);
#1569=VECTOR('',#12643,1.);
#1570=VECTOR('',#12650,1.);
#1571=VECTOR('',#12657,1.);
#1572=VECTOR('',#12662,1.);
#1573=VECTOR('',#12663,1.);
#1574=VECTOR('',#12664,1.);
#1575=VECTOR('',#12669,1.);
#1576=VECTOR('',#12676,1.);
#1577=VECTOR('',#12683,1.);
#1578=VECTOR('',#12688,1.);
#1579=VECTOR('',#12689,1.);
#1580=VECTOR('',#12690,1.);
#1581=VECTOR('',#12695,1.);
#1582=VECTOR('',#12702,1.);
#1583=VECTOR('',#12709,1.);
#1584=VECTOR('',#12714,1.);
#1585=VECTOR('',#12715,1.);
#1586=VECTOR('',#12716,1.);
#1587=VECTOR('',#12721,1.);
#1588=VECTOR('',#12728,1.);
#1589=VECTOR('',#12733,1.);
#1590=VECTOR('',#12736,1.);
#1591=VECTOR('',#12739,1.);
#1592=VECTOR('',#12744,1.);
#1593=VECTOR('',#12749,1.);
#1594=VECTOR('',#12754,1.);
#1595=VECTOR('',#12759,1.);
#1596=VECTOR('',#12764,1.);
#1597=VECTOR('',#12765,1.);
#1598=VECTOR('',#12768,1.);
#1599=VECTOR('',#12769,1.);
#1600=VECTOR('',#12772,1.);
#1601=VECTOR('',#12777,1.);
#1602=VECTOR('',#12778,1.);
#1603=VECTOR('',#12781,1.);
#1604=VECTOR('',#12786,1.);
#1605=VECTOR('',#12787,1.);
#1606=VECTOR('',#12790,1.);
#1607=VECTOR('',#12791,1.);
#1608=VECTOR('',#12794,1.);
#1609=VECTOR('',#12799,1.);
#1610=VECTOR('',#12800,1.);
#1611=VECTOR('',#12803,1.);
#1612=VECTOR('',#12804,1.);
#1613=VECTOR('',#12807,1.);
#1614=VECTOR('',#12812,1.);
#1615=VECTOR('',#12817,1.);
#1616=VECTOR('',#12822,1.);
#1617=VECTOR('',#12823,1.);
#1618=VECTOR('',#12826,1.);
#1619=VECTOR('',#12831,1.);
#1620=VECTOR('',#12836,1.);
#1621=VECTOR('',#12837,1.);
#1622=VECTOR('',#12840,1.);
#1623=VECTOR('',#12845,1.);
#1624=VECTOR('',#12850,1.);
#1625=VECTOR('',#12851,1.);
#1626=VECTOR('',#12854,1.);
#1627=VECTOR('',#12859,1.);
#1628=VECTOR('',#12864,1.);
#1629=VECTOR('',#12865,1.);
#1630=VECTOR('',#12868,1.);
#1631=VECTOR('',#12873,1.);
#1632=VECTOR('',#12878,1.);
#1633=VECTOR('',#12883,1.);
#1634=VECTOR('',#12884,1.);
#1635=VECTOR('',#12887,1.);
#1636=VECTOR('',#12892,1.);
#1637=VECTOR('',#12893,1.);
#1638=VECTOR('',#12896,1.);
#1639=VECTOR('',#12901,1.);
#1640=VECTOR('',#12902,1.);
#1641=VECTOR('',#12905,1.);
#1642=VECTOR('',#12910,1.);
#1643=VECTOR('',#12911,1.);
#1644=VECTOR('',#12914,1.);
#1645=VECTOR('',#12919,1.);
#1646=VECTOR('',#12920,1.);
#1647=VECTOR('',#12923,1.);
#1648=VECTOR('',#12928,1.);
#1649=VECTOR('',#12929,1.);
#1650=VECTOR('',#12932,1.);
#1651=VECTOR('',#12937,1.);
#1652=VECTOR('',#12938,1.);
#1653=VECTOR('',#12941,1.);
#1654=VECTOR('',#12942,1.);
#1655=VECTOR('',#12945,1.);
#1656=VECTOR('',#12950,1.);
#1657=VECTOR('',#12951,1.);
#1658=VECTOR('',#12954,1.);
#1659=VECTOR('',#12955,1.);
#1660=VECTOR('',#12958,1.);
#1661=VECTOR('',#12959,1.);
#1662=VECTOR('',#12962,1.);
#1663=VECTOR('',#12963,1.);
#1664=VECTOR('',#12966,1.);
#1665=VECTOR('',#12971,1.);
#1666=VECTOR('',#12976,1.);
#1667=VECTOR('',#12981,1.);
#1668=VECTOR('',#12986,1.);
#1669=VECTOR('',#12991,1.);
#1670=VECTOR('',#12996,1.);
#1671=VECTOR('',#13001,1.);
#1672=VECTOR('',#13002,1.);
#1673=VECTOR('',#13005,1.);
#1674=VECTOR('',#13006,1.);
#1675=VECTOR('',#13013,1.);
#1676=VECTOR('',#13014,1.);
#1677=VECTOR('',#13021,1.);
#1678=VECTOR('',#13024,1.);
#1679=VECTOR('',#13027,1.);
#1680=VECTOR('',#13034,1.);
#1681=VECTOR('',#13035,1.);
#1682=VECTOR('',#13038,1.);
#1683=VECTOR('',#13041,1.);
#1684=VECTOR('',#13044,1.);
#1685=VECTOR('',#13045,1.);
#1686=VECTOR('',#13046,1.);
#1687=VECTOR('',#13047,1.);
#1688=VECTOR('',#13048,1.);
#1689=VECTOR('',#13049,1.);
#1690=VECTOR('',#13050,1.);
#1691=VECTOR('',#13051,1.);
#1692=VECTOR('',#13052,1.);
#1693=VECTOR('',#13053,1.);
#1694=VECTOR('',#13054,1.);
#1695=VECTOR('',#13059,1.);
#1696=VECTOR('',#13060,1.);
#1697=VECTOR('',#13061,1.);
#1698=VECTOR('',#13062,1.);
#1699=VECTOR('',#13063,1.);
#1700=VECTOR('',#13064,1.);
#1701=VECTOR('',#13065,1.);
#1702=VECTOR('',#13066,1.);
#1703=VECTOR('',#13067,1.);
#1704=VECTOR('',#13068,1.);
#1705=VECTOR('',#13069,1.);
#1706=VECTOR('',#13070,1.);
#1707=VECTOR('',#13079,1.);
#1708=VECTOR('',#13082,1.);
#1709=VECTOR('',#13089,1.);
#1710=VECTOR('',#13090,1.);
#1711=VECTOR('',#13093,1.);
#1712=VECTOR('',#13096,1.);
#1713=VECTOR('',#13097,1.);
#1714=VECTOR('',#13098,1.);
#1715=VECTOR('',#13099,1.);
#1716=VECTOR('',#13100,1.);
#1717=VECTOR('',#13101,1.);
#1718=VECTOR('',#13104,1.);
#1719=VECTOR('',#13105,1.);
#1720=VECTOR('',#13106,1.);
#1721=VECTOR('',#13109,1.);
#1722=VECTOR('',#13110,1.);
#1723=VECTOR('',#13111,1.);
#1724=VECTOR('',#13112,1.);
#1725=VECTOR('',#13113,1.);
#1726=VECTOR('',#13114,1.);
#1727=VECTOR('',#13115,1.);
#1728=VECTOR('',#13116,1.);
#1729=VECTOR('',#13117,1.);
#1730=VECTOR('',#13118,1.);
#1731=VECTOR('',#13119,1.);
#1732=VECTOR('',#13120,1.);
#1733=VECTOR('',#13121,1.);
#1734=VECTOR('',#13122,1.);
#1735=VECTOR('',#13123,1.);
#1736=VECTOR('',#13124,1.);
#1737=VECTOR('',#13125,1.);
#1738=VECTOR('',#13128,1.);
#1739=VECTOR('',#13129,1.);
#1740=VECTOR('',#13130,1.);
#1741=VECTOR('',#13133,1.);
#1742=VECTOR('',#13136,1.);
#1743=VECTOR('',#13137,1.);
#1744=VECTOR('',#13140,1.);
#1745=VECTOR('',#13141,1.);
#1746=VECTOR('',#13142,1.);
#1747=VECTOR('',#13145,1.);
#1748=VECTOR('',#13146,1.);
#1749=VECTOR('',#13149,1.);
#1750=VECTOR('',#13150,1.);
#1751=VECTOR('',#13153,1.);
#1752=VECTOR('',#13154,1.);
#1753=VECTOR('',#13157,1.);
#1754=VECTOR('',#13158,1.);
#1755=VECTOR('',#13161,1.);
#1756=VECTOR('',#13162,1.);
#1757=VECTOR('',#13165,1.);
#1758=VECTOR('',#13170,1.);
#1759=VECTOR('',#13171,1.);
#1760=VECTOR('',#13172,1.);
#1761=VECTOR('',#13175,1.);
#1762=VECTOR('',#13176,1.);
#1763=VECTOR('',#13179,1.);
#1764=VECTOR('',#13184,1.);
#1765=VECTOR('',#13185,1.);
#1766=VECTOR('',#13188,1.);
#1767=VECTOR('',#13189,1.);
#1768=VECTOR('',#13192,1.);
#1769=VECTOR('',#13193,1.);
#1770=VECTOR('',#13196,1.);
#1771=VECTOR('',#13201,1.);
#1772=VECTOR('',#13202,1.);
#1773=VECTOR('',#13205,1.);
#1774=VECTOR('',#13206,1.);
#1775=VECTOR('',#13209,1.);
#1776=VECTOR('',#13214,1.);
#1777=VECTOR('',#13215,1.);
#1778=VECTOR('',#13216,1.);
#1779=VECTOR('',#13219,1.);
#1780=VECTOR('',#13224,1.);
#1781=VECTOR('',#13225,1.);
#1782=VECTOR('',#13228,1.);
#1783=VECTOR('',#13233,1.);
#1784=VECTOR('',#13234,1.);
#1785=VECTOR('',#13237,1.);
#1786=VECTOR('',#13242,1.);
#1787=VECTOR('',#13243,1.);
#1788=VECTOR('',#13246,1.);
#1789=VECTOR('',#13247,1.);
#1790=VECTOR('',#13250,1.);
#1791=VECTOR('',#13255,1.);
#1792=VECTOR('',#13260,1.);
#1793=VECTOR('',#13265,1.);
#1794=VECTOR('',#13266,1.);
#1795=VECTOR('',#13271,1.);
#1796=VECTOR('',#13274,1.);
#1797=VECTOR('',#13279,1.);
#1798=VECTOR('',#13286,1.);
#1799=VECTOR('',#13305,1.);
#1800=VECTOR('',#13306,1.);
#1801=VECTOR('',#13307,1.);
#1802=VECTOR('',#13310,1.);
#1803=VECTOR('',#13311,1.);
#1804=VECTOR('',#13314,1.);
#1805=VECTOR('',#13319,1.);
#1806=VECTOR('',#13324,1.);
#1807=VECTOR('',#13329,1.);
#1808=VECTOR('',#13330,1.);
#1809=VECTOR('',#13333,1.);
#1810=VECTOR('',#13334,1.);
#1811=VECTOR('',#13337,1.);
#1812=VECTOR('',#13338,1.);
#1813=VECTOR('',#13341,1.);
#1814=VECTOR('',#13342,1.);
#1815=VECTOR('',#13345,1.);
#1816=VECTOR('',#13346,1.);
#1817=VECTOR('',#13349,1.);
#1818=VECTOR('',#13350,1.);
#1819=VECTOR('',#13353,1.);
#1820=VECTOR('',#13354,1.);
#1821=VECTOR('',#13357,1.);
#1822=VECTOR('',#13358,1.);
#1823=VECTOR('',#13361,1.);
#1824=VECTOR('',#13368,1.);
#1825=VECTOR('',#13371,1.);
#1826=VECTOR('',#13374,1.);
#1827=VECTOR('',#13375,1.);
#1828=VECTOR('',#13376,1.);
#1829=VECTOR('',#13381,1.);
#1830=VECTOR('',#13386,1.);
#1831=VECTOR('',#13387,1.);
#1832=VECTOR('',#13388,1.);
#1833=VECTOR('',#13391,1.);
#1834=VECTOR('',#13392,1.);
#1835=VECTOR('',#13395,1.);
#1836=VECTOR('',#13400,1.);
#1837=VECTOR('',#13405,1.);
#1838=VECTOR('',#13406,1.);
#1839=VECTOR('',#13409,1.);
#1840=VECTOR('',#13410,1.);
#1841=VECTOR('',#13413,1.);
#1842=VECTOR('',#13424,1.);
#1843=VECTOR('',#13425,1.);
#1844=VECTOR('',#13426,1.);
#1845=VECTOR('',#13427,1.);
#1846=VECTOR('',#13430,1.);
#1847=VECTOR('',#13431,1.);
#1848=VECTOR('',#13432,1.);
#1849=VECTOR('',#13435,1.);
#1850=VECTOR('',#13436,1.);
#1851=VECTOR('',#13437,1.);
#1852=VECTOR('',#13440,1.);
#1853=VECTOR('',#13441,1.);
#1854=VECTOR('',#13444,1.);
#1855=VECTOR('',#13445,1.);
#1856=VECTOR('',#13448,1.);
#1857=VECTOR('',#13449,1.);
#1858=VECTOR('',#13452,1.);
#1859=VECTOR('',#13453,1.);
#1860=VECTOR('',#13456,1.);
#1861=VECTOR('',#13457,1.);
#1862=VECTOR('',#13460,1.);
#1863=VECTOR('',#13463,1.);
#1864=VECTOR('',#13464,1.);
#1865=VECTOR('',#13583,1.);
#1866=VECTOR('',#13608,1.);
#1867=VECTOR('',#13611,1.);
#1868=VECTOR('',#13614,1.);
#1869=VECTOR('',#13619,1.);
#1870=VECTOR('',#13624,1.);
#1871=VECTOR('',#13629,1.);
#1872=VECTOR('',#13634,1.);
#1873=VECTOR('',#13639,1.);
#1874=VECTOR('',#13644,1.);
#1875=VECTOR('',#13649,1.);
#1876=VECTOR('',#13656,1.);
#1877=VECTOR('',#13659,1.);
#1878=VECTOR('',#13664,1.);
#1879=VECTOR('',#13671,1.);
#1880=VECTOR('',#13678,1.);
#1881=VECTOR('',#13681,1.);
#1882=VECTOR('',#13686,1.);
#1883=VECTOR('',#13693,1.);
#1884=VECTOR('',#13720,1.);
#1885=VECTOR('',#13723,1.);
#1886=VECTOR('',#13726,1.);
#1887=VECTOR('',#13731,1.);
#1888=VECTOR('',#13736,1.);
#1889=VECTOR('',#13741,1.);
#1890=VECTOR('',#13752,1.);
#1891=VECTOR('',#13755,1.);
#1892=VECTOR('',#13758,1.);
#1893=VECTOR('',#13763,1.);
#1894=VECTOR('',#13774,1.);
#1895=VECTOR('',#13777,1.);
#1896=VECTOR('',#13780,1.);
#1897=VECTOR('',#13785,1.);
#1898=VECTOR('',#13790,1.);
#1899=VECTOR('',#13795,1.);
#1900=VECTOR('',#13800,1.);
#1901=VECTOR('',#13805,1.);
#1902=VECTOR('',#13810,1.);
#1903=VECTOR('',#13815,1.);
#1904=VECTOR('',#13820,1.);
#1905=VECTOR('',#13825,1.);
#1906=VECTOR('',#13832,1.);
#1907=VECTOR('',#13835,1.);
#1908=VECTOR('',#13840,1.);
#1909=VECTOR('',#13847,1.);
#1910=VECTOR('',#13866,1.);
#1911=VECTOR('',#13867,1.);
#1912=VECTOR('',#13868,1.);
#1913=VECTOR('',#13871,1.);
#1914=VECTOR('',#13876,1.);
#1915=VECTOR('',#13877,1.);
#1916=VECTOR('',#13880,1.);
#1917=VECTOR('',#13885,1.);
#1918=VECTOR('',#13886,1.);
#1919=VECTOR('',#13889,1.);
#1920=VECTOR('',#13894,1.);
#1921=VECTOR('',#13895,1.);
#1922=VECTOR('',#13898,1.);
#1923=VECTOR('',#13899,1.);
#1924=VECTOR('',#13902,1.);
#1925=VECTOR('',#13907,1.);
#1926=VECTOR('',#13912,1.);
#1927=VECTOR('',#13917,1.);
#1928=VECTOR('',#13918,1.);
#1929=VECTOR('',#13921,1.);
#1930=VECTOR('',#13926,1.);
#1931=VECTOR('',#13927,1.);
#1932=VECTOR('',#13932,1.);
#1933=VECTOR('',#13935,1.);
#1934=VECTOR('',#13940,1.);
#1935=VECTOR('',#13947,1.);
#1936=VECTOR('',#13966,1.);
#1937=VECTOR('',#13967,1.);
#1938=VECTOR('',#13968,1.);
#1939=VECTOR('',#13971,1.);
#1940=VECTOR('',#13972,1.);
#1941=VECTOR('',#13975,1.);
#1942=VECTOR('',#13980,1.);
#1943=VECTOR('',#13981,1.);
#1944=VECTOR('',#13984,1.);
#1945=VECTOR('',#13985,1.);
#1946=VECTOR('',#13988,1.);
#1947=VECTOR('',#13989,1.);
#1948=VECTOR('',#13992,1.);
#1949=VECTOR('',#13993,1.);
#1950=VECTOR('',#13996,1.);
#1951=VECTOR('',#13997,1.);
#1952=VECTOR('',#14000,1.);
#1953=VECTOR('',#14001,1.);
#1954=VECTOR('',#14004,1.);
#1955=VECTOR('',#14005,1.);
#1956=VECTOR('',#14008,1.);
#1957=VECTOR('',#14013,1.);
#1958=VECTOR('',#14014,1.);
#1959=VECTOR('',#14015,1.);
#1960=VECTOR('',#14018,1.);
#1961=VECTOR('',#14019,1.);
#1962=VECTOR('',#14022,1.);
#1963=VECTOR('',#14023,1.);
#1964=VECTOR('',#14026,1.);
#1965=VECTOR('',#14031,1.);
#1966=VECTOR('',#14032,1.);
#1967=VECTOR('',#14035,1.);
#1968=VECTOR('',#14040,1.);
#1969=VECTOR('',#14041,1.);
#1970=VECTOR('',#14044,1.);
#1971=VECTOR('',#14049,1.);
#1972=VECTOR('',#14052,1.);
#1973=VECTOR('',#14055,1.);
#1974=VECTOR('',#14060,1.);
#1975=VECTOR('',#14065,1.);
#1976=VECTOR('',#14070,1.);
#1977=VECTOR('',#14075,1.);
#1978=VECTOR('',#14080,1.);
#1979=VECTOR('',#14085,1.);
#1980=VECTOR('',#14090,1.);
#1981=VECTOR('',#14095,1.);
#1982=VECTOR('',#14100,1.);
#1983=VECTOR('',#14105,1.);
#1984=VECTOR('',#14110,1.);
#1985=VECTOR('',#14115,1.);
#1986=VECTOR('',#14122,1.);
#1987=VECTOR('',#14125,1.);
#1988=VECTOR('',#14130,1.);
#1989=VECTOR('',#14137,1.);
#1990=VECTOR('',#14144,1.);
#1991=VECTOR('',#14151,1.);
#1992=VECTOR('',#14170,1.);
#1993=VECTOR('',#14173,1.);
#1994=VECTOR('',#14176,1.);
#1995=VECTOR('',#14181,1.);
#1996=VECTOR('',#14186,1.);
#1997=VECTOR('',#14191,1.);
#1998=VECTOR('',#14196,1.);
#1999=VECTOR('',#14201,1.);
#2000=VECTOR('',#14206,1.);
#2001=VECTOR('',#14211,1.);
#2002=VECTOR('',#14222,1.);
#2003=VECTOR('',#14225,1.);
#2004=VECTOR('',#14228,1.);
#2005=VECTOR('',#14229,1.);
#2006=VECTOR('',#14232,1.);
#2007=VECTOR('',#14237,1.);
#2008=VECTOR('',#14242,1.);
#2009=VECTOR('',#14253,1.);
#2010=VECTOR('',#14256,1.);
#2011=VECTOR('',#14259,1.);
#2012=VECTOR('',#14264,1.);
#2013=VECTOR('',#14269,1.);
#2014=VECTOR('',#14274,1.);
#2015=ORIENTED_EDGE('',*,*,#4965,.T.);
#2016=ORIENTED_EDGE('',*,*,#4966,.F.);
#2017=ORIENTED_EDGE('',*,*,#4967,.F.);
#2018=ORIENTED_EDGE('',*,*,#4968,.F.);
#2019=ORIENTED_EDGE('',*,*,#4969,.F.);
#2020=ORIENTED_EDGE('',*,*,#4970,.F.);
#2021=ORIENTED_EDGE('',*,*,#4971,.F.);
#2022=ORIENTED_EDGE('',*,*,#4972,.F.);
#2023=ORIENTED_EDGE('',*,*,#4973,.F.);
#2024=ORIENTED_EDGE('',*,*,#4974,.F.);
#2025=ORIENTED_EDGE('',*,*,#4975,.F.);
#2026=ORIENTED_EDGE('',*,*,#4976,.F.);
#2027=ORIENTED_EDGE('',*,*,#4977,.F.);
#2028=ORIENTED_EDGE('',*,*,#4978,.F.);
#2029=ORIENTED_EDGE('',*,*,#4979,.F.);
#2030=ORIENTED_EDGE('',*,*,#4980,.F.);
#2031=ORIENTED_EDGE('',*,*,#4981,.T.);
#2032=ORIENTED_EDGE('',*,*,#4982,.F.);
#2033=ORIENTED_EDGE('',*,*,#4983,.F.);
#2034=ORIENTED_EDGE('',*,*,#4984,.F.);
#2035=ORIENTED_EDGE('',*,*,#4985,.F.);
#2036=ORIENTED_EDGE('',*,*,#4986,.F.);
#2037=ORIENTED_EDGE('',*,*,#4987,.F.);
#2038=ORIENTED_EDGE('',*,*,#4988,.F.);
#2039=ORIENTED_EDGE('',*,*,#4989,.F.);
#2040=ORIENTED_EDGE('',*,*,#4990,.F.);
#2041=ORIENTED_EDGE('',*,*,#4991,.F.);
#2042=ORIENTED_EDGE('',*,*,#4992,.T.);
#2043=ORIENTED_EDGE('',*,*,#4993,.F.);
#2044=ORIENTED_EDGE('',*,*,#4994,.F.);
#2045=ORIENTED_EDGE('',*,*,#4995,.F.);
#2046=ORIENTED_EDGE('',*,*,#4996,.F.);
#2047=ORIENTED_EDGE('',*,*,#4997,.F.);
#2048=ORIENTED_EDGE('',*,*,#4998,.F.);
#2049=ORIENTED_EDGE('',*,*,#4999,.F.);
#2050=ORIENTED_EDGE('',*,*,#5000,.F.);
#2051=ORIENTED_EDGE('',*,*,#5001,.T.);
#2052=ORIENTED_EDGE('',*,*,#5002,.F.);
#2053=ORIENTED_EDGE('',*,*,#5003,.F.);
#2054=ORIENTED_EDGE('',*,*,#5004,.F.);
#2055=ORIENTED_EDGE('',*,*,#5005,.F.);
#2056=ORIENTED_EDGE('',*,*,#5006,.F.);
#2057=ORIENTED_EDGE('',*,*,#5007,.F.);
#2058=ORIENTED_EDGE('',*,*,#5008,.F.);
#2059=ORIENTED_EDGE('',*,*,#5009,.T.);
#2060=ORIENTED_EDGE('',*,*,#5010,.F.);
#2061=ORIENTED_EDGE('',*,*,#5011,.T.);
#2062=ORIENTED_EDGE('',*,*,#5012,.T.);
#2063=ORIENTED_EDGE('',*,*,#5013,.T.);
#2064=ORIENTED_EDGE('',*,*,#5014,.F.);
#2065=ORIENTED_EDGE('',*,*,#5015,.F.);
#2066=ORIENTED_EDGE('',*,*,#5016,.F.);
#2067=ORIENTED_EDGE('',*,*,#5017,.T.);
#2068=ORIENTED_EDGE('',*,*,#5018,.F.);
#2069=ORIENTED_EDGE('',*,*,#5019,.F.);
#2070=ORIENTED_EDGE('',*,*,#5020,.T.);
#2071=ORIENTED_EDGE('',*,*,#5021,.F.);
#2072=ORIENTED_EDGE('',*,*,#5022,.F.);
#2073=ORIENTED_EDGE('',*,*,#5023,.T.);
#2074=ORIENTED_EDGE('',*,*,#5024,.F.);
#2075=ORIENTED_EDGE('',*,*,#5025,.F.);
#2076=ORIENTED_EDGE('',*,*,#5026,.T.);
#2077=ORIENTED_EDGE('',*,*,#5027,.F.);
#2078=ORIENTED_EDGE('',*,*,#5028,.F.);
#2079=ORIENTED_EDGE('',*,*,#5029,.F.);
#2080=ORIENTED_EDGE('',*,*,#5030,.F.);
#2081=ORIENTED_EDGE('',*,*,#5031,.F.);
#2082=ORIENTED_EDGE('',*,*,#5032,.F.);
#2083=ORIENTED_EDGE('',*,*,#5033,.F.);
#2084=ORIENTED_EDGE('',*,*,#5034,.F.);
#2085=ORIENTED_EDGE('',*,*,#5035,.F.);
#2086=ORIENTED_EDGE('',*,*,#5036,.F.);
#2087=ORIENTED_EDGE('',*,*,#5037,.T.);
#2088=ORIENTED_EDGE('',*,*,#5038,.T.);
#2089=ORIENTED_EDGE('',*,*,#5039,.F.);
#2090=ORIENTED_EDGE('',*,*,#5040,.F.);
#2091=ORIENTED_EDGE('',*,*,#5041,.T.);
#2092=ORIENTED_EDGE('',*,*,#5042,.F.);
#2093=ORIENTED_EDGE('',*,*,#5043,.F.);
#2094=ORIENTED_EDGE('',*,*,#5044,.F.);
#2095=ORIENTED_EDGE('',*,*,#5045,.F.);
#2096=ORIENTED_EDGE('',*,*,#5046,.F.);
#2097=ORIENTED_EDGE('',*,*,#5047,.F.);
#2098=ORIENTED_EDGE('',*,*,#5048,.F.);
#2099=ORIENTED_EDGE('',*,*,#5049,.F.);
#2100=ORIENTED_EDGE('',*,*,#5050,.T.);
#2101=ORIENTED_EDGE('',*,*,#5051,.T.);
#2102=ORIENTED_EDGE('',*,*,#5052,.T.);
#2103=ORIENTED_EDGE('',*,*,#5053,.F.);
#2104=ORIENTED_EDGE('',*,*,#5054,.T.);
#2105=ORIENTED_EDGE('',*,*,#5055,.F.);
#2106=ORIENTED_EDGE('',*,*,#5056,.T.);
#2107=ORIENTED_EDGE('',*,*,#5057,.F.);
#2108=ORIENTED_EDGE('',*,*,#5058,.T.);
#2109=ORIENTED_EDGE('',*,*,#5059,.F.);
#2110=ORIENTED_EDGE('',*,*,#5060,.T.);
#2111=ORIENTED_EDGE('',*,*,#5061,.F.);
#2112=ORIENTED_EDGE('',*,*,#5062,.T.);
#2113=ORIENTED_EDGE('',*,*,#5063,.F.);
#2114=ORIENTED_EDGE('',*,*,#5064,.T.);
#2115=ORIENTED_EDGE('',*,*,#5065,.F.);
#2116=ORIENTED_EDGE('',*,*,#5066,.T.);
#2117=ORIENTED_EDGE('',*,*,#5067,.T.);
#2118=ORIENTED_EDGE('',*,*,#5068,.T.);
#2119=ORIENTED_EDGE('',*,*,#5069,.T.);
#2120=ORIENTED_EDGE('',*,*,#5070,.T.);
#2121=ORIENTED_EDGE('',*,*,#5071,.T.);
#2122=ORIENTED_EDGE('',*,*,#5072,.F.);
#2123=ORIENTED_EDGE('',*,*,#5073,.T.);
#2124=ORIENTED_EDGE('',*,*,#5074,.T.);
#2125=ORIENTED_EDGE('',*,*,#5075,.F.);
#2126=ORIENTED_EDGE('',*,*,#5076,.F.);
#2127=ORIENTED_EDGE('',*,*,#5077,.T.);
#2128=ORIENTED_EDGE('',*,*,#5078,.F.);
#2129=ORIENTED_EDGE('',*,*,#5079,.T.);
#2130=ORIENTED_EDGE('',*,*,#5080,.F.);
#2131=ORIENTED_EDGE('',*,*,#5081,.T.);
#2132=ORIENTED_EDGE('',*,*,#5082,.T.);
#2133=ORIENTED_EDGE('',*,*,#5083,.T.);
#2134=ORIENTED_EDGE('',*,*,#5084,.T.);
#2135=ORIENTED_EDGE('',*,*,#5085,.T.);
#2136=ORIENTED_EDGE('',*,*,#5086,.T.);
#2137=ORIENTED_EDGE('',*,*,#5087,.T.);
#2138=ORIENTED_EDGE('',*,*,#5088,.F.);
#2139=ORIENTED_EDGE('',*,*,#5089,.T.);
#2140=ORIENTED_EDGE('',*,*,#5090,.T.);
#2141=ORIENTED_EDGE('',*,*,#5091,.F.);
#2142=ORIENTED_EDGE('',*,*,#5092,.T.);
#2143=ORIENTED_EDGE('',*,*,#5093,.T.);
#2144=ORIENTED_EDGE('',*,*,#5094,.T.);
#2145=ORIENTED_EDGE('',*,*,#5095,.T.);
#2146=ORIENTED_EDGE('',*,*,#5096,.F.);
#2147=ORIENTED_EDGE('',*,*,#5097,.T.);
#2148=ORIENTED_EDGE('',*,*,#5098,.F.);
#2149=ORIENTED_EDGE('',*,*,#5099,.T.);
#2150=ORIENTED_EDGE('',*,*,#5100,.F.);
#2151=ORIENTED_EDGE('',*,*,#5101,.T.);
#2152=ORIENTED_EDGE('',*,*,#5102,.F.);
#2153=ORIENTED_EDGE('',*,*,#5103,.F.);
#2154=ORIENTED_EDGE('',*,*,#5104,.T.);
#2155=ORIENTED_EDGE('',*,*,#5105,.F.);
#2156=ORIENTED_EDGE('',*,*,#5106,.T.);
#2157=ORIENTED_EDGE('',*,*,#5107,.T.);
#2158=ORIENTED_EDGE('',*,*,#5096,.T.);
#2159=ORIENTED_EDGE('',*,*,#5108,.T.);
#2160=ORIENTED_EDGE('',*,*,#5109,.F.);
#2161=ORIENTED_EDGE('',*,*,#5110,.T.);
#2162=ORIENTED_EDGE('',*,*,#5111,.F.);
#2163=ORIENTED_EDGE('',*,*,#5112,.F.);
#2164=ORIENTED_EDGE('',*,*,#5113,.F.);
#2165=ORIENTED_EDGE('',*,*,#5114,.F.);
#2166=ORIENTED_EDGE('',*,*,#5115,.T.);
#2167=ORIENTED_EDGE('',*,*,#5116,.F.);
#2168=ORIENTED_EDGE('',*,*,#5117,.F.);
#2169=ORIENTED_EDGE('',*,*,#5118,.T.);
#2170=ORIENTED_EDGE('',*,*,#5119,.F.);
#2171=ORIENTED_EDGE('',*,*,#5120,.F.);
#2172=ORIENTED_EDGE('',*,*,#5121,.F.);
#2173=ORIENTED_EDGE('',*,*,#5122,.T.);
#2174=ORIENTED_EDGE('',*,*,#5123,.F.);
#2175=ORIENTED_EDGE('',*,*,#5124,.F.);
#2176=ORIENTED_EDGE('',*,*,#5125,.T.);
#2177=ORIENTED_EDGE('',*,*,#5126,.F.);
#2178=ORIENTED_EDGE('',*,*,#5127,.F.);
#2179=ORIENTED_EDGE('',*,*,#5128,.F.);
#2180=ORIENTED_EDGE('',*,*,#5129,.T.);
#2181=ORIENTED_EDGE('',*,*,#5130,.F.);
#2182=ORIENTED_EDGE('',*,*,#5131,.F.);
#2183=ORIENTED_EDGE('',*,*,#5132,.T.);
#2184=ORIENTED_EDGE('',*,*,#5133,.F.);
#2185=ORIENTED_EDGE('',*,*,#5134,.F.);
#2186=ORIENTED_EDGE('',*,*,#5135,.F.);
#2187=ORIENTED_EDGE('',*,*,#5136,.T.);
#2188=ORIENTED_EDGE('',*,*,#5137,.F.);
#2189=ORIENTED_EDGE('',*,*,#5138,.F.);
#2190=ORIENTED_EDGE('',*,*,#5139,.T.);
#2191=ORIENTED_EDGE('',*,*,#5140,.F.);
#2192=ORIENTED_EDGE('',*,*,#5141,.F.);
#2193=ORIENTED_EDGE('',*,*,#5142,.T.);
#2194=ORIENTED_EDGE('',*,*,#5143,.F.);
#2195=ORIENTED_EDGE('',*,*,#5141,.T.);
#2196=ORIENTED_EDGE('',*,*,#5144,.T.);
#2197=ORIENTED_EDGE('',*,*,#5145,.F.);
#2198=ORIENTED_EDGE('',*,*,#5146,.F.);
#2199=ORIENTED_EDGE('',*,*,#5147,.T.);
#2200=ORIENTED_EDGE('',*,*,#5148,.T.);
#2201=ORIENTED_EDGE('',*,*,#5149,.F.);
#2202=ORIENTED_EDGE('',*,*,#5150,.F.);
#2203=ORIENTED_EDGE('',*,*,#5151,.F.);
#2204=ORIENTED_EDGE('',*,*,#5152,.F.);
#2205=ORIENTED_EDGE('',*,*,#5153,.T.);
#2206=ORIENTED_EDGE('',*,*,#5154,.T.);
#2207=ORIENTED_EDGE('',*,*,#5155,.F.);
#2208=ORIENTED_EDGE('',*,*,#5156,.F.);
#2209=ORIENTED_EDGE('',*,*,#5157,.T.);
#2210=ORIENTED_EDGE('',*,*,#5158,.T.);
#2211=ORIENTED_EDGE('',*,*,#5159,.F.);
#2212=ORIENTED_EDGE('',*,*,#5160,.T.);
#2213=ORIENTED_EDGE('',*,*,#5161,.T.);
#2214=ORIENTED_EDGE('',*,*,#5156,.T.);
#2215=ORIENTED_EDGE('',*,*,#5162,.F.);
#2216=ORIENTED_EDGE('',*,*,#5163,.F.);
#2217=ORIENTED_EDGE('',*,*,#5164,.T.);
#2218=ORIENTED_EDGE('',*,*,#5111,.T.);
#2219=ORIENTED_EDGE('',*,*,#5165,.F.);
#2220=ORIENTED_EDGE('',*,*,#5166,.F.);
#2221=ORIENTED_EDGE('',*,*,#5167,.T.);
#2222=ORIENTED_EDGE('',*,*,#5168,.T.);
#2223=ORIENTED_EDGE('',*,*,#5169,.F.);
#2224=ORIENTED_EDGE('',*,*,#5170,.F.);
#2225=ORIENTED_EDGE('',*,*,#5171,.T.);
#2226=ORIENTED_EDGE('',*,*,#5172,.T.);
#2227=ORIENTED_EDGE('',*,*,#5173,.F.);
#2228=ORIENTED_EDGE('',*,*,#5174,.T.);
#2229=ORIENTED_EDGE('',*,*,#5175,.T.);
#2230=ORIENTED_EDGE('',*,*,#5170,.T.);
#2231=ORIENTED_EDGE('',*,*,#5176,.T.);
#2232=ORIENTED_EDGE('',*,*,#5177,.T.);
#2233=ORIENTED_EDGE('',*,*,#5178,.F.);
#2234=ORIENTED_EDGE('',*,*,#5179,.F.);
#2235=ORIENTED_EDGE('',*,*,#5180,.T.);
#2236=ORIENTED_EDGE('',*,*,#5181,.T.);
#2237=ORIENTED_EDGE('',*,*,#5182,.F.);
#2238=ORIENTED_EDGE('',*,*,#5183,.F.);
#2239=ORIENTED_EDGE('',*,*,#5184,.F.);
#2240=ORIENTED_EDGE('',*,*,#5180,.F.);
#2241=ORIENTED_EDGE('',*,*,#5185,.T.);
#2242=ORIENTED_EDGE('',*,*,#5186,.F.);
#2243=ORIENTED_EDGE('',*,*,#5187,.F.);
#2244=ORIENTED_EDGE('',*,*,#5147,.F.);
#2245=ORIENTED_EDGE('',*,*,#5188,.T.);
#2246=ORIENTED_EDGE('',*,*,#5189,.F.);
#2247=ORIENTED_EDGE('',*,*,#5145,.T.);
#2248=ORIENTED_EDGE('',*,*,#5190,.T.);
#2249=ORIENTED_EDGE('',*,*,#5191,.T.);
#2250=ORIENTED_EDGE('',*,*,#5192,.T.);
#2251=ORIENTED_EDGE('',*,*,#5193,.F.);
#2252=ORIENTED_EDGE('',*,*,#5194,.T.);
#2253=ORIENTED_EDGE('',*,*,#5195,.F.);
#2254=ORIENTED_EDGE('',*,*,#5196,.T.);
#2255=ORIENTED_EDGE('',*,*,#5197,.F.);
#2256=ORIENTED_EDGE('',*,*,#5198,.F.);
#2257=ORIENTED_EDGE('',*,*,#5199,.T.);
#2258=ORIENTED_EDGE('',*,*,#5113,.T.);
#2259=ORIENTED_EDGE('',*,*,#5200,.F.);
#2260=ORIENTED_EDGE('',*,*,#5117,.T.);
#2261=ORIENTED_EDGE('',*,*,#5201,.F.);
#2262=ORIENTED_EDGE('',*,*,#5202,.T.);
#2263=ORIENTED_EDGE('',*,*,#5203,.T.);
#2264=ORIENTED_EDGE('',*,*,#5160,.F.);
#2265=ORIENTED_EDGE('',*,*,#5204,.F.);
#2266=ORIENTED_EDGE('',*,*,#5205,.T.);
#2267=ORIENTED_EDGE('',*,*,#5206,.T.);
#2268=ORIENTED_EDGE('',*,*,#5207,.F.);
#2269=ORIENTED_EDGE('',*,*,#5208,.T.);
#2270=ORIENTED_EDGE('',*,*,#5209,.T.);
#2271=ORIENTED_EDGE('',*,*,#5210,.T.);
#2272=ORIENTED_EDGE('',*,*,#5193,.T.);
#2273=ORIENTED_EDGE('',*,*,#5211,.T.);
#2274=ORIENTED_EDGE('',*,*,#5114,.T.);
#2275=ORIENTED_EDGE('',*,*,#5199,.F.);
#2276=ORIENTED_EDGE('',*,*,#5116,.T.);
#2277=ORIENTED_EDGE('',*,*,#5191,.F.);
#2278=ORIENTED_EDGE('',*,*,#5212,.T.);
#2279=ORIENTED_EDGE('',*,*,#5189,.T.);
#2280=ORIENTED_EDGE('',*,*,#5213,.F.);
#2281=ORIENTED_EDGE('',*,*,#5214,.F.);
#2282=ORIENTED_EDGE('',*,*,#5215,.T.);
#2283=ORIENTED_EDGE('',*,*,#5143,.T.);
#2284=ORIENTED_EDGE('',*,*,#5216,.F.);
#2285=ORIENTED_EDGE('',*,*,#5217,.T.);
#2286=ORIENTED_EDGE('',*,*,#5134,.T.);
#2287=ORIENTED_EDGE('',*,*,#5218,.F.);
#2288=ORIENTED_EDGE('',*,*,#5138,.T.);
#2289=ORIENTED_EDGE('',*,*,#5219,.F.);
#2290=ORIENTED_EDGE('',*,*,#5109,.T.);
#2291=ORIENTED_EDGE('',*,*,#5220,.T.);
#2292=ORIENTED_EDGE('',*,*,#5174,.F.);
#2293=ORIENTED_EDGE('',*,*,#5221,.F.);
#2294=ORIENTED_EDGE('',*,*,#5207,.T.);
#2295=ORIENTED_EDGE('',*,*,#5222,.T.);
#2296=ORIENTED_EDGE('',*,*,#5152,.T.);
#2297=ORIENTED_EDGE('',*,*,#5223,.F.);
#2298=ORIENTED_EDGE('',*,*,#5224,.T.);
#2299=ORIENTED_EDGE('',*,*,#5225,.T.);
#2300=ORIENTED_EDGE('',*,*,#5226,.F.);
#2301=ORIENTED_EDGE('',*,*,#5202,.F.);
#2302=ORIENTED_EDGE('',*,*,#5227,.T.);
#2303=ORIENTED_EDGE('',*,*,#5154,.F.);
#2304=ORIENTED_EDGE('',*,*,#5228,.T.);
#2305=ORIENTED_EDGE('',*,*,#5198,.T.);
#2306=ORIENTED_EDGE('',*,*,#5229,.T.);
#2307=ORIENTED_EDGE('',*,*,#5102,.T.);
#2308=ORIENTED_EDGE('',*,*,#5230,.T.);
#2309=ORIENTED_EDGE('',*,*,#5231,.F.);
#2310=ORIENTED_EDGE('',*,*,#5168,.F.);
#2311=ORIENTED_EDGE('',*,*,#5232,.T.);
#2312=ORIENTED_EDGE('',*,*,#5233,.F.);
#2313=ORIENTED_EDGE('',*,*,#5135,.T.);
#2314=ORIENTED_EDGE('',*,*,#5217,.F.);
#2315=ORIENTED_EDGE('',*,*,#5137,.T.);
#2316=ORIENTED_EDGE('',*,*,#5178,.T.);
#2317=ORIENTED_EDGE('',*,*,#5234,.T.);
#2318=ORIENTED_EDGE('',*,*,#5235,.T.);
#2319=ORIENTED_EDGE('',*,*,#5236,.T.);
#2320=ORIENTED_EDGE('',*,*,#5237,.F.);
#2321=ORIENTED_EDGE('',*,*,#5238,.T.);
#2322=ORIENTED_EDGE('',*,*,#5239,.T.);
#2323=ORIENTED_EDGE('',*,*,#5127,.T.);
#2324=ORIENTED_EDGE('',*,*,#5240,.T.);
#2325=ORIENTED_EDGE('',*,*,#5131,.T.);
#2326=ORIENTED_EDGE('',*,*,#5241,.T.);
#2327=ORIENTED_EDGE('',*,*,#5242,.T.);
#2328=ORIENTED_EDGE('',*,*,#5243,.T.);
#2329=ORIENTED_EDGE('',*,*,#5237,.T.);
#2330=ORIENTED_EDGE('',*,*,#5235,.F.);
#2331=ORIENTED_EDGE('',*,*,#5244,.T.);
#2332=ORIENTED_EDGE('',*,*,#5186,.T.);
#2333=ORIENTED_EDGE('',*,*,#5245,.F.);
#2334=ORIENTED_EDGE('',*,*,#5246,.F.);
#2335=ORIENTED_EDGE('',*,*,#5247,.T.);
#2336=ORIENTED_EDGE('',*,*,#5248,.T.);
#2337=ORIENTED_EDGE('',*,*,#5249,.F.);
#2338=ORIENTED_EDGE('',*,*,#5250,.F.);
#2339=ORIENTED_EDGE('',*,*,#5128,.T.);
#2340=ORIENTED_EDGE('',*,*,#5239,.F.);
#2341=ORIENTED_EDGE('',*,*,#5130,.T.);
#2342=ORIENTED_EDGE('',*,*,#5251,.F.);
#2343=ORIENTED_EDGE('',*,*,#5226,.T.);
#2344=ORIENTED_EDGE('',*,*,#5252,.T.);
#2345=ORIENTED_EDGE('',*,*,#5166,.T.);
#2346=ORIENTED_EDGE('',*,*,#5253,.T.);
#2347=ORIENTED_EDGE('',*,*,#5120,.T.);
#2348=ORIENTED_EDGE('',*,*,#5254,.T.);
#2349=ORIENTED_EDGE('',*,*,#5124,.T.);
#2350=ORIENTED_EDGE('',*,*,#5255,.T.);
#2351=ORIENTED_EDGE('',*,*,#5121,.T.);
#2352=ORIENTED_EDGE('',*,*,#5253,.F.);
#2353=ORIENTED_EDGE('',*,*,#5123,.T.);
#2354=ORIENTED_EDGE('',*,*,#5256,.F.);
#2355=ORIENTED_EDGE('',*,*,#5214,.T.);
#2356=ORIENTED_EDGE('',*,*,#5257,.T.);
#2357=ORIENTED_EDGE('',*,*,#5205,.F.);
#2358=ORIENTED_EDGE('',*,*,#5258,.F.);
#2359=ORIENTED_EDGE('',*,*,#5158,.F.);
#2360=ORIENTED_EDGE('',*,*,#5259,.T.);
#2361=ORIENTED_EDGE('',*,*,#5224,.F.);
#2362=ORIENTED_EDGE('',*,*,#5260,.F.);
#2363=ORIENTED_EDGE('',*,*,#5172,.F.);
#2364=ORIENTED_EDGE('',*,*,#5261,.T.);
#2365=ORIENTED_EDGE('',*,*,#5182,.T.);
#2366=ORIENTED_EDGE('',*,*,#5262,.F.);
#2367=ORIENTED_EDGE('',*,*,#5246,.T.);
#2368=ORIENTED_EDGE('',*,*,#5263,.T.);
#2369=ORIENTED_EDGE('',*,*,#5149,.T.);
#2370=ORIENTED_EDGE('',*,*,#5264,.F.);
#2371=ORIENTED_EDGE('',*,*,#5265,.T.);
#2372=ORIENTED_EDGE('',*,*,#5266,.T.);
#2373=ORIENTED_EDGE('',*,*,#5267,.F.);
#2374=ORIENTED_EDGE('',*,*,#5268,.F.);
#2375=ORIENTED_EDGE('',*,*,#5176,.F.);
#2376=ORIENTED_EDGE('',*,*,#5269,.T.);
#2377=ORIENTED_EDGE('',*,*,#5248,.F.);
#2378=ORIENTED_EDGE('',*,*,#5270,.T.);
#2379=ORIENTED_EDGE('',*,*,#5271,.F.);
#2380=ORIENTED_EDGE('',*,*,#5264,.T.);
#2381=ORIENTED_EDGE('',*,*,#5272,.T.);
#2382=ORIENTED_EDGE('',*,*,#5273,.T.);
#2383=ORIENTED_EDGE('',*,*,#5272,.F.);
#2384=ORIENTED_EDGE('',*,*,#5267,.T.);
#2385=ORIENTED_EDGE('',*,*,#5274,.T.);
#2386=ORIENTED_EDGE('',*,*,#5274,.F.);
#2387=ORIENTED_EDGE('',*,*,#5266,.F.);
#2388=ORIENTED_EDGE('',*,*,#5275,.T.);
#2389=ORIENTED_EDGE('',*,*,#5276,.F.);
#2390=ORIENTED_EDGE('',*,*,#5275,.F.);
#2391=ORIENTED_EDGE('',*,*,#5265,.F.);
#2392=ORIENTED_EDGE('',*,*,#5271,.T.);
#2393=ORIENTED_EDGE('',*,*,#5277,.F.);
#2394=ORIENTED_EDGE('',*,*,#5273,.F.);
#2395=ORIENTED_EDGE('',*,*,#5276,.T.);
#2396=ORIENTED_EDGE('',*,*,#5277,.T.);
#2397=ORIENTED_EDGE('',*,*,#5270,.F.);
#2398=ORIENTED_EDGE('',*,*,#5254,.F.);
#2399=ORIENTED_EDGE('',*,*,#5119,.T.);
#2400=ORIENTED_EDGE('',*,*,#5018,.T.);
#2401=ORIENTED_EDGE('',*,*,#5278,.T.);
#2402=ORIENTED_EDGE('',*,*,#5208,.F.);
#2403=ORIENTED_EDGE('',*,*,#5192,.F.);
#2404=ORIENTED_EDGE('',*,*,#5213,.T.);
#2405=ORIENTED_EDGE('',*,*,#5188,.F.);
#2406=ORIENTED_EDGE('',*,*,#5150,.T.);
#2407=ORIENTED_EDGE('',*,*,#5263,.F.);
#2408=ORIENTED_EDGE('',*,*,#5249,.T.);
#2409=ORIENTED_EDGE('',*,*,#5269,.F.);
#2410=ORIENTED_EDGE('',*,*,#5179,.T.);
#2411=ORIENTED_EDGE('',*,*,#5238,.F.);
#2412=ORIENTED_EDGE('',*,*,#5243,.F.);
#2413=ORIENTED_EDGE('',*,*,#5279,.T.);
#2414=ORIENTED_EDGE('',*,*,#5019,.T.);
#2415=ORIENTED_EDGE('',*,*,#5122,.F.);
#2416=ORIENTED_EDGE('',*,*,#5255,.F.);
#2417=ORIENTED_EDGE('',*,*,#5125,.F.);
#2418=ORIENTED_EDGE('',*,*,#5280,.F.);
#2419=ORIENTED_EDGE('',*,*,#5280,.T.);
#2420=ORIENTED_EDGE('',*,*,#5240,.F.);
#2421=ORIENTED_EDGE('',*,*,#5126,.T.);
#2422=ORIENTED_EDGE('',*,*,#5021,.T.);
#2423=ORIENTED_EDGE('',*,*,#5281,.T.);
#2424=ORIENTED_EDGE('',*,*,#5241,.F.);
#2425=ORIENTED_EDGE('',*,*,#5236,.F.);
#2426=ORIENTED_EDGE('',*,*,#5245,.T.);
#2427=ORIENTED_EDGE('',*,*,#5185,.F.);
#2428=ORIENTED_EDGE('',*,*,#5183,.T.);
#2429=ORIENTED_EDGE('',*,*,#5261,.F.);
#2430=ORIENTED_EDGE('',*,*,#5171,.F.);
#2431=ORIENTED_EDGE('',*,*,#5175,.F.);
#2432=ORIENTED_EDGE('',*,*,#5220,.F.);
#2433=ORIENTED_EDGE('',*,*,#5108,.F.);
#2434=ORIENTED_EDGE('',*,*,#5105,.T.);
#2435=ORIENTED_EDGE('',*,*,#5282,.T.);
#2436=ORIENTED_EDGE('',*,*,#5022,.T.);
#2437=ORIENTED_EDGE('',*,*,#5129,.F.);
#2438=ORIENTED_EDGE('',*,*,#5250,.T.);
#2439=ORIENTED_EDGE('',*,*,#5132,.F.);
#2440=ORIENTED_EDGE('',*,*,#5283,.F.);
#2441=ORIENTED_EDGE('',*,*,#5283,.T.);
#2442=ORIENTED_EDGE('',*,*,#5139,.F.);
#2443=ORIENTED_EDGE('',*,*,#5218,.T.);
#2444=ORIENTED_EDGE('',*,*,#5133,.T.);
#2445=ORIENTED_EDGE('',*,*,#5024,.T.);
#2446=ORIENTED_EDGE('',*,*,#5284,.T.);
#2447=ORIENTED_EDGE('',*,*,#5103,.T.);
#2448=ORIENTED_EDGE('',*,*,#5232,.F.);
#2449=ORIENTED_EDGE('',*,*,#5167,.F.);
#2450=ORIENTED_EDGE('',*,*,#5252,.F.);
#2451=ORIENTED_EDGE('',*,*,#5225,.F.);
#2452=ORIENTED_EDGE('',*,*,#5259,.F.);
#2453=ORIENTED_EDGE('',*,*,#5157,.F.);
#2454=ORIENTED_EDGE('',*,*,#5161,.F.);
#2455=ORIENTED_EDGE('',*,*,#5203,.F.);
#2456=ORIENTED_EDGE('',*,*,#5229,.F.);
#2457=ORIENTED_EDGE('',*,*,#5197,.T.);
#2458=ORIENTED_EDGE('',*,*,#5285,.T.);
#2459=ORIENTED_EDGE('',*,*,#5025,.T.);
#2460=ORIENTED_EDGE('',*,*,#5136,.F.);
#2461=ORIENTED_EDGE('',*,*,#5233,.T.);
#2462=ORIENTED_EDGE('',*,*,#5286,.F.);
#2463=ORIENTED_EDGE('',*,*,#5286,.T.);
#2464=ORIENTED_EDGE('',*,*,#5118,.F.);
#2465=ORIENTED_EDGE('',*,*,#5200,.T.);
#2466=ORIENTED_EDGE('',*,*,#5112,.T.);
#2467=ORIENTED_EDGE('',*,*,#5015,.T.);
#2468=ORIENTED_EDGE('',*,*,#5287,.T.);
#2469=ORIENTED_EDGE('',*,*,#5195,.T.);
#2470=ORIENTED_EDGE('',*,*,#5228,.F.);
#2471=ORIENTED_EDGE('',*,*,#5153,.F.);
#2472=ORIENTED_EDGE('',*,*,#5222,.F.);
#2473=ORIENTED_EDGE('',*,*,#5206,.F.);
#2474=ORIENTED_EDGE('',*,*,#5257,.F.);
#2475=ORIENTED_EDGE('',*,*,#5216,.T.);
#2476=ORIENTED_EDGE('',*,*,#5142,.F.);
#2477=ORIENTED_EDGE('',*,*,#5146,.T.);
#2478=ORIENTED_EDGE('',*,*,#5194,.F.);
#2479=ORIENTED_EDGE('',*,*,#5210,.F.);
#2480=ORIENTED_EDGE('',*,*,#5288,.T.);
#2481=ORIENTED_EDGE('',*,*,#5016,.T.);
#2482=ORIENTED_EDGE('',*,*,#5115,.F.);
#2483=ORIENTED_EDGE('',*,*,#5211,.F.);
#2484=ORIENTED_EDGE('',*,*,#5289,.F.);
#2485=ORIENTED_EDGE('',*,*,#5289,.T.);
#2486=ORIENTED_EDGE('',*,*,#5244,.F.);
#2487=ORIENTED_EDGE('',*,*,#5234,.F.);
#2488=ORIENTED_EDGE('',*,*,#5177,.F.);
#2489=ORIENTED_EDGE('',*,*,#5268,.T.);
#2490=ORIENTED_EDGE('',*,*,#5247,.F.);
#2491=ORIENTED_EDGE('',*,*,#5262,.T.);
#2492=ORIENTED_EDGE('',*,*,#5181,.F.);
#2493=ORIENTED_EDGE('',*,*,#5184,.T.);
#2494=ORIENTED_EDGE('',*,*,#5251,.T.);
#2495=ORIENTED_EDGE('',*,*,#5165,.T.);
#2496=ORIENTED_EDGE('',*,*,#5110,.F.);
#2497=ORIENTED_EDGE('',*,*,#5219,.T.);
#2498=ORIENTED_EDGE('',*,*,#5173,.T.);
#2499=ORIENTED_EDGE('',*,*,#5169,.T.);
#2500=ORIENTED_EDGE('',*,*,#5260,.T.);
#2501=ORIENTED_EDGE('',*,*,#5223,.T.);
#2502=ORIENTED_EDGE('',*,*,#5221,.T.);
#2503=ORIENTED_EDGE('',*,*,#5151,.T.);
#2504=ORIENTED_EDGE('',*,*,#5227,.F.);
#2505=ORIENTED_EDGE('',*,*,#5201,.T.);
#2506=ORIENTED_EDGE('',*,*,#5159,.T.);
#2507=ORIENTED_EDGE('',*,*,#5155,.T.);
#2508=ORIENTED_EDGE('',*,*,#5258,.T.);
#2509=ORIENTED_EDGE('',*,*,#5204,.T.);
#2510=ORIENTED_EDGE('',*,*,#5144,.F.);
#2511=ORIENTED_EDGE('',*,*,#5140,.T.);
#2512=ORIENTED_EDGE('',*,*,#5215,.F.);
#2513=ORIENTED_EDGE('',*,*,#5256,.T.);
#2514=ORIENTED_EDGE('',*,*,#5148,.F.);
#2515=ORIENTED_EDGE('',*,*,#5187,.T.);
#2516=ORIENTED_EDGE('',*,*,#5212,.F.);
#2517=ORIENTED_EDGE('',*,*,#5190,.F.);
#2518=ORIENTED_EDGE('',*,*,#5288,.F.);
#2519=ORIENTED_EDGE('',*,*,#5209,.F.);
#2520=ORIENTED_EDGE('',*,*,#5278,.F.);
#2521=ORIENTED_EDGE('',*,*,#5017,.F.);
#2522=ORIENTED_EDGE('',*,*,#5279,.F.);
#2523=ORIENTED_EDGE('',*,*,#5242,.F.);
#2524=ORIENTED_EDGE('',*,*,#5281,.F.);
#2525=ORIENTED_EDGE('',*,*,#5020,.F.);
#2526=ORIENTED_EDGE('',*,*,#5284,.F.);
#2527=ORIENTED_EDGE('',*,*,#5023,.F.);
#2528=ORIENTED_EDGE('',*,*,#5282,.F.);
#2529=ORIENTED_EDGE('',*,*,#5104,.F.);
#2530=ORIENTED_EDGE('',*,*,#5287,.F.);
#2531=ORIENTED_EDGE('',*,*,#5026,.F.);
#2532=ORIENTED_EDGE('',*,*,#5285,.F.);
#2533=ORIENTED_EDGE('',*,*,#5196,.F.);
#2534=ORIENTED_EDGE('',*,*,#5231,.T.);
#2535=ORIENTED_EDGE('',*,*,#5290,.T.);
#2536=ORIENTED_EDGE('',*,*,#5291,.F.);
#2537=ORIENTED_EDGE('',*,*,#5162,.T.);
#2538=ORIENTED_EDGE('',*,*,#5291,.T.);
#2539=ORIENTED_EDGE('',*,*,#5292,.T.);
#2540=ORIENTED_EDGE('',*,*,#5293,.F.);
#2541=ORIENTED_EDGE('',*,*,#5163,.T.);
#2542=ORIENTED_EDGE('',*,*,#5293,.T.);
#2543=ORIENTED_EDGE('',*,*,#5294,.T.);
#2544=ORIENTED_EDGE('',*,*,#5106,.F.);
#2545=ORIENTED_EDGE('',*,*,#5164,.F.);
#2546=ORIENTED_EDGE('',*,*,#5230,.F.);
#2547=ORIENTED_EDGE('',*,*,#5101,.F.);
#2548=ORIENTED_EDGE('',*,*,#5295,.F.);
#2549=ORIENTED_EDGE('',*,*,#5290,.F.);
#2550=ORIENTED_EDGE('',*,*,#5295,.T.);
#2551=ORIENTED_EDGE('',*,*,#5100,.T.);
#2552=ORIENTED_EDGE('',*,*,#5296,.F.);
#2553=ORIENTED_EDGE('',*,*,#5296,.T.);
#2554=ORIENTED_EDGE('',*,*,#5099,.F.);
#2555=ORIENTED_EDGE('',*,*,#5297,.F.);
#2556=ORIENTED_EDGE('',*,*,#5292,.F.);
#2557=ORIENTED_EDGE('',*,*,#5297,.T.);
#2558=ORIENTED_EDGE('',*,*,#5098,.T.);
#2559=ORIENTED_EDGE('',*,*,#5298,.F.);
#2560=ORIENTED_EDGE('',*,*,#5107,.F.);
#2561=ORIENTED_EDGE('',*,*,#5294,.F.);
#2562=ORIENTED_EDGE('',*,*,#5298,.T.);
#2563=ORIENTED_EDGE('',*,*,#5097,.F.);
#2564=ORIENTED_EDGE('',*,*,#5003,.T.);
#2565=ORIENTED_EDGE('',*,*,#5299,.F.);
#2566=ORIENTED_EDGE('',*,*,#5300,.F.);
#2567=ORIENTED_EDGE('',*,*,#5301,.T.);
#2568=ORIENTED_EDGE('',*,*,#5002,.T.);
#2569=ORIENTED_EDGE('',*,*,#5302,.F.);
#2570=ORIENTED_EDGE('',*,*,#5303,.F.);
#2571=ORIENTED_EDGE('',*,*,#5299,.T.);
#2572=ORIENTED_EDGE('',*,*,#5014,.T.);
#2573=ORIENTED_EDGE('',*,*,#5304,.F.);
#2574=ORIENTED_EDGE('',*,*,#5305,.F.);
#2575=ORIENTED_EDGE('',*,*,#5302,.T.);
#2576=ORIENTED_EDGE('',*,*,#5013,.F.);
#2577=ORIENTED_EDGE('',*,*,#5306,.F.);
#2578=ORIENTED_EDGE('',*,*,#5307,.T.);
#2579=ORIENTED_EDGE('',*,*,#5304,.T.);
#2580=ORIENTED_EDGE('',*,*,#5012,.F.);
#2581=ORIENTED_EDGE('',*,*,#5308,.F.);
#2582=ORIENTED_EDGE('',*,*,#5309,.T.);
#2583=ORIENTED_EDGE('',*,*,#5306,.T.);
#2584=ORIENTED_EDGE('',*,*,#5011,.F.);
#2585=ORIENTED_EDGE('',*,*,#5310,.F.);
#2586=ORIENTED_EDGE('',*,*,#5311,.T.);
#2587=ORIENTED_EDGE('',*,*,#5308,.T.);
#2588=ORIENTED_EDGE('',*,*,#5010,.T.);
#2589=ORIENTED_EDGE('',*,*,#5312,.F.);
#2590=ORIENTED_EDGE('',*,*,#5313,.F.);
#2591=ORIENTED_EDGE('',*,*,#5310,.T.);
#2592=ORIENTED_EDGE('',*,*,#5009,.F.);
#2593=ORIENTED_EDGE('',*,*,#5314,.F.);
#2594=ORIENTED_EDGE('',*,*,#5315,.T.);
#2595=ORIENTED_EDGE('',*,*,#5312,.T.);
#2596=ORIENTED_EDGE('',*,*,#5008,.T.);
#2597=ORIENTED_EDGE('',*,*,#5316,.F.);
#2598=ORIENTED_EDGE('',*,*,#5317,.F.);
#2599=ORIENTED_EDGE('',*,*,#5314,.T.);
#2600=ORIENTED_EDGE('',*,*,#5007,.T.);
#2601=ORIENTED_EDGE('',*,*,#5318,.F.);
#2602=ORIENTED_EDGE('',*,*,#5319,.F.);
#2603=ORIENTED_EDGE('',*,*,#5316,.T.);
#2604=ORIENTED_EDGE('',*,*,#5006,.T.);
#2605=ORIENTED_EDGE('',*,*,#5320,.F.);
#2606=ORIENTED_EDGE('',*,*,#5321,.F.);
#2607=ORIENTED_EDGE('',*,*,#5318,.T.);
#2608=ORIENTED_EDGE('',*,*,#5005,.T.);
#2609=ORIENTED_EDGE('',*,*,#5322,.F.);
#2610=ORIENTED_EDGE('',*,*,#5323,.F.);
#2611=ORIENTED_EDGE('',*,*,#5320,.T.);
#2612=ORIENTED_EDGE('',*,*,#5004,.T.);
#2613=ORIENTED_EDGE('',*,*,#5301,.F.);
#2614=ORIENTED_EDGE('',*,*,#5324,.F.);
#2615=ORIENTED_EDGE('',*,*,#5322,.T.);
#2616=ORIENTED_EDGE('',*,*,#5300,.T.);
#2617=ORIENTED_EDGE('',*,*,#5303,.T.);
#2618=ORIENTED_EDGE('',*,*,#5305,.T.);
#2619=ORIENTED_EDGE('',*,*,#5307,.F.);
#2620=ORIENTED_EDGE('',*,*,#5309,.F.);
#2621=ORIENTED_EDGE('',*,*,#5311,.F.);
#2622=ORIENTED_EDGE('',*,*,#5313,.T.);
#2623=ORIENTED_EDGE('',*,*,#5315,.F.);
#2624=ORIENTED_EDGE('',*,*,#5317,.T.);
#2625=ORIENTED_EDGE('',*,*,#5319,.T.);
#2626=ORIENTED_EDGE('',*,*,#5321,.T.);
#2627=ORIENTED_EDGE('',*,*,#5323,.T.);
#2628=ORIENTED_EDGE('',*,*,#5324,.T.);
#2629=ORIENTED_EDGE('',*,*,#4984,.T.);
#2630=ORIENTED_EDGE('',*,*,#5325,.F.);
#2631=ORIENTED_EDGE('',*,*,#5326,.F.);
#2632=ORIENTED_EDGE('',*,*,#5327,.T.);
#2633=ORIENTED_EDGE('',*,*,#4983,.T.);
#2634=ORIENTED_EDGE('',*,*,#5328,.F.);
#2635=ORIENTED_EDGE('',*,*,#5329,.F.);
#2636=ORIENTED_EDGE('',*,*,#5325,.T.);
#2637=ORIENTED_EDGE('',*,*,#5001,.F.);
#2638=ORIENTED_EDGE('',*,*,#5330,.F.);
#2639=ORIENTED_EDGE('',*,*,#5331,.T.);
#2640=ORIENTED_EDGE('',*,*,#5328,.T.);
#2641=ORIENTED_EDGE('',*,*,#5000,.T.);
#2642=ORIENTED_EDGE('',*,*,#5332,.F.);
#2643=ORIENTED_EDGE('',*,*,#5333,.F.);
#2644=ORIENTED_EDGE('',*,*,#5330,.T.);
#2645=ORIENTED_EDGE('',*,*,#4999,.T.);
#2646=ORIENTED_EDGE('',*,*,#5334,.F.);
#2647=ORIENTED_EDGE('',*,*,#5335,.F.);
#2648=ORIENTED_EDGE('',*,*,#5332,.T.);
#2649=ORIENTED_EDGE('',*,*,#4998,.T.);
#2650=ORIENTED_EDGE('',*,*,#5336,.F.);
#2651=ORIENTED_EDGE('',*,*,#5337,.F.);
#2652=ORIENTED_EDGE('',*,*,#5334,.T.);
#2653=ORIENTED_EDGE('',*,*,#4997,.T.);
#2654=ORIENTED_EDGE('',*,*,#5338,.F.);
#2655=ORIENTED_EDGE('',*,*,#5339,.F.);
#2656=ORIENTED_EDGE('',*,*,#5336,.T.);
#2657=ORIENTED_EDGE('',*,*,#4996,.T.);
#2658=ORIENTED_EDGE('',*,*,#5340,.F.);
#2659=ORIENTED_EDGE('',*,*,#5341,.F.);
#2660=ORIENTED_EDGE('',*,*,#5338,.T.);
#2661=ORIENTED_EDGE('',*,*,#4995,.T.);
#2662=ORIENTED_EDGE('',*,*,#5342,.F.);
#2663=ORIENTED_EDGE('',*,*,#5343,.F.);
#2664=ORIENTED_EDGE('',*,*,#5340,.T.);
#2665=ORIENTED_EDGE('',*,*,#4994,.T.);
#2666=ORIENTED_EDGE('',*,*,#5344,.F.);
#2667=ORIENTED_EDGE('',*,*,#5345,.F.);
#2668=ORIENTED_EDGE('',*,*,#5342,.T.);
#2669=ORIENTED_EDGE('',*,*,#4993,.T.);
#2670=ORIENTED_EDGE('',*,*,#5346,.F.);
#2671=ORIENTED_EDGE('',*,*,#5347,.F.);
#2672=ORIENTED_EDGE('',*,*,#5344,.T.);
#2673=ORIENTED_EDGE('',*,*,#4992,.F.);
#2674=ORIENTED_EDGE('',*,*,#5348,.F.);
#2675=ORIENTED_EDGE('',*,*,#5349,.T.);
#2676=ORIENTED_EDGE('',*,*,#5346,.T.);
#2677=ORIENTED_EDGE('',*,*,#4991,.T.);
#2678=ORIENTED_EDGE('',*,*,#5350,.F.);
#2679=ORIENTED_EDGE('',*,*,#5351,.F.);
#2680=ORIENTED_EDGE('',*,*,#5348,.T.);
#2681=ORIENTED_EDGE('',*,*,#4990,.T.);
#2682=ORIENTED_EDGE('',*,*,#5352,.F.);
#2683=ORIENTED_EDGE('',*,*,#5353,.F.);
#2684=ORIENTED_EDGE('',*,*,#5350,.T.);
#2685=ORIENTED_EDGE('',*,*,#4989,.T.);
#2686=ORIENTED_EDGE('',*,*,#5354,.F.);
#2687=ORIENTED_EDGE('',*,*,#5355,.F.);
#2688=ORIENTED_EDGE('',*,*,#5352,.T.);
#2689=ORIENTED_EDGE('',*,*,#4988,.T.);
#2690=ORIENTED_EDGE('',*,*,#5356,.F.);
#2691=ORIENTED_EDGE('',*,*,#5357,.F.);
#2692=ORIENTED_EDGE('',*,*,#5354,.T.);
#2693=ORIENTED_EDGE('',*,*,#4987,.T.);
#2694=ORIENTED_EDGE('',*,*,#5358,.F.);
#2695=ORIENTED_EDGE('',*,*,#5359,.F.);
#2696=ORIENTED_EDGE('',*,*,#5356,.T.);
#2697=ORIENTED_EDGE('',*,*,#4986,.T.);
#2698=ORIENTED_EDGE('',*,*,#5360,.F.);
#2699=ORIENTED_EDGE('',*,*,#5361,.F.);
#2700=ORIENTED_EDGE('',*,*,#5358,.T.);
#2701=ORIENTED_EDGE('',*,*,#5362,.F.);
#2702=ORIENTED_EDGE('',*,*,#5363,.F.);
#2703=ORIENTED_EDGE('',*,*,#5364,.T.);
#2704=ORIENTED_EDGE('',*,*,#5365,.T.);
#2705=ORIENTED_EDGE('',*,*,#5366,.F.);
#2706=ORIENTED_EDGE('',*,*,#5367,.F.);
#2707=ORIENTED_EDGE('',*,*,#5368,.T.);
#2708=ORIENTED_EDGE('',*,*,#5363,.T.);
#2709=ORIENTED_EDGE('',*,*,#5369,.F.);
#2710=ORIENTED_EDGE('',*,*,#5370,.F.);
#2711=ORIENTED_EDGE('',*,*,#5371,.T.);
#2712=ORIENTED_EDGE('',*,*,#5372,.T.);
#2713=ORIENTED_EDGE('',*,*,#5373,.F.);
#2714=ORIENTED_EDGE('',*,*,#5365,.F.);
#2715=ORIENTED_EDGE('',*,*,#5374,.T.);
#2716=ORIENTED_EDGE('',*,*,#5367,.T.);
#2717=ORIENTED_EDGE('',*,*,#5375,.F.);
#2718=ORIENTED_EDGE('',*,*,#5372,.F.);
#2719=ORIENTED_EDGE('',*,*,#5376,.T.);
#2720=ORIENTED_EDGE('',*,*,#5370,.T.);
#2721=ORIENTED_EDGE('',*,*,#4985,.T.);
#2722=ORIENTED_EDGE('',*,*,#5327,.F.);
#2723=ORIENTED_EDGE('',*,*,#5377,.F.);
#2724=ORIENTED_EDGE('',*,*,#5360,.T.);
#2725=ORIENTED_EDGE('',*,*,#5371,.F.);
#2726=ORIENTED_EDGE('',*,*,#5376,.F.);
#2727=ORIENTED_EDGE('',*,*,#5364,.F.);
#2728=ORIENTED_EDGE('',*,*,#5368,.F.);
#2729=ORIENTED_EDGE('',*,*,#5374,.F.);
#2730=ORIENTED_EDGE('',*,*,#5326,.T.);
#2731=ORIENTED_EDGE('',*,*,#5329,.T.);
#2732=ORIENTED_EDGE('',*,*,#5331,.F.);
#2733=ORIENTED_EDGE('',*,*,#5333,.T.);
#2734=ORIENTED_EDGE('',*,*,#5335,.T.);
#2735=ORIENTED_EDGE('',*,*,#5337,.T.);
#2736=ORIENTED_EDGE('',*,*,#5339,.T.);
#2737=ORIENTED_EDGE('',*,*,#5341,.T.);
#2738=ORIENTED_EDGE('',*,*,#5343,.T.);
#2739=ORIENTED_EDGE('',*,*,#5345,.T.);
#2740=ORIENTED_EDGE('',*,*,#5347,.T.);
#2741=ORIENTED_EDGE('',*,*,#5349,.F.);
#2742=ORIENTED_EDGE('',*,*,#5351,.T.);
#2743=ORIENTED_EDGE('',*,*,#5353,.T.);
#2744=ORIENTED_EDGE('',*,*,#5355,.T.);
#2745=ORIENTED_EDGE('',*,*,#5357,.T.);
#2746=ORIENTED_EDGE('',*,*,#5359,.T.);
#2747=ORIENTED_EDGE('',*,*,#5361,.T.);
#2748=ORIENTED_EDGE('',*,*,#5377,.T.);
#2749=ORIENTED_EDGE('',*,*,#5369,.T.);
#2750=ORIENTED_EDGE('',*,*,#5375,.T.);
#2751=ORIENTED_EDGE('',*,*,#5362,.T.);
#2752=ORIENTED_EDGE('',*,*,#5373,.T.);
#2753=ORIENTED_EDGE('',*,*,#5366,.T.);
#2754=ORIENTED_EDGE('',*,*,#4975,.T.);
#2755=ORIENTED_EDGE('',*,*,#5378,.F.);
#2756=ORIENTED_EDGE('',*,*,#5379,.F.);
#2757=ORIENTED_EDGE('',*,*,#5380,.T.);
#2758=ORIENTED_EDGE('',*,*,#4974,.T.);
#2759=ORIENTED_EDGE('',*,*,#5381,.F.);
#2760=ORIENTED_EDGE('',*,*,#5382,.F.);
#2761=ORIENTED_EDGE('',*,*,#5378,.T.);
#2762=ORIENTED_EDGE('',*,*,#4982,.T.);
#2763=ORIENTED_EDGE('',*,*,#5383,.F.);
#2764=ORIENTED_EDGE('',*,*,#5384,.F.);
#2765=ORIENTED_EDGE('',*,*,#5381,.T.);
#2766=ORIENTED_EDGE('',*,*,#4981,.F.);
#2767=ORIENTED_EDGE('',*,*,#5385,.F.);
#2768=ORIENTED_EDGE('',*,*,#5386,.T.);
#2769=ORIENTED_EDGE('',*,*,#5383,.T.);
#2770=ORIENTED_EDGE('',*,*,#4980,.T.);
#2771=ORIENTED_EDGE('',*,*,#5387,.F.);
#2772=ORIENTED_EDGE('',*,*,#5388,.F.);
#2773=ORIENTED_EDGE('',*,*,#5385,.T.);
#2774=ORIENTED_EDGE('',*,*,#4979,.T.);
#2775=ORIENTED_EDGE('',*,*,#5389,.F.);
#2776=ORIENTED_EDGE('',*,*,#5390,.F.);
#2777=ORIENTED_EDGE('',*,*,#5387,.T.);
#2778=ORIENTED_EDGE('',*,*,#4978,.T.);
#2779=ORIENTED_EDGE('',*,*,#5391,.F.);
#2780=ORIENTED_EDGE('',*,*,#5392,.F.);
#2781=ORIENTED_EDGE('',*,*,#5389,.T.);
#2782=ORIENTED_EDGE('',*,*,#4977,.T.);
#2783=ORIENTED_EDGE('',*,*,#5393,.F.);
#2784=ORIENTED_EDGE('',*,*,#5394,.F.);
#2785=ORIENTED_EDGE('',*,*,#5391,.T.);
#2786=ORIENTED_EDGE('',*,*,#4976,.T.);
#2787=ORIENTED_EDGE('',*,*,#5380,.F.);
#2788=ORIENTED_EDGE('',*,*,#5395,.F.);
#2789=ORIENTED_EDGE('',*,*,#5393,.T.);
#2790=ORIENTED_EDGE('',*,*,#5379,.T.);
#2791=ORIENTED_EDGE('',*,*,#5382,.T.);
#2792=ORIENTED_EDGE('',*,*,#5384,.T.);
#2793=ORIENTED_EDGE('',*,*,#5386,.F.);
#2794=ORIENTED_EDGE('',*,*,#5388,.T.);
#2795=ORIENTED_EDGE('',*,*,#5390,.T.);
#2796=ORIENTED_EDGE('',*,*,#5392,.T.);
#2797=ORIENTED_EDGE('',*,*,#5394,.T.);
#2798=ORIENTED_EDGE('',*,*,#5395,.T.);
#2799=ORIENTED_EDGE('',*,*,#4965,.F.);
#2800=ORIENTED_EDGE('',*,*,#5396,.F.);
#2801=ORIENTED_EDGE('',*,*,#5397,.T.);
#2802=ORIENTED_EDGE('',*,*,#5398,.T.);
#2803=ORIENTED_EDGE('',*,*,#4973,.T.);
#2804=ORIENTED_EDGE('',*,*,#5399,.F.);
#2805=ORIENTED_EDGE('',*,*,#5400,.F.);
#2806=ORIENTED_EDGE('',*,*,#5396,.T.);
#2807=ORIENTED_EDGE('',*,*,#4972,.T.);
#2808=ORIENTED_EDGE('',*,*,#5401,.F.);
#2809=ORIENTED_EDGE('',*,*,#5402,.F.);
#2810=ORIENTED_EDGE('',*,*,#5399,.T.);
#2811=ORIENTED_EDGE('',*,*,#4971,.T.);
#2812=ORIENTED_EDGE('',*,*,#5403,.F.);
#2813=ORIENTED_EDGE('',*,*,#5404,.F.);
#2814=ORIENTED_EDGE('',*,*,#5401,.T.);
#2815=ORIENTED_EDGE('',*,*,#4970,.T.);
#2816=ORIENTED_EDGE('',*,*,#5405,.F.);
#2817=ORIENTED_EDGE('',*,*,#5406,.F.);
#2818=ORIENTED_EDGE('',*,*,#5403,.T.);
#2819=ORIENTED_EDGE('',*,*,#4969,.T.);
#2820=ORIENTED_EDGE('',*,*,#5407,.F.);
#2821=ORIENTED_EDGE('',*,*,#5408,.F.);
#2822=ORIENTED_EDGE('',*,*,#5405,.T.);
#2823=ORIENTED_EDGE('',*,*,#4968,.T.);
#2824=ORIENTED_EDGE('',*,*,#5409,.F.);
#2825=ORIENTED_EDGE('',*,*,#5410,.F.);
#2826=ORIENTED_EDGE('',*,*,#5407,.T.);
#2827=ORIENTED_EDGE('',*,*,#4967,.T.);
#2828=ORIENTED_EDGE('',*,*,#5411,.F.);
#2829=ORIENTED_EDGE('',*,*,#5412,.F.);
#2830=ORIENTED_EDGE('',*,*,#5409,.T.);
#2831=ORIENTED_EDGE('',*,*,#5413,.F.);
#2832=ORIENTED_EDGE('',*,*,#5414,.F.);
#2833=ORIENTED_EDGE('',*,*,#5415,.T.);
#2834=ORIENTED_EDGE('',*,*,#5416,.T.);
#2835=ORIENTED_EDGE('',*,*,#5417,.F.);
#2836=ORIENTED_EDGE('',*,*,#5418,.F.);
#2837=ORIENTED_EDGE('',*,*,#5419,.T.);
#2838=ORIENTED_EDGE('',*,*,#5414,.T.);
#2839=ORIENTED_EDGE('',*,*,#5420,.F.);
#2840=ORIENTED_EDGE('',*,*,#5421,.F.);
#2841=ORIENTED_EDGE('',*,*,#5422,.T.);
#2842=ORIENTED_EDGE('',*,*,#5418,.T.);
#2843=ORIENTED_EDGE('',*,*,#5423,.F.);
#2844=ORIENTED_EDGE('',*,*,#5416,.F.);
#2845=ORIENTED_EDGE('',*,*,#5424,.T.);
#2846=ORIENTED_EDGE('',*,*,#5421,.T.);
#2847=ORIENTED_EDGE('',*,*,#4966,.T.);
#2848=ORIENTED_EDGE('',*,*,#5398,.F.);
#2849=ORIENTED_EDGE('',*,*,#5425,.F.);
#2850=ORIENTED_EDGE('',*,*,#5411,.T.);
#2851=ORIENTED_EDGE('',*,*,#5415,.F.);
#2852=ORIENTED_EDGE('',*,*,#5419,.F.);
#2853=ORIENTED_EDGE('',*,*,#5422,.F.);
#2854=ORIENTED_EDGE('',*,*,#5424,.F.);
#2855=ORIENTED_EDGE('',*,*,#5397,.F.);
#2856=ORIENTED_EDGE('',*,*,#5400,.T.);
#2857=ORIENTED_EDGE('',*,*,#5402,.T.);
#2858=ORIENTED_EDGE('',*,*,#5404,.T.);
#2859=ORIENTED_EDGE('',*,*,#5406,.T.);
#2860=ORIENTED_EDGE('',*,*,#5408,.T.);
#2861=ORIENTED_EDGE('',*,*,#5410,.T.);
#2862=ORIENTED_EDGE('',*,*,#5412,.T.);
#2863=ORIENTED_EDGE('',*,*,#5425,.T.);
#2864=ORIENTED_EDGE('',*,*,#5413,.T.);
#2865=ORIENTED_EDGE('',*,*,#5423,.T.);
#2866=ORIENTED_EDGE('',*,*,#5420,.T.);
#2867=ORIENTED_EDGE('',*,*,#5417,.T.);
#2868=ORIENTED_EDGE('',*,*,#5028,.T.);
#2869=ORIENTED_EDGE('',*,*,#5426,.F.);
#2870=ORIENTED_EDGE('',*,*,#5427,.F.);
#2871=ORIENTED_EDGE('',*,*,#5428,.T.);
#2872=ORIENTED_EDGE('',*,*,#5027,.T.);
#2873=ORIENTED_EDGE('',*,*,#5429,.F.);
#2874=ORIENTED_EDGE('',*,*,#5430,.F.);
#2875=ORIENTED_EDGE('',*,*,#5426,.T.);
#2876=ORIENTED_EDGE('',*,*,#5036,.T.);
#2877=ORIENTED_EDGE('',*,*,#5431,.F.);
#2878=ORIENTED_EDGE('',*,*,#5432,.F.);
#2879=ORIENTED_EDGE('',*,*,#5429,.T.);
#2880=ORIENTED_EDGE('',*,*,#5035,.T.);
#2881=ORIENTED_EDGE('',*,*,#5433,.F.);
#2882=ORIENTED_EDGE('',*,*,#5434,.F.);
#2883=ORIENTED_EDGE('',*,*,#5431,.T.);
#2884=ORIENTED_EDGE('',*,*,#5034,.T.);
#2885=ORIENTED_EDGE('',*,*,#5435,.F.);
#2886=ORIENTED_EDGE('',*,*,#5436,.F.);
#2887=ORIENTED_EDGE('',*,*,#5433,.T.);
#2888=ORIENTED_EDGE('',*,*,#5033,.T.);
#2889=ORIENTED_EDGE('',*,*,#5437,.F.);
#2890=ORIENTED_EDGE('',*,*,#5438,.F.);
#2891=ORIENTED_EDGE('',*,*,#5435,.T.);
#2892=ORIENTED_EDGE('',*,*,#5032,.T.);
#2893=ORIENTED_EDGE('',*,*,#5439,.F.);
#2894=ORIENTED_EDGE('',*,*,#5440,.F.);
#2895=ORIENTED_EDGE('',*,*,#5437,.T.);
#2896=ORIENTED_EDGE('',*,*,#5031,.T.);
#2897=ORIENTED_EDGE('',*,*,#5441,.F.);
#2898=ORIENTED_EDGE('',*,*,#5442,.F.);
#2899=ORIENTED_EDGE('',*,*,#5439,.T.);
#2900=ORIENTED_EDGE('',*,*,#5030,.T.);
#2901=ORIENTED_EDGE('',*,*,#5443,.F.);
#2902=ORIENTED_EDGE('',*,*,#5444,.F.);
#2903=ORIENTED_EDGE('',*,*,#5441,.T.);
#2904=ORIENTED_EDGE('',*,*,#5445,.F.);
#2905=ORIENTED_EDGE('',*,*,#5446,.F.);
#2906=ORIENTED_EDGE('',*,*,#5447,.T.);
#2907=ORIENTED_EDGE('',*,*,#5448,.T.);
#2908=ORIENTED_EDGE('',*,*,#5449,.F.);
#2909=ORIENTED_EDGE('',*,*,#5450,.F.);
#2910=ORIENTED_EDGE('',*,*,#5451,.T.);
#2911=ORIENTED_EDGE('',*,*,#5446,.T.);
#2912=ORIENTED_EDGE('',*,*,#5452,.F.);
#2913=ORIENTED_EDGE('',*,*,#5453,.F.);
#2914=ORIENTED_EDGE('',*,*,#5454,.T.);
#2915=ORIENTED_EDGE('',*,*,#5450,.T.);
#2916=ORIENTED_EDGE('',*,*,#5455,.F.);
#2917=ORIENTED_EDGE('',*,*,#5448,.F.);
#2918=ORIENTED_EDGE('',*,*,#5456,.T.);
#2919=ORIENTED_EDGE('',*,*,#5453,.T.);
#2920=ORIENTED_EDGE('',*,*,#5029,.T.);
#2921=ORIENTED_EDGE('',*,*,#5428,.F.);
#2922=ORIENTED_EDGE('',*,*,#5457,.F.);
#2923=ORIENTED_EDGE('',*,*,#5443,.T.);
#2924=ORIENTED_EDGE('',*,*,#5447,.F.);
#2925=ORIENTED_EDGE('',*,*,#5451,.F.);
#2926=ORIENTED_EDGE('',*,*,#5454,.F.);
#2927=ORIENTED_EDGE('',*,*,#5456,.F.);
#2928=ORIENTED_EDGE('',*,*,#5427,.T.);
#2929=ORIENTED_EDGE('',*,*,#5430,.T.);
#2930=ORIENTED_EDGE('',*,*,#5432,.T.);
#2931=ORIENTED_EDGE('',*,*,#5434,.T.);
#2932=ORIENTED_EDGE('',*,*,#5436,.T.);
#2933=ORIENTED_EDGE('',*,*,#5438,.T.);
#2934=ORIENTED_EDGE('',*,*,#5440,.T.);
#2935=ORIENTED_EDGE('',*,*,#5442,.T.);
#2936=ORIENTED_EDGE('',*,*,#5444,.T.);
#2937=ORIENTED_EDGE('',*,*,#5457,.T.);
#2938=ORIENTED_EDGE('',*,*,#5445,.T.);
#2939=ORIENTED_EDGE('',*,*,#5455,.T.);
#2940=ORIENTED_EDGE('',*,*,#5452,.T.);
#2941=ORIENTED_EDGE('',*,*,#5449,.T.);
#2942=ORIENTED_EDGE('',*,*,#5458,.F.);
#2943=ORIENTED_EDGE('',*,*,#5459,.F.);
#2944=ORIENTED_EDGE('',*,*,#5460,.T.);
#2945=ORIENTED_EDGE('',*,*,#5461,.T.);
#2946=ORIENTED_EDGE('',*,*,#5462,.F.);
#2947=ORIENTED_EDGE('',*,*,#5463,.F.);
#2948=ORIENTED_EDGE('',*,*,#5464,.T.);
#2949=ORIENTED_EDGE('',*,*,#5459,.T.);
#2950=ORIENTED_EDGE('',*,*,#5465,.F.);
#2951=ORIENTED_EDGE('',*,*,#5466,.F.);
#2952=ORIENTED_EDGE('',*,*,#5467,.T.);
#2953=ORIENTED_EDGE('',*,*,#5463,.T.);
#2954=ORIENTED_EDGE('',*,*,#5468,.F.);
#2955=ORIENTED_EDGE('',*,*,#5469,.F.);
#2956=ORIENTED_EDGE('',*,*,#5470,.T.);
#2957=ORIENTED_EDGE('',*,*,#5466,.T.);
#2958=ORIENTED_EDGE('',*,*,#5471,.F.);
#2959=ORIENTED_EDGE('',*,*,#5472,.F.);
#2960=ORIENTED_EDGE('',*,*,#5473,.T.);
#2961=ORIENTED_EDGE('',*,*,#5469,.T.);
#2962=ORIENTED_EDGE('',*,*,#5474,.F.);
#2963=ORIENTED_EDGE('',*,*,#5475,.F.);
#2964=ORIENTED_EDGE('',*,*,#5476,.T.);
#2965=ORIENTED_EDGE('',*,*,#5472,.T.);
#2966=ORIENTED_EDGE('',*,*,#5477,.F.);
#2967=ORIENTED_EDGE('',*,*,#5478,.F.);
#2968=ORIENTED_EDGE('',*,*,#5479,.T.);
#2969=ORIENTED_EDGE('',*,*,#5475,.T.);
#2970=ORIENTED_EDGE('',*,*,#5480,.F.);
#2971=ORIENTED_EDGE('',*,*,#5481,.F.);
#2972=ORIENTED_EDGE('',*,*,#5482,.T.);
#2973=ORIENTED_EDGE('',*,*,#5478,.T.);
#2974=ORIENTED_EDGE('',*,*,#5483,.F.);
#2975=ORIENTED_EDGE('',*,*,#5484,.F.);
#2976=ORIENTED_EDGE('',*,*,#5485,.T.);
#2977=ORIENTED_EDGE('',*,*,#5481,.T.);
#2978=ORIENTED_EDGE('',*,*,#5486,.F.);
#2979=ORIENTED_EDGE('',*,*,#5487,.F.);
#2980=ORIENTED_EDGE('',*,*,#5488,.T.);
#2981=ORIENTED_EDGE('',*,*,#5484,.T.);
#2982=ORIENTED_EDGE('',*,*,#5489,.F.);
#2983=ORIENTED_EDGE('',*,*,#5490,.F.);
#2984=ORIENTED_EDGE('',*,*,#5491,.T.);
#2985=ORIENTED_EDGE('',*,*,#5487,.T.);
#2986=ORIENTED_EDGE('',*,*,#5492,.F.);
#2987=ORIENTED_EDGE('',*,*,#5493,.F.);
#2988=ORIENTED_EDGE('',*,*,#5494,.T.);
#2989=ORIENTED_EDGE('',*,*,#5490,.T.);
#2990=ORIENTED_EDGE('',*,*,#5495,.F.);
#2991=ORIENTED_EDGE('',*,*,#5496,.F.);
#2992=ORIENTED_EDGE('',*,*,#5497,.T.);
#2993=ORIENTED_EDGE('',*,*,#5493,.T.);
#2994=ORIENTED_EDGE('',*,*,#5498,.F.);
#2995=ORIENTED_EDGE('',*,*,#5499,.F.);
#2996=ORIENTED_EDGE('',*,*,#5500,.T.);
#2997=ORIENTED_EDGE('',*,*,#5496,.T.);
#2998=ORIENTED_EDGE('',*,*,#5501,.F.);
#2999=ORIENTED_EDGE('',*,*,#5502,.F.);
#3000=ORIENTED_EDGE('',*,*,#5503,.T.);
#3001=ORIENTED_EDGE('',*,*,#5499,.T.);
#3002=ORIENTED_EDGE('',*,*,#5504,.F.);
#3003=ORIENTED_EDGE('',*,*,#5505,.F.);
#3004=ORIENTED_EDGE('',*,*,#5506,.T.);
#3005=ORIENTED_EDGE('',*,*,#5502,.T.);
#3006=ORIENTED_EDGE('',*,*,#5507,.F.);
#3007=ORIENTED_EDGE('',*,*,#5508,.F.);
#3008=ORIENTED_EDGE('',*,*,#5509,.T.);
#3009=ORIENTED_EDGE('',*,*,#5505,.T.);
#3010=ORIENTED_EDGE('',*,*,#5510,.T.);
#3011=ORIENTED_EDGE('',*,*,#5511,.F.);
#3012=ORIENTED_EDGE('',*,*,#5512,.F.);
#3013=ORIENTED_EDGE('',*,*,#5508,.T.);
#3014=ORIENTED_EDGE('',*,*,#5513,.F.);
#3015=ORIENTED_EDGE('',*,*,#5514,.F.);
#3016=ORIENTED_EDGE('',*,*,#5515,.T.);
#3017=ORIENTED_EDGE('',*,*,#5511,.T.);
#3018=ORIENTED_EDGE('',*,*,#5516,.F.);
#3019=ORIENTED_EDGE('',*,*,#5517,.F.);
#3020=ORIENTED_EDGE('',*,*,#5518,.T.);
#3021=ORIENTED_EDGE('',*,*,#5514,.T.);
#3022=ORIENTED_EDGE('',*,*,#5519,.F.);
#3023=ORIENTED_EDGE('',*,*,#5520,.F.);
#3024=ORIENTED_EDGE('',*,*,#5521,.T.);
#3025=ORIENTED_EDGE('',*,*,#5517,.T.);
#3026=ORIENTED_EDGE('',*,*,#5522,.F.);
#3027=ORIENTED_EDGE('',*,*,#5523,.F.);
#3028=ORIENTED_EDGE('',*,*,#5524,.T.);
#3029=ORIENTED_EDGE('',*,*,#5520,.T.);
#3030=ORIENTED_EDGE('',*,*,#5525,.F.);
#3031=ORIENTED_EDGE('',*,*,#5526,.F.);
#3032=ORIENTED_EDGE('',*,*,#5527,.T.);
#3033=ORIENTED_EDGE('',*,*,#5523,.T.);
#3034=ORIENTED_EDGE('',*,*,#5528,.F.);
#3035=ORIENTED_EDGE('',*,*,#5529,.F.);
#3036=ORIENTED_EDGE('',*,*,#5530,.T.);
#3037=ORIENTED_EDGE('',*,*,#5526,.T.);
#3038=ORIENTED_EDGE('',*,*,#5531,.F.);
#3039=ORIENTED_EDGE('',*,*,#5532,.F.);
#3040=ORIENTED_EDGE('',*,*,#5533,.T.);
#3041=ORIENTED_EDGE('',*,*,#5529,.T.);
#3042=ORIENTED_EDGE('',*,*,#5534,.F.);
#3043=ORIENTED_EDGE('',*,*,#5535,.F.);
#3044=ORIENTED_EDGE('',*,*,#5536,.T.);
#3045=ORIENTED_EDGE('',*,*,#5532,.T.);
#3046=ORIENTED_EDGE('',*,*,#5537,.F.);
#3047=ORIENTED_EDGE('',*,*,#5538,.F.);
#3048=ORIENTED_EDGE('',*,*,#5539,.T.);
#3049=ORIENTED_EDGE('',*,*,#5535,.T.);
#3050=ORIENTED_EDGE('',*,*,#5540,.F.);
#3051=ORIENTED_EDGE('',*,*,#5541,.F.);
#3052=ORIENTED_EDGE('',*,*,#5542,.T.);
#3053=ORIENTED_EDGE('',*,*,#5538,.T.);
#3054=ORIENTED_EDGE('',*,*,#5543,.F.);
#3055=ORIENTED_EDGE('',*,*,#5544,.F.);
#3056=ORIENTED_EDGE('',*,*,#5545,.T.);
#3057=ORIENTED_EDGE('',*,*,#5541,.T.);
#3058=ORIENTED_EDGE('',*,*,#5546,.F.);
#3059=ORIENTED_EDGE('',*,*,#5547,.F.);
#3060=ORIENTED_EDGE('',*,*,#5548,.T.);
#3061=ORIENTED_EDGE('',*,*,#5544,.T.);
#3062=ORIENTED_EDGE('',*,*,#5549,.F.);
#3063=ORIENTED_EDGE('',*,*,#5550,.F.);
#3064=ORIENTED_EDGE('',*,*,#5551,.T.);
#3065=ORIENTED_EDGE('',*,*,#5547,.T.);
#3066=ORIENTED_EDGE('',*,*,#5552,.F.);
#3067=ORIENTED_EDGE('',*,*,#5553,.F.);
#3068=ORIENTED_EDGE('',*,*,#5554,.T.);
#3069=ORIENTED_EDGE('',*,*,#5550,.T.);
#3070=ORIENTED_EDGE('',*,*,#5555,.F.);
#3071=ORIENTED_EDGE('',*,*,#5556,.F.);
#3072=ORIENTED_EDGE('',*,*,#5557,.T.);
#3073=ORIENTED_EDGE('',*,*,#5553,.T.);
#3074=ORIENTED_EDGE('',*,*,#5558,.T.);
#3075=ORIENTED_EDGE('',*,*,#5559,.F.);
#3076=ORIENTED_EDGE('',*,*,#5560,.F.);
#3077=ORIENTED_EDGE('',*,*,#5556,.T.);
#3078=ORIENTED_EDGE('',*,*,#5561,.F.);
#3079=ORIENTED_EDGE('',*,*,#5562,.F.);
#3080=ORIENTED_EDGE('',*,*,#5563,.T.);
#3081=ORIENTED_EDGE('',*,*,#5559,.T.);
#3082=ORIENTED_EDGE('',*,*,#5564,.F.);
#3083=ORIENTED_EDGE('',*,*,#5565,.F.);
#3084=ORIENTED_EDGE('',*,*,#5566,.T.);
#3085=ORIENTED_EDGE('',*,*,#5562,.T.);
#3086=ORIENTED_EDGE('',*,*,#5567,.F.);
#3087=ORIENTED_EDGE('',*,*,#5568,.F.);
#3088=ORIENTED_EDGE('',*,*,#5569,.T.);
#3089=ORIENTED_EDGE('',*,*,#5565,.T.);
#3090=ORIENTED_EDGE('',*,*,#5570,.T.);
#3091=ORIENTED_EDGE('',*,*,#5571,.F.);
#3092=ORIENTED_EDGE('',*,*,#5572,.F.);
#3093=ORIENTED_EDGE('',*,*,#5568,.T.);
#3094=ORIENTED_EDGE('',*,*,#5573,.F.);
#3095=ORIENTED_EDGE('',*,*,#5574,.F.);
#3096=ORIENTED_EDGE('',*,*,#5575,.T.);
#3097=ORIENTED_EDGE('',*,*,#5571,.T.);
#3098=ORIENTED_EDGE('',*,*,#5576,.T.);
#3099=ORIENTED_EDGE('',*,*,#5577,.F.);
#3100=ORIENTED_EDGE('',*,*,#5578,.F.);
#3101=ORIENTED_EDGE('',*,*,#5574,.T.);
#3102=ORIENTED_EDGE('',*,*,#5579,.T.);
#3103=ORIENTED_EDGE('',*,*,#5580,.F.);
#3104=ORIENTED_EDGE('',*,*,#5581,.F.);
#3105=ORIENTED_EDGE('',*,*,#5577,.T.);
#3106=ORIENTED_EDGE('',*,*,#5582,.F.);
#3107=ORIENTED_EDGE('',*,*,#5583,.F.);
#3108=ORIENTED_EDGE('',*,*,#5584,.T.);
#3109=ORIENTED_EDGE('',*,*,#5580,.T.);
#3110=ORIENTED_EDGE('',*,*,#5585,.F.);
#3111=ORIENTED_EDGE('',*,*,#5586,.F.);
#3112=ORIENTED_EDGE('',*,*,#5587,.T.);
#3113=ORIENTED_EDGE('',*,*,#5583,.T.);
#3114=ORIENTED_EDGE('',*,*,#5588,.F.);
#3115=ORIENTED_EDGE('',*,*,#5589,.F.);
#3116=ORIENTED_EDGE('',*,*,#5590,.T.);
#3117=ORIENTED_EDGE('',*,*,#5586,.T.);
#3118=ORIENTED_EDGE('',*,*,#5591,.F.);
#3119=ORIENTED_EDGE('',*,*,#5592,.F.);
#3120=ORIENTED_EDGE('',*,*,#5593,.T.);
#3121=ORIENTED_EDGE('',*,*,#5589,.T.);
#3122=ORIENTED_EDGE('',*,*,#5594,.T.);
#3123=ORIENTED_EDGE('',*,*,#5595,.F.);
#3124=ORIENTED_EDGE('',*,*,#5596,.F.);
#3125=ORIENTED_EDGE('',*,*,#5592,.T.);
#3126=ORIENTED_EDGE('',*,*,#5597,.F.);
#3127=ORIENTED_EDGE('',*,*,#5598,.F.);
#3128=ORIENTED_EDGE('',*,*,#5599,.T.);
#3129=ORIENTED_EDGE('',*,*,#5595,.T.);
#3130=ORIENTED_EDGE('',*,*,#5600,.F.);
#3131=ORIENTED_EDGE('',*,*,#5601,.F.);
#3132=ORIENTED_EDGE('',*,*,#5602,.T.);
#3133=ORIENTED_EDGE('',*,*,#5598,.T.);
#3134=ORIENTED_EDGE('',*,*,#5603,.F.);
#3135=ORIENTED_EDGE('',*,*,#5604,.F.);
#3136=ORIENTED_EDGE('',*,*,#5605,.T.);
#3137=ORIENTED_EDGE('',*,*,#5601,.T.);
#3138=ORIENTED_EDGE('',*,*,#5606,.F.);
#3139=ORIENTED_EDGE('',*,*,#5607,.F.);
#3140=ORIENTED_EDGE('',*,*,#5608,.T.);
#3141=ORIENTED_EDGE('',*,*,#5604,.T.);
#3142=ORIENTED_EDGE('',*,*,#5609,.F.);
#3143=ORIENTED_EDGE('',*,*,#5610,.F.);
#3144=ORIENTED_EDGE('',*,*,#5611,.T.);
#3145=ORIENTED_EDGE('',*,*,#5607,.T.);
#3146=ORIENTED_EDGE('',*,*,#5612,.F.);
#3147=ORIENTED_EDGE('',*,*,#5613,.F.);
#3148=ORIENTED_EDGE('',*,*,#5614,.T.);
#3149=ORIENTED_EDGE('',*,*,#5615,.T.);
#3150=ORIENTED_EDGE('',*,*,#5616,.T.);
#3151=ORIENTED_EDGE('',*,*,#5617,.F.);
#3152=ORIENTED_EDGE('',*,*,#5618,.F.);
#3153=ORIENTED_EDGE('',*,*,#5613,.T.);
#3154=ORIENTED_EDGE('',*,*,#5619,.F.);
#3155=ORIENTED_EDGE('',*,*,#5620,.F.);
#3156=ORIENTED_EDGE('',*,*,#5621,.T.);
#3157=ORIENTED_EDGE('',*,*,#5622,.T.);
#3158=ORIENTED_EDGE('',*,*,#5623,.T.);
#3159=ORIENTED_EDGE('',*,*,#5624,.F.);
#3160=ORIENTED_EDGE('',*,*,#5625,.F.);
#3161=ORIENTED_EDGE('',*,*,#5620,.T.);
#3162=ORIENTED_EDGE('',*,*,#5626,.T.);
#3163=ORIENTED_EDGE('',*,*,#5627,.F.);
#3164=ORIENTED_EDGE('',*,*,#5628,.F.);
#3165=ORIENTED_EDGE('',*,*,#5624,.T.);
#3166=ORIENTED_EDGE('',*,*,#5629,.F.);
#3167=ORIENTED_EDGE('',*,*,#5630,.F.);
#3168=ORIENTED_EDGE('',*,*,#5631,.T.);
#3169=ORIENTED_EDGE('',*,*,#5627,.T.);
#3170=ORIENTED_EDGE('',*,*,#5632,.F.);
#3171=ORIENTED_EDGE('',*,*,#5633,.F.);
#3172=ORIENTED_EDGE('',*,*,#5634,.T.);
#3173=ORIENTED_EDGE('',*,*,#5630,.T.);
#3174=ORIENTED_EDGE('',*,*,#5635,.T.);
#3175=ORIENTED_EDGE('',*,*,#5636,.F.);
#3176=ORIENTED_EDGE('',*,*,#5637,.F.);
#3177=ORIENTED_EDGE('',*,*,#5633,.T.);
#3178=ORIENTED_EDGE('',*,*,#5638,.T.);
#3179=ORIENTED_EDGE('',*,*,#5639,.F.);
#3180=ORIENTED_EDGE('',*,*,#5640,.F.);
#3181=ORIENTED_EDGE('',*,*,#5636,.T.);
#3182=ORIENTED_EDGE('',*,*,#5641,.T.);
#3183=ORIENTED_EDGE('',*,*,#5642,.F.);
#3184=ORIENTED_EDGE('',*,*,#5643,.F.);
#3185=ORIENTED_EDGE('',*,*,#5639,.T.);
#3186=ORIENTED_EDGE('',*,*,#5644,.F.);
#3187=ORIENTED_EDGE('',*,*,#5645,.F.);
#3188=ORIENTED_EDGE('',*,*,#5646,.T.);
#3189=ORIENTED_EDGE('',*,*,#5642,.T.);
#3190=ORIENTED_EDGE('',*,*,#5647,.F.);
#3191=ORIENTED_EDGE('',*,*,#5648,.F.);
#3192=ORIENTED_EDGE('',*,*,#5649,.T.);
#3193=ORIENTED_EDGE('',*,*,#5645,.T.);
#3194=ORIENTED_EDGE('',*,*,#5650,.T.);
#3195=ORIENTED_EDGE('',*,*,#5651,.F.);
#3196=ORIENTED_EDGE('',*,*,#5652,.F.);
#3197=ORIENTED_EDGE('',*,*,#5648,.T.);
#3198=ORIENTED_EDGE('',*,*,#5653,.F.);
#3199=ORIENTED_EDGE('',*,*,#5654,.F.);
#3200=ORIENTED_EDGE('',*,*,#5655,.T.);
#3201=ORIENTED_EDGE('',*,*,#5651,.T.);
#3202=ORIENTED_EDGE('',*,*,#5656,.F.);
#3203=ORIENTED_EDGE('',*,*,#5657,.F.);
#3204=ORIENTED_EDGE('',*,*,#5658,.T.);
#3205=ORIENTED_EDGE('',*,*,#5654,.T.);
#3206=ORIENTED_EDGE('',*,*,#5659,.F.);
#3207=ORIENTED_EDGE('',*,*,#5660,.F.);
#3208=ORIENTED_EDGE('',*,*,#5661,.T.);
#3209=ORIENTED_EDGE('',*,*,#5657,.T.);
#3210=ORIENTED_EDGE('',*,*,#5662,.F.);
#3211=ORIENTED_EDGE('',*,*,#5663,.F.);
#3212=ORIENTED_EDGE('',*,*,#5664,.T.);
#3213=ORIENTED_EDGE('',*,*,#5660,.T.);
#3214=ORIENTED_EDGE('',*,*,#5665,.F.);
#3215=ORIENTED_EDGE('',*,*,#5666,.F.);
#3216=ORIENTED_EDGE('',*,*,#5667,.T.);
#3217=ORIENTED_EDGE('',*,*,#5663,.T.);
#3218=ORIENTED_EDGE('',*,*,#5668,.F.);
#3219=ORIENTED_EDGE('',*,*,#5669,.F.);
#3220=ORIENTED_EDGE('',*,*,#5670,.T.);
#3221=ORIENTED_EDGE('',*,*,#5666,.T.);
#3222=ORIENTED_EDGE('',*,*,#5671,.F.);
#3223=ORIENTED_EDGE('',*,*,#5672,.F.);
#3224=ORIENTED_EDGE('',*,*,#5673,.T.);
#3225=ORIENTED_EDGE('',*,*,#5669,.T.);
#3226=ORIENTED_EDGE('',*,*,#5674,.F.);
#3227=ORIENTED_EDGE('',*,*,#5675,.F.);
#3228=ORIENTED_EDGE('',*,*,#5676,.T.);
#3229=ORIENTED_EDGE('',*,*,#5672,.T.);
#3230=ORIENTED_EDGE('',*,*,#5677,.F.);
#3231=ORIENTED_EDGE('',*,*,#5678,.F.);
#3232=ORIENTED_EDGE('',*,*,#5679,.T.);
#3233=ORIENTED_EDGE('',*,*,#5675,.T.);
#3234=ORIENTED_EDGE('',*,*,#5680,.F.);
#3235=ORIENTED_EDGE('',*,*,#5681,.F.);
#3236=ORIENTED_EDGE('',*,*,#5682,.T.);
#3237=ORIENTED_EDGE('',*,*,#5678,.T.);
#3238=ORIENTED_EDGE('',*,*,#5683,.F.);
#3239=ORIENTED_EDGE('',*,*,#5684,.F.);
#3240=ORIENTED_EDGE('',*,*,#5685,.T.);
#3241=ORIENTED_EDGE('',*,*,#5681,.T.);
#3242=ORIENTED_EDGE('',*,*,#5686,.F.);
#3243=ORIENTED_EDGE('',*,*,#5687,.F.);
#3244=ORIENTED_EDGE('',*,*,#5688,.T.);
#3245=ORIENTED_EDGE('',*,*,#5684,.T.);
#3246=ORIENTED_EDGE('',*,*,#5689,.F.);
#3247=ORIENTED_EDGE('',*,*,#5690,.F.);
#3248=ORIENTED_EDGE('',*,*,#5691,.T.);
#3249=ORIENTED_EDGE('',*,*,#5687,.T.);
#3250=ORIENTED_EDGE('',*,*,#5692,.F.);
#3251=ORIENTED_EDGE('',*,*,#5693,.F.);
#3252=ORIENTED_EDGE('',*,*,#5694,.T.);
#3253=ORIENTED_EDGE('',*,*,#5690,.T.);
#3254=ORIENTED_EDGE('',*,*,#5695,.T.);
#3255=ORIENTED_EDGE('',*,*,#5696,.F.);
#3256=ORIENTED_EDGE('',*,*,#5697,.F.);
#3257=ORIENTED_EDGE('',*,*,#5693,.T.);
#3258=ORIENTED_EDGE('',*,*,#5698,.T.);
#3259=ORIENTED_EDGE('',*,*,#5699,.F.);
#3260=ORIENTED_EDGE('',*,*,#5700,.F.);
#3261=ORIENTED_EDGE('',*,*,#5696,.T.);
#3262=ORIENTED_EDGE('',*,*,#5701,.F.);
#3263=ORIENTED_EDGE('',*,*,#5702,.F.);
#3264=ORIENTED_EDGE('',*,*,#5703,.T.);
#3265=ORIENTED_EDGE('',*,*,#5699,.T.);
#3266=ORIENTED_EDGE('',*,*,#5704,.F.);
#3267=ORIENTED_EDGE('',*,*,#5705,.F.);
#3268=ORIENTED_EDGE('',*,*,#5706,.T.);
#3269=ORIENTED_EDGE('',*,*,#5702,.T.);
#3270=ORIENTED_EDGE('',*,*,#5707,.T.);
#3271=ORIENTED_EDGE('',*,*,#5708,.F.);
#3272=ORIENTED_EDGE('',*,*,#5709,.F.);
#3273=ORIENTED_EDGE('',*,*,#5705,.T.);
#3274=ORIENTED_EDGE('',*,*,#5710,.T.);
#3275=ORIENTED_EDGE('',*,*,#5711,.F.);
#3276=ORIENTED_EDGE('',*,*,#5712,.F.);
#3277=ORIENTED_EDGE('',*,*,#5708,.T.);
#3278=ORIENTED_EDGE('',*,*,#5713,.F.);
#3279=ORIENTED_EDGE('',*,*,#5714,.F.);
#3280=ORIENTED_EDGE('',*,*,#5715,.T.);
#3281=ORIENTED_EDGE('',*,*,#5711,.T.);
#3282=ORIENTED_EDGE('',*,*,#5716,.F.);
#3283=ORIENTED_EDGE('',*,*,#5717,.F.);
#3284=ORIENTED_EDGE('',*,*,#5718,.T.);
#3285=ORIENTED_EDGE('',*,*,#5714,.T.);
#3286=ORIENTED_EDGE('',*,*,#5719,.F.);
#3287=ORIENTED_EDGE('',*,*,#5720,.F.);
#3288=ORIENTED_EDGE('',*,*,#5721,.T.);
#3289=ORIENTED_EDGE('',*,*,#5717,.T.);
#3290=ORIENTED_EDGE('',*,*,#5722,.F.);
#3291=ORIENTED_EDGE('',*,*,#5723,.F.);
#3292=ORIENTED_EDGE('',*,*,#5724,.T.);
#3293=ORIENTED_EDGE('',*,*,#5720,.T.);
#3294=ORIENTED_EDGE('',*,*,#5725,.F.);
#3295=ORIENTED_EDGE('',*,*,#5726,.F.);
#3296=ORIENTED_EDGE('',*,*,#5727,.T.);
#3297=ORIENTED_EDGE('',*,*,#5723,.T.);
#3298=ORIENTED_EDGE('',*,*,#5728,.F.);
#3299=ORIENTED_EDGE('',*,*,#5729,.F.);
#3300=ORIENTED_EDGE('',*,*,#5730,.T.);
#3301=ORIENTED_EDGE('',*,*,#5726,.T.);
#3302=ORIENTED_EDGE('',*,*,#5731,.F.);
#3303=ORIENTED_EDGE('',*,*,#5732,.F.);
#3304=ORIENTED_EDGE('',*,*,#5733,.T.);
#3305=ORIENTED_EDGE('',*,*,#5729,.T.);
#3306=ORIENTED_EDGE('',*,*,#5037,.F.);
#3307=ORIENTED_EDGE('',*,*,#5734,.F.);
#3308=ORIENTED_EDGE('',*,*,#5735,.T.);
#3309=ORIENTED_EDGE('',*,*,#5736,.T.);
#3310=ORIENTED_EDGE('',*,*,#5095,.F.);
#3311=ORIENTED_EDGE('',*,*,#5737,.F.);
#3312=ORIENTED_EDGE('',*,*,#5738,.T.);
#3313=ORIENTED_EDGE('',*,*,#5734,.T.);
#3314=ORIENTED_EDGE('',*,*,#5094,.F.);
#3315=ORIENTED_EDGE('',*,*,#5739,.F.);
#3316=ORIENTED_EDGE('',*,*,#5740,.T.);
#3317=ORIENTED_EDGE('',*,*,#5737,.T.);
#3318=ORIENTED_EDGE('',*,*,#5093,.F.);
#3319=ORIENTED_EDGE('',*,*,#5741,.F.);
#3320=ORIENTED_EDGE('',*,*,#5742,.T.);
#3321=ORIENTED_EDGE('',*,*,#5739,.T.);
#3322=ORIENTED_EDGE('',*,*,#5092,.F.);
#3323=ORIENTED_EDGE('',*,*,#5743,.F.);
#3324=ORIENTED_EDGE('',*,*,#5744,.T.);
#3325=ORIENTED_EDGE('',*,*,#5741,.T.);
#3326=ORIENTED_EDGE('',*,*,#5091,.T.);
#3327=ORIENTED_EDGE('',*,*,#5745,.F.);
#3328=ORIENTED_EDGE('',*,*,#5746,.F.);
#3329=ORIENTED_EDGE('',*,*,#5743,.T.);
#3330=ORIENTED_EDGE('',*,*,#5090,.F.);
#3331=ORIENTED_EDGE('',*,*,#5747,.F.);
#3332=ORIENTED_EDGE('',*,*,#5748,.T.);
#3333=ORIENTED_EDGE('',*,*,#5745,.T.);
#3334=ORIENTED_EDGE('',*,*,#5089,.F.);
#3335=ORIENTED_EDGE('',*,*,#5749,.F.);
#3336=ORIENTED_EDGE('',*,*,#5750,.T.);
#3337=ORIENTED_EDGE('',*,*,#5747,.T.);
#3338=ORIENTED_EDGE('',*,*,#5088,.T.);
#3339=ORIENTED_EDGE('',*,*,#5751,.F.);
#3340=ORIENTED_EDGE('',*,*,#5752,.F.);
#3341=ORIENTED_EDGE('',*,*,#5749,.T.);
#3342=ORIENTED_EDGE('',*,*,#5087,.F.);
#3343=ORIENTED_EDGE('',*,*,#5753,.F.);
#3344=ORIENTED_EDGE('',*,*,#5754,.T.);
#3345=ORIENTED_EDGE('',*,*,#5751,.T.);
#3346=ORIENTED_EDGE('',*,*,#5086,.F.);
#3347=ORIENTED_EDGE('',*,*,#5755,.F.);
#3348=ORIENTED_EDGE('',*,*,#5756,.T.);
#3349=ORIENTED_EDGE('',*,*,#5753,.T.);
#3350=ORIENTED_EDGE('',*,*,#5085,.F.);
#3351=ORIENTED_EDGE('',*,*,#5757,.F.);
#3352=ORIENTED_EDGE('',*,*,#5758,.T.);
#3353=ORIENTED_EDGE('',*,*,#5755,.T.);
#3354=ORIENTED_EDGE('',*,*,#5084,.F.);
#3355=ORIENTED_EDGE('',*,*,#5759,.F.);
#3356=ORIENTED_EDGE('',*,*,#5760,.T.);
#3357=ORIENTED_EDGE('',*,*,#5757,.T.);
#3358=ORIENTED_EDGE('',*,*,#5083,.F.);
#3359=ORIENTED_EDGE('',*,*,#5761,.F.);
#3360=ORIENTED_EDGE('',*,*,#5762,.T.);
#3361=ORIENTED_EDGE('',*,*,#5759,.T.);
#3362=ORIENTED_EDGE('',*,*,#5082,.F.);
#3363=ORIENTED_EDGE('',*,*,#5763,.F.);
#3364=ORIENTED_EDGE('',*,*,#5764,.T.);
#3365=ORIENTED_EDGE('',*,*,#5761,.T.);
#3366=ORIENTED_EDGE('',*,*,#5081,.F.);
#3367=ORIENTED_EDGE('',*,*,#5765,.F.);
#3368=ORIENTED_EDGE('',*,*,#5766,.T.);
#3369=ORIENTED_EDGE('',*,*,#5763,.T.);
#3370=ORIENTED_EDGE('',*,*,#5080,.T.);
#3371=ORIENTED_EDGE('',*,*,#5767,.F.);
#3372=ORIENTED_EDGE('',*,*,#5768,.F.);
#3373=ORIENTED_EDGE('',*,*,#5765,.T.);
#3374=ORIENTED_EDGE('',*,*,#5079,.F.);
#3375=ORIENTED_EDGE('',*,*,#5769,.F.);
#3376=ORIENTED_EDGE('',*,*,#5770,.T.);
#3377=ORIENTED_EDGE('',*,*,#5767,.T.);
#3378=ORIENTED_EDGE('',*,*,#5078,.T.);
#3379=ORIENTED_EDGE('',*,*,#5771,.F.);
#3380=ORIENTED_EDGE('',*,*,#5772,.F.);
#3381=ORIENTED_EDGE('',*,*,#5769,.T.);
#3382=ORIENTED_EDGE('',*,*,#5077,.F.);
#3383=ORIENTED_EDGE('',*,*,#5773,.F.);
#3384=ORIENTED_EDGE('',*,*,#5774,.T.);
#3385=ORIENTED_EDGE('',*,*,#5771,.T.);
#3386=ORIENTED_EDGE('',*,*,#5076,.T.);
#3387=ORIENTED_EDGE('',*,*,#5775,.F.);
#3388=ORIENTED_EDGE('',*,*,#5776,.F.);
#3389=ORIENTED_EDGE('',*,*,#5773,.T.);
#3390=ORIENTED_EDGE('',*,*,#5075,.T.);
#3391=ORIENTED_EDGE('',*,*,#5777,.F.);
#3392=ORIENTED_EDGE('',*,*,#5778,.F.);
#3393=ORIENTED_EDGE('',*,*,#5775,.T.);
#3394=ORIENTED_EDGE('',*,*,#5074,.F.);
#3395=ORIENTED_EDGE('',*,*,#5779,.F.);
#3396=ORIENTED_EDGE('',*,*,#5780,.T.);
#3397=ORIENTED_EDGE('',*,*,#5777,.T.);
#3398=ORIENTED_EDGE('',*,*,#5073,.F.);
#3399=ORIENTED_EDGE('',*,*,#5781,.F.);
#3400=ORIENTED_EDGE('',*,*,#5782,.T.);
#3401=ORIENTED_EDGE('',*,*,#5779,.T.);
#3402=ORIENTED_EDGE('',*,*,#5072,.T.);
#3403=ORIENTED_EDGE('',*,*,#5783,.F.);
#3404=ORIENTED_EDGE('',*,*,#5784,.F.);
#3405=ORIENTED_EDGE('',*,*,#5781,.T.);
#3406=ORIENTED_EDGE('',*,*,#5071,.F.);
#3407=ORIENTED_EDGE('',*,*,#5785,.F.);
#3408=ORIENTED_EDGE('',*,*,#5786,.T.);
#3409=ORIENTED_EDGE('',*,*,#5783,.T.);
#3410=ORIENTED_EDGE('',*,*,#5070,.F.);
#3411=ORIENTED_EDGE('',*,*,#5787,.F.);
#3412=ORIENTED_EDGE('',*,*,#5788,.T.);
#3413=ORIENTED_EDGE('',*,*,#5785,.T.);
#3414=ORIENTED_EDGE('',*,*,#5069,.F.);
#3415=ORIENTED_EDGE('',*,*,#5789,.F.);
#3416=ORIENTED_EDGE('',*,*,#5790,.T.);
#3417=ORIENTED_EDGE('',*,*,#5787,.T.);
#3418=ORIENTED_EDGE('',*,*,#5068,.F.);
#3419=ORIENTED_EDGE('',*,*,#5791,.F.);
#3420=ORIENTED_EDGE('',*,*,#5792,.T.);
#3421=ORIENTED_EDGE('',*,*,#5789,.T.);
#3422=ORIENTED_EDGE('',*,*,#5067,.F.);
#3423=ORIENTED_EDGE('',*,*,#5793,.F.);
#3424=ORIENTED_EDGE('',*,*,#5794,.T.);
#3425=ORIENTED_EDGE('',*,*,#5791,.T.);
#3426=ORIENTED_EDGE('',*,*,#5066,.F.);
#3427=ORIENTED_EDGE('',*,*,#5795,.F.);
#3428=ORIENTED_EDGE('',*,*,#5796,.T.);
#3429=ORIENTED_EDGE('',*,*,#5793,.T.);
#3430=ORIENTED_EDGE('',*,*,#5065,.T.);
#3431=ORIENTED_EDGE('',*,*,#5797,.F.);
#3432=ORIENTED_EDGE('',*,*,#5798,.F.);
#3433=ORIENTED_EDGE('',*,*,#5795,.T.);
#3434=ORIENTED_EDGE('',*,*,#5064,.F.);
#3435=ORIENTED_EDGE('',*,*,#5799,.F.);
#3436=ORIENTED_EDGE('',*,*,#5800,.T.);
#3437=ORIENTED_EDGE('',*,*,#5797,.T.);
#3438=ORIENTED_EDGE('',*,*,#5063,.T.);
#3439=ORIENTED_EDGE('',*,*,#5801,.F.);
#3440=ORIENTED_EDGE('',*,*,#5802,.F.);
#3441=ORIENTED_EDGE('',*,*,#5799,.T.);
#3442=ORIENTED_EDGE('',*,*,#5062,.F.);
#3443=ORIENTED_EDGE('',*,*,#5803,.F.);
#3444=ORIENTED_EDGE('',*,*,#5804,.T.);
#3445=ORIENTED_EDGE('',*,*,#5801,.T.);
#3446=ORIENTED_EDGE('',*,*,#5061,.T.);
#3447=ORIENTED_EDGE('',*,*,#5805,.F.);
#3448=ORIENTED_EDGE('',*,*,#5806,.F.);
#3449=ORIENTED_EDGE('',*,*,#5803,.T.);
#3450=ORIENTED_EDGE('',*,*,#5060,.F.);
#3451=ORIENTED_EDGE('',*,*,#5807,.F.);
#3452=ORIENTED_EDGE('',*,*,#5808,.T.);
#3453=ORIENTED_EDGE('',*,*,#5805,.T.);
#3454=ORIENTED_EDGE('',*,*,#5059,.T.);
#3455=ORIENTED_EDGE('',*,*,#5809,.F.);
#3456=ORIENTED_EDGE('',*,*,#5810,.F.);
#3457=ORIENTED_EDGE('',*,*,#5807,.T.);
#3458=ORIENTED_EDGE('',*,*,#5058,.F.);
#3459=ORIENTED_EDGE('',*,*,#5811,.F.);
#3460=ORIENTED_EDGE('',*,*,#5812,.T.);
#3461=ORIENTED_EDGE('',*,*,#5809,.T.);
#3462=ORIENTED_EDGE('',*,*,#5057,.T.);
#3463=ORIENTED_EDGE('',*,*,#5813,.F.);
#3464=ORIENTED_EDGE('',*,*,#5814,.F.);
#3465=ORIENTED_EDGE('',*,*,#5811,.T.);
#3466=ORIENTED_EDGE('',*,*,#5056,.F.);
#3467=ORIENTED_EDGE('',*,*,#5815,.F.);
#3468=ORIENTED_EDGE('',*,*,#5816,.T.);
#3469=ORIENTED_EDGE('',*,*,#5813,.T.);
#3470=ORIENTED_EDGE('',*,*,#5055,.T.);
#3471=ORIENTED_EDGE('',*,*,#5817,.F.);
#3472=ORIENTED_EDGE('',*,*,#5818,.F.);
#3473=ORIENTED_EDGE('',*,*,#5815,.T.);
#3474=ORIENTED_EDGE('',*,*,#5054,.F.);
#3475=ORIENTED_EDGE('',*,*,#5819,.F.);
#3476=ORIENTED_EDGE('',*,*,#5820,.T.);
#3477=ORIENTED_EDGE('',*,*,#5817,.T.);
#3478=ORIENTED_EDGE('',*,*,#5053,.T.);
#3479=ORIENTED_EDGE('',*,*,#5821,.F.);
#3480=ORIENTED_EDGE('',*,*,#5822,.F.);
#3481=ORIENTED_EDGE('',*,*,#5819,.T.);
#3482=ORIENTED_EDGE('',*,*,#5052,.F.);
#3483=ORIENTED_EDGE('',*,*,#5823,.F.);
#3484=ORIENTED_EDGE('',*,*,#5824,.T.);
#3485=ORIENTED_EDGE('',*,*,#5821,.T.);
#3486=ORIENTED_EDGE('',*,*,#5051,.F.);
#3487=ORIENTED_EDGE('',*,*,#5825,.F.);
#3488=ORIENTED_EDGE('',*,*,#5826,.T.);
#3489=ORIENTED_EDGE('',*,*,#5823,.T.);
#3490=ORIENTED_EDGE('',*,*,#5050,.F.);
#3491=ORIENTED_EDGE('',*,*,#5827,.F.);
#3492=ORIENTED_EDGE('',*,*,#5828,.T.);
#3493=ORIENTED_EDGE('',*,*,#5825,.T.);
#3494=ORIENTED_EDGE('',*,*,#5049,.T.);
#3495=ORIENTED_EDGE('',*,*,#5829,.F.);
#3496=ORIENTED_EDGE('',*,*,#5830,.F.);
#3497=ORIENTED_EDGE('',*,*,#5827,.T.);
#3498=ORIENTED_EDGE('',*,*,#5048,.T.);
#3499=ORIENTED_EDGE('',*,*,#5831,.F.);
#3500=ORIENTED_EDGE('',*,*,#5832,.F.);
#3501=ORIENTED_EDGE('',*,*,#5829,.T.);
#3502=ORIENTED_EDGE('',*,*,#5047,.T.);
#3503=ORIENTED_EDGE('',*,*,#5833,.F.);
#3504=ORIENTED_EDGE('',*,*,#5834,.F.);
#3505=ORIENTED_EDGE('',*,*,#5831,.T.);
#3506=ORIENTED_EDGE('',*,*,#5046,.T.);
#3507=ORIENTED_EDGE('',*,*,#5835,.F.);
#3508=ORIENTED_EDGE('',*,*,#5836,.F.);
#3509=ORIENTED_EDGE('',*,*,#5833,.T.);
#3510=ORIENTED_EDGE('',*,*,#5045,.T.);
#3511=ORIENTED_EDGE('',*,*,#5837,.F.);
#3512=ORIENTED_EDGE('',*,*,#5838,.F.);
#3513=ORIENTED_EDGE('',*,*,#5835,.T.);
#3514=ORIENTED_EDGE('',*,*,#5044,.T.);
#3515=ORIENTED_EDGE('',*,*,#5839,.F.);
#3516=ORIENTED_EDGE('',*,*,#5840,.F.);
#3517=ORIENTED_EDGE('',*,*,#5837,.T.);
#3518=ORIENTED_EDGE('',*,*,#5043,.T.);
#3519=ORIENTED_EDGE('',*,*,#5841,.F.);
#3520=ORIENTED_EDGE('',*,*,#5842,.F.);
#3521=ORIENTED_EDGE('',*,*,#5839,.T.);
#3522=ORIENTED_EDGE('',*,*,#5042,.T.);
#3523=ORIENTED_EDGE('',*,*,#5843,.F.);
#3524=ORIENTED_EDGE('',*,*,#5844,.F.);
#3525=ORIENTED_EDGE('',*,*,#5841,.T.);
#3526=ORIENTED_EDGE('',*,*,#5041,.F.);
#3527=ORIENTED_EDGE('',*,*,#5845,.F.);
#3528=ORIENTED_EDGE('',*,*,#5846,.T.);
#3529=ORIENTED_EDGE('',*,*,#5843,.T.);
#3530=ORIENTED_EDGE('',*,*,#5040,.T.);
#3531=ORIENTED_EDGE('',*,*,#5847,.F.);
#3532=ORIENTED_EDGE('',*,*,#5848,.F.);
#3533=ORIENTED_EDGE('',*,*,#5845,.T.);
#3534=ORIENTED_EDGE('',*,*,#5039,.T.);
#3535=ORIENTED_EDGE('',*,*,#5849,.F.);
#3536=ORIENTED_EDGE('',*,*,#5850,.F.);
#3537=ORIENTED_EDGE('',*,*,#5847,.T.);
#3538=ORIENTED_EDGE('',*,*,#5851,.F.);
#3539=ORIENTED_EDGE('',*,*,#5615,.F.);
#3540=ORIENTED_EDGE('',*,*,#5852,.T.);
#3541=ORIENTED_EDGE('',*,*,#5617,.T.);
#3542=ORIENTED_EDGE('',*,*,#5853,.F.);
#3543=ORIENTED_EDGE('',*,*,#5622,.F.);
#3544=ORIENTED_EDGE('',*,*,#5854,.T.);
#3545=ORIENTED_EDGE('',*,*,#5732,.T.);
#3546=ORIENTED_EDGE('',*,*,#5038,.F.);
#3547=ORIENTED_EDGE('',*,*,#5736,.F.);
#3548=ORIENTED_EDGE('',*,*,#5855,.T.);
#3549=ORIENTED_EDGE('',*,*,#5849,.T.);
#3550=ORIENTED_EDGE('',*,*,#5856,.F.);
#3551=ORIENTED_EDGE('',*,*,#5461,.F.);
#3552=ORIENTED_EDGE('',*,*,#5857,.T.);
#3553=ORIENTED_EDGE('',*,*,#5610,.T.);
#3554=ORIENTED_EDGE('',*,*,#5735,.F.);
#3555=ORIENTED_EDGE('',*,*,#5738,.F.);
#3556=ORIENTED_EDGE('',*,*,#5740,.F.);
#3557=ORIENTED_EDGE('',*,*,#5742,.F.);
#3558=ORIENTED_EDGE('',*,*,#5744,.F.);
#3559=ORIENTED_EDGE('',*,*,#5746,.T.);
#3560=ORIENTED_EDGE('',*,*,#5748,.F.);
#3561=ORIENTED_EDGE('',*,*,#5750,.F.);
#3562=ORIENTED_EDGE('',*,*,#5752,.T.);
#3563=ORIENTED_EDGE('',*,*,#5754,.F.);
#3564=ORIENTED_EDGE('',*,*,#5756,.F.);
#3565=ORIENTED_EDGE('',*,*,#5758,.F.);
#3566=ORIENTED_EDGE('',*,*,#5760,.F.);
#3567=ORIENTED_EDGE('',*,*,#5762,.F.);
#3568=ORIENTED_EDGE('',*,*,#5764,.F.);
#3569=ORIENTED_EDGE('',*,*,#5766,.F.);
#3570=ORIENTED_EDGE('',*,*,#5768,.T.);
#3571=ORIENTED_EDGE('',*,*,#5770,.F.);
#3572=ORIENTED_EDGE('',*,*,#5772,.T.);
#3573=ORIENTED_EDGE('',*,*,#5774,.F.);
#3574=ORIENTED_EDGE('',*,*,#5776,.T.);
#3575=ORIENTED_EDGE('',*,*,#5778,.T.);
#3576=ORIENTED_EDGE('',*,*,#5780,.F.);
#3577=ORIENTED_EDGE('',*,*,#5782,.F.);
#3578=ORIENTED_EDGE('',*,*,#5784,.T.);
#3579=ORIENTED_EDGE('',*,*,#5786,.F.);
#3580=ORIENTED_EDGE('',*,*,#5788,.F.);
#3581=ORIENTED_EDGE('',*,*,#5790,.F.);
#3582=ORIENTED_EDGE('',*,*,#5792,.F.);
#3583=ORIENTED_EDGE('',*,*,#5794,.F.);
#3584=ORIENTED_EDGE('',*,*,#5796,.F.);
#3585=ORIENTED_EDGE('',*,*,#5798,.T.);
#3586=ORIENTED_EDGE('',*,*,#5800,.F.);
#3587=ORIENTED_EDGE('',*,*,#5802,.T.);
#3588=ORIENTED_EDGE('',*,*,#5804,.F.);
#3589=ORIENTED_EDGE('',*,*,#5806,.T.);
#3590=ORIENTED_EDGE('',*,*,#5808,.F.);
#3591=ORIENTED_EDGE('',*,*,#5810,.T.);
#3592=ORIENTED_EDGE('',*,*,#5812,.F.);
#3593=ORIENTED_EDGE('',*,*,#5814,.T.);
#3594=ORIENTED_EDGE('',*,*,#5816,.F.);
#3595=ORIENTED_EDGE('',*,*,#5818,.T.);
#3596=ORIENTED_EDGE('',*,*,#5820,.F.);
#3597=ORIENTED_EDGE('',*,*,#5822,.T.);
#3598=ORIENTED_EDGE('',*,*,#5824,.F.);
#3599=ORIENTED_EDGE('',*,*,#5826,.F.);
#3600=ORIENTED_EDGE('',*,*,#5828,.F.);
#3601=ORIENTED_EDGE('',*,*,#5830,.T.);
#3602=ORIENTED_EDGE('',*,*,#5832,.T.);
#3603=ORIENTED_EDGE('',*,*,#5834,.T.);
#3604=ORIENTED_EDGE('',*,*,#5836,.T.);
#3605=ORIENTED_EDGE('',*,*,#5838,.T.);
#3606=ORIENTED_EDGE('',*,*,#5840,.T.);
#3607=ORIENTED_EDGE('',*,*,#5842,.T.);
#3608=ORIENTED_EDGE('',*,*,#5844,.T.);
#3609=ORIENTED_EDGE('',*,*,#5846,.F.);
#3610=ORIENTED_EDGE('',*,*,#5848,.T.);
#3611=ORIENTED_EDGE('',*,*,#5850,.T.);
#3612=ORIENTED_EDGE('',*,*,#5855,.F.);
#3613=ORIENTED_EDGE('',*,*,#5621,.F.);
#3614=ORIENTED_EDGE('',*,*,#5625,.T.);
#3615=ORIENTED_EDGE('',*,*,#5628,.T.);
#3616=ORIENTED_EDGE('',*,*,#5631,.F.);
#3617=ORIENTED_EDGE('',*,*,#5634,.F.);
#3618=ORIENTED_EDGE('',*,*,#5637,.T.);
#3619=ORIENTED_EDGE('',*,*,#5640,.T.);
#3620=ORIENTED_EDGE('',*,*,#5643,.T.);
#3621=ORIENTED_EDGE('',*,*,#5646,.F.);
#3622=ORIENTED_EDGE('',*,*,#5649,.F.);
#3623=ORIENTED_EDGE('',*,*,#5652,.T.);
#3624=ORIENTED_EDGE('',*,*,#5655,.F.);
#3625=ORIENTED_EDGE('',*,*,#5658,.F.);
#3626=ORIENTED_EDGE('',*,*,#5661,.F.);
#3627=ORIENTED_EDGE('',*,*,#5664,.F.);
#3628=ORIENTED_EDGE('',*,*,#5667,.F.);
#3629=ORIENTED_EDGE('',*,*,#5670,.F.);
#3630=ORIENTED_EDGE('',*,*,#5673,.F.);
#3631=ORIENTED_EDGE('',*,*,#5676,.F.);
#3632=ORIENTED_EDGE('',*,*,#5679,.F.);
#3633=ORIENTED_EDGE('',*,*,#5682,.F.);
#3634=ORIENTED_EDGE('',*,*,#5685,.F.);
#3635=ORIENTED_EDGE('',*,*,#5688,.F.);
#3636=ORIENTED_EDGE('',*,*,#5691,.F.);
#3637=ORIENTED_EDGE('',*,*,#5694,.F.);
#3638=ORIENTED_EDGE('',*,*,#5697,.T.);
#3639=ORIENTED_EDGE('',*,*,#5700,.T.);
#3640=ORIENTED_EDGE('',*,*,#5703,.F.);
#3641=ORIENTED_EDGE('',*,*,#5706,.F.);
#3642=ORIENTED_EDGE('',*,*,#5709,.T.);
#3643=ORIENTED_EDGE('',*,*,#5712,.T.);
#3644=ORIENTED_EDGE('',*,*,#5715,.F.);
#3645=ORIENTED_EDGE('',*,*,#5718,.F.);
#3646=ORIENTED_EDGE('',*,*,#5721,.F.);
#3647=ORIENTED_EDGE('',*,*,#5724,.F.);
#3648=ORIENTED_EDGE('',*,*,#5727,.F.);
#3649=ORIENTED_EDGE('',*,*,#5730,.F.);
#3650=ORIENTED_EDGE('',*,*,#5733,.F.);
#3651=ORIENTED_EDGE('',*,*,#5854,.F.);
#3652=ORIENTED_EDGE('',*,*,#5614,.F.);
#3653=ORIENTED_EDGE('',*,*,#5618,.T.);
#3654=ORIENTED_EDGE('',*,*,#5852,.F.);
#3655=ORIENTED_EDGE('',*,*,#5460,.F.);
#3656=ORIENTED_EDGE('',*,*,#5464,.F.);
#3657=ORIENTED_EDGE('',*,*,#5467,.F.);
#3658=ORIENTED_EDGE('',*,*,#5470,.F.);
#3659=ORIENTED_EDGE('',*,*,#5473,.F.);
#3660=ORIENTED_EDGE('',*,*,#5476,.F.);
#3661=ORIENTED_EDGE('',*,*,#5479,.F.);
#3662=ORIENTED_EDGE('',*,*,#5482,.F.);
#3663=ORIENTED_EDGE('',*,*,#5485,.F.);
#3664=ORIENTED_EDGE('',*,*,#5488,.F.);
#3665=ORIENTED_EDGE('',*,*,#5491,.F.);
#3666=ORIENTED_EDGE('',*,*,#5494,.F.);
#3667=ORIENTED_EDGE('',*,*,#5497,.F.);
#3668=ORIENTED_EDGE('',*,*,#5500,.F.);
#3669=ORIENTED_EDGE('',*,*,#5503,.F.);
#3670=ORIENTED_EDGE('',*,*,#5506,.F.);
#3671=ORIENTED_EDGE('',*,*,#5509,.F.);
#3672=ORIENTED_EDGE('',*,*,#5512,.T.);
#3673=ORIENTED_EDGE('',*,*,#5515,.F.);
#3674=ORIENTED_EDGE('',*,*,#5518,.F.);
#3675=ORIENTED_EDGE('',*,*,#5521,.F.);
#3676=ORIENTED_EDGE('',*,*,#5524,.F.);
#3677=ORIENTED_EDGE('',*,*,#5527,.F.);
#3678=ORIENTED_EDGE('',*,*,#5530,.F.);
#3679=ORIENTED_EDGE('',*,*,#5533,.F.);
#3680=ORIENTED_EDGE('',*,*,#5536,.F.);
#3681=ORIENTED_EDGE('',*,*,#5539,.F.);
#3682=ORIENTED_EDGE('',*,*,#5542,.F.);
#3683=ORIENTED_EDGE('',*,*,#5545,.F.);
#3684=ORIENTED_EDGE('',*,*,#5548,.F.);
#3685=ORIENTED_EDGE('',*,*,#5551,.F.);
#3686=ORIENTED_EDGE('',*,*,#5554,.F.);
#3687=ORIENTED_EDGE('',*,*,#5557,.F.);
#3688=ORIENTED_EDGE('',*,*,#5560,.T.);
#3689=ORIENTED_EDGE('',*,*,#5563,.F.);
#3690=ORIENTED_EDGE('',*,*,#5566,.F.);
#3691=ORIENTED_EDGE('',*,*,#5569,.F.);
#3692=ORIENTED_EDGE('',*,*,#5572,.T.);
#3693=ORIENTED_EDGE('',*,*,#5575,.F.);
#3694=ORIENTED_EDGE('',*,*,#5578,.T.);
#3695=ORIENTED_EDGE('',*,*,#5581,.T.);
#3696=ORIENTED_EDGE('',*,*,#5584,.F.);
#3697=ORIENTED_EDGE('',*,*,#5587,.F.);
#3698=ORIENTED_EDGE('',*,*,#5590,.F.);
#3699=ORIENTED_EDGE('',*,*,#5593,.F.);
#3700=ORIENTED_EDGE('',*,*,#5596,.T.);
#3701=ORIENTED_EDGE('',*,*,#5599,.F.);
#3702=ORIENTED_EDGE('',*,*,#5602,.F.);
#3703=ORIENTED_EDGE('',*,*,#5605,.F.);
#3704=ORIENTED_EDGE('',*,*,#5608,.F.);
#3705=ORIENTED_EDGE('',*,*,#5611,.F.);
#3706=ORIENTED_EDGE('',*,*,#5857,.F.);
#3707=ORIENTED_EDGE('',*,*,#5612,.T.);
#3708=ORIENTED_EDGE('',*,*,#5851,.T.);
#3709=ORIENTED_EDGE('',*,*,#5616,.F.);
#3710=ORIENTED_EDGE('',*,*,#5858,.T.);
#3711=ORIENTED_EDGE('',*,*,#5859,.F.);
#3712=ORIENTED_EDGE('',*,*,#5860,.T.);
#3713=ORIENTED_EDGE('',*,*,#5861,.F.);
#3714=ORIENTED_EDGE('',*,*,#5862,.T.);
#3715=ORIENTED_EDGE('',*,*,#5863,.T.);
#3716=ORIENTED_EDGE('',*,*,#5864,.T.);
#3717=ORIENTED_EDGE('',*,*,#5865,.T.);
#3718=ORIENTED_EDGE('',*,*,#5866,.T.);
#3719=ORIENTED_EDGE('',*,*,#5867,.T.);
#3720=ORIENTED_EDGE('',*,*,#5868,.F.);
#3721=ORIENTED_EDGE('',*,*,#5869,.T.);
#3722=ORIENTED_EDGE('',*,*,#5870,.F.);
#3723=ORIENTED_EDGE('',*,*,#5871,.T.);
#3724=ORIENTED_EDGE('',*,*,#5872,.F.);
#3725=ORIENTED_EDGE('',*,*,#5873,.F.);
#3726=ORIENTED_EDGE('',*,*,#5874,.F.);
#3727=ORIENTED_EDGE('',*,*,#5875,.F.);
#3728=ORIENTED_EDGE('',*,*,#5876,.F.);
#3729=ORIENTED_EDGE('',*,*,#5877,.F.);
#3730=ORIENTED_EDGE('',*,*,#5878,.F.);
#3731=ORIENTED_EDGE('',*,*,#5879,.F.);
#3732=ORIENTED_EDGE('',*,*,#5880,.T.);
#3733=ORIENTED_EDGE('',*,*,#5881,.T.);
#3734=ORIENTED_EDGE('',*,*,#5882,.T.);
#3735=ORIENTED_EDGE('',*,*,#5883,.T.);
#3736=ORIENTED_EDGE('',*,*,#5884,.F.);
#3737=ORIENTED_EDGE('',*,*,#5885,.F.);
#3738=ORIENTED_EDGE('',*,*,#5886,.T.);
#3739=ORIENTED_EDGE('',*,*,#5887,.F.);
#3740=ORIENTED_EDGE('',*,*,#5888,.F.);
#3741=ORIENTED_EDGE('',*,*,#5889,.F.);
#3742=ORIENTED_EDGE('',*,*,#5890,.F.);
#3743=ORIENTED_EDGE('',*,*,#5891,.F.);
#3744=ORIENTED_EDGE('',*,*,#5892,.F.);
#3745=ORIENTED_EDGE('',*,*,#5893,.F.);
#3746=ORIENTED_EDGE('',*,*,#5894,.F.);
#3747=ORIENTED_EDGE('',*,*,#5895,.F.);
#3748=ORIENTED_EDGE('',*,*,#5896,.F.);
#3749=ORIENTED_EDGE('',*,*,#5897,.F.);
#3750=ORIENTED_EDGE('',*,*,#5898,.F.);
#3751=ORIENTED_EDGE('',*,*,#5899,.F.);
#3752=ORIENTED_EDGE('',*,*,#5900,.F.);
#3753=ORIENTED_EDGE('',*,*,#5901,.F.);
#3754=ORIENTED_EDGE('',*,*,#5902,.F.);
#3755=ORIENTED_EDGE('',*,*,#5903,.F.);
#3756=ORIENTED_EDGE('',*,*,#5904,.F.);
#3757=ORIENTED_EDGE('',*,*,#5905,.T.);
#3758=ORIENTED_EDGE('',*,*,#5906,.T.);
#3759=ORIENTED_EDGE('',*,*,#5907,.T.);
#3760=ORIENTED_EDGE('',*,*,#5908,.F.);
#3761=ORIENTED_EDGE('',*,*,#5909,.F.);
#3762=ORIENTED_EDGE('',*,*,#5910,.F.);
#3763=ORIENTED_EDGE('',*,*,#5911,.F.);
#3764=ORIENTED_EDGE('',*,*,#5912,.F.);
#3765=ORIENTED_EDGE('',*,*,#5913,.F.);
#3766=ORIENTED_EDGE('',*,*,#5914,.F.);
#3767=ORIENTED_EDGE('',*,*,#5915,.F.);
#3768=ORIENTED_EDGE('',*,*,#5916,.F.);
#3769=ORIENTED_EDGE('',*,*,#5917,.F.);
#3770=ORIENTED_EDGE('',*,*,#5918,.F.);
#3771=ORIENTED_EDGE('',*,*,#5919,.F.);
#3772=ORIENTED_EDGE('',*,*,#5920,.F.);
#3773=ORIENTED_EDGE('',*,*,#5921,.F.);
#3774=ORIENTED_EDGE('',*,*,#5922,.F.);
#3775=ORIENTED_EDGE('',*,*,#5923,.T.);
#3776=ORIENTED_EDGE('',*,*,#5924,.F.);
#3777=ORIENTED_EDGE('',*,*,#5925,.F.);
#3778=ORIENTED_EDGE('',*,*,#5926,.F.);
#3779=ORIENTED_EDGE('',*,*,#5927,.F.);
#3780=ORIENTED_EDGE('',*,*,#5928,.F.);
#3781=ORIENTED_EDGE('',*,*,#5929,.F.);
#3782=ORIENTED_EDGE('',*,*,#5930,.F.);
#3783=ORIENTED_EDGE('',*,*,#5458,.T.);
#3784=ORIENTED_EDGE('',*,*,#5856,.T.);
#3785=ORIENTED_EDGE('',*,*,#5609,.T.);
#3786=ORIENTED_EDGE('',*,*,#5606,.T.);
#3787=ORIENTED_EDGE('',*,*,#5603,.T.);
#3788=ORIENTED_EDGE('',*,*,#5600,.T.);
#3789=ORIENTED_EDGE('',*,*,#5597,.T.);
#3790=ORIENTED_EDGE('',*,*,#5594,.F.);
#3791=ORIENTED_EDGE('',*,*,#5591,.T.);
#3792=ORIENTED_EDGE('',*,*,#5588,.T.);
#3793=ORIENTED_EDGE('',*,*,#5585,.T.);
#3794=ORIENTED_EDGE('',*,*,#5582,.T.);
#3795=ORIENTED_EDGE('',*,*,#5579,.F.);
#3796=ORIENTED_EDGE('',*,*,#5576,.F.);
#3797=ORIENTED_EDGE('',*,*,#5573,.T.);
#3798=ORIENTED_EDGE('',*,*,#5570,.F.);
#3799=ORIENTED_EDGE('',*,*,#5567,.T.);
#3800=ORIENTED_EDGE('',*,*,#5564,.T.);
#3801=ORIENTED_EDGE('',*,*,#5561,.T.);
#3802=ORIENTED_EDGE('',*,*,#5558,.F.);
#3803=ORIENTED_EDGE('',*,*,#5555,.T.);
#3804=ORIENTED_EDGE('',*,*,#5552,.T.);
#3805=ORIENTED_EDGE('',*,*,#5549,.T.);
#3806=ORIENTED_EDGE('',*,*,#5546,.T.);
#3807=ORIENTED_EDGE('',*,*,#5543,.T.);
#3808=ORIENTED_EDGE('',*,*,#5540,.T.);
#3809=ORIENTED_EDGE('',*,*,#5537,.T.);
#3810=ORIENTED_EDGE('',*,*,#5534,.T.);
#3811=ORIENTED_EDGE('',*,*,#5531,.T.);
#3812=ORIENTED_EDGE('',*,*,#5528,.T.);
#3813=ORIENTED_EDGE('',*,*,#5525,.T.);
#3814=ORIENTED_EDGE('',*,*,#5522,.T.);
#3815=ORIENTED_EDGE('',*,*,#5519,.T.);
#3816=ORIENTED_EDGE('',*,*,#5516,.T.);
#3817=ORIENTED_EDGE('',*,*,#5513,.T.);
#3818=ORIENTED_EDGE('',*,*,#5510,.F.);
#3819=ORIENTED_EDGE('',*,*,#5507,.T.);
#3820=ORIENTED_EDGE('',*,*,#5504,.T.);
#3821=ORIENTED_EDGE('',*,*,#5501,.T.);
#3822=ORIENTED_EDGE('',*,*,#5498,.T.);
#3823=ORIENTED_EDGE('',*,*,#5495,.T.);
#3824=ORIENTED_EDGE('',*,*,#5492,.T.);
#3825=ORIENTED_EDGE('',*,*,#5489,.T.);
#3826=ORIENTED_EDGE('',*,*,#5486,.T.);
#3827=ORIENTED_EDGE('',*,*,#5483,.T.);
#3828=ORIENTED_EDGE('',*,*,#5480,.T.);
#3829=ORIENTED_EDGE('',*,*,#5477,.T.);
#3830=ORIENTED_EDGE('',*,*,#5474,.T.);
#3831=ORIENTED_EDGE('',*,*,#5471,.T.);
#3832=ORIENTED_EDGE('',*,*,#5468,.T.);
#3833=ORIENTED_EDGE('',*,*,#5465,.T.);
#3834=ORIENTED_EDGE('',*,*,#5462,.T.);
#3835=ORIENTED_EDGE('',*,*,#5931,.F.);
#3836=ORIENTED_EDGE('',*,*,#5932,.F.);
#3837=ORIENTED_EDGE('',*,*,#5933,.F.);
#3838=ORIENTED_EDGE('',*,*,#5934,.F.);
#3839=ORIENTED_EDGE('',*,*,#5935,.F.);
#3840=ORIENTED_EDGE('',*,*,#5936,.F.);
#3841=ORIENTED_EDGE('',*,*,#5937,.F.);
#3842=ORIENTED_EDGE('',*,*,#5938,.F.);
#3843=ORIENTED_EDGE('',*,*,#5939,.F.);
#3844=ORIENTED_EDGE('',*,*,#5940,.F.);
#3845=ORIENTED_EDGE('',*,*,#5941,.F.);
#3846=ORIENTED_EDGE('',*,*,#5942,.T.);
#3847=ORIENTED_EDGE('',*,*,#5943,.T.);
#3848=ORIENTED_EDGE('',*,*,#5944,.T.);
#3849=ORIENTED_EDGE('',*,*,#5945,.F.);
#3850=ORIENTED_EDGE('',*,*,#5946,.T.);
#3851=ORIENTED_EDGE('',*,*,#5947,.T.);
#3852=ORIENTED_EDGE('',*,*,#5948,.T.);
#3853=ORIENTED_EDGE('',*,*,#5949,.T.);
#3854=ORIENTED_EDGE('',*,*,#5925,.T.);
#3855=ORIENTED_EDGE('',*,*,#5950,.F.);
#3856=ORIENTED_EDGE('',*,*,#5951,.F.);
#3857=ORIENTED_EDGE('',*,*,#5952,.T.);
#3858=ORIENTED_EDGE('',*,*,#5924,.T.);
#3859=ORIENTED_EDGE('',*,*,#5953,.F.);
#3860=ORIENTED_EDGE('',*,*,#5954,.F.);
#3861=ORIENTED_EDGE('',*,*,#5950,.T.);
#3862=ORIENTED_EDGE('',*,*,#5930,.T.);
#3863=ORIENTED_EDGE('',*,*,#5955,.F.);
#3864=ORIENTED_EDGE('',*,*,#5956,.F.);
#3865=ORIENTED_EDGE('',*,*,#5953,.T.);
#3866=ORIENTED_EDGE('',*,*,#5929,.T.);
#3867=ORIENTED_EDGE('',*,*,#5957,.F.);
#3868=ORIENTED_EDGE('',*,*,#5958,.F.);
#3869=ORIENTED_EDGE('',*,*,#5955,.T.);
#3870=ORIENTED_EDGE('',*,*,#5928,.T.);
#3871=ORIENTED_EDGE('',*,*,#5959,.F.);
#3872=ORIENTED_EDGE('',*,*,#5960,.F.);
#3873=ORIENTED_EDGE('',*,*,#5957,.T.);
#3874=ORIENTED_EDGE('',*,*,#5927,.T.);
#3875=ORIENTED_EDGE('',*,*,#5961,.F.);
#3876=ORIENTED_EDGE('',*,*,#5962,.F.);
#3877=ORIENTED_EDGE('',*,*,#5959,.T.);
#3878=ORIENTED_EDGE('',*,*,#5926,.T.);
#3879=ORIENTED_EDGE('',*,*,#5952,.F.);
#3880=ORIENTED_EDGE('',*,*,#5963,.F.);
#3881=ORIENTED_EDGE('',*,*,#5961,.T.);
#3882=ORIENTED_EDGE('',*,*,#5951,.T.);
#3883=ORIENTED_EDGE('',*,*,#5954,.T.);
#3884=ORIENTED_EDGE('',*,*,#5956,.T.);
#3885=ORIENTED_EDGE('',*,*,#5958,.T.);
#3886=ORIENTED_EDGE('',*,*,#5960,.T.);
#3887=ORIENTED_EDGE('',*,*,#5962,.T.);
#3888=ORIENTED_EDGE('',*,*,#5963,.T.);
#3889=ORIENTED_EDGE('',*,*,#5915,.T.);
#3890=ORIENTED_EDGE('',*,*,#5964,.F.);
#3891=ORIENTED_EDGE('',*,*,#5965,.F.);
#3892=ORIENTED_EDGE('',*,*,#5966,.T.);
#3893=ORIENTED_EDGE('',*,*,#5914,.T.);
#3894=ORIENTED_EDGE('',*,*,#5967,.F.);
#3895=ORIENTED_EDGE('',*,*,#5968,.F.);
#3896=ORIENTED_EDGE('',*,*,#5964,.T.);
#3897=ORIENTED_EDGE('',*,*,#5923,.F.);
#3898=ORIENTED_EDGE('',*,*,#5969,.F.);
#3899=ORIENTED_EDGE('',*,*,#5970,.T.);
#3900=ORIENTED_EDGE('',*,*,#5967,.T.);
#3901=ORIENTED_EDGE('',*,*,#5922,.T.);
#3902=ORIENTED_EDGE('',*,*,#5971,.F.);
#3903=ORIENTED_EDGE('',*,*,#5972,.F.);
#3904=ORIENTED_EDGE('',*,*,#5969,.T.);
#3905=ORIENTED_EDGE('',*,*,#5921,.T.);
#3906=ORIENTED_EDGE('',*,*,#5973,.F.);
#3907=ORIENTED_EDGE('',*,*,#5974,.F.);
#3908=ORIENTED_EDGE('',*,*,#5971,.T.);
#3909=ORIENTED_EDGE('',*,*,#5920,.T.);
#3910=ORIENTED_EDGE('',*,*,#5975,.F.);
#3911=ORIENTED_EDGE('',*,*,#5976,.F.);
#3912=ORIENTED_EDGE('',*,*,#5973,.T.);
#3913=ORIENTED_EDGE('',*,*,#5919,.T.);
#3914=ORIENTED_EDGE('',*,*,#5977,.F.);
#3915=ORIENTED_EDGE('',*,*,#5978,.F.);
#3916=ORIENTED_EDGE('',*,*,#5975,.T.);
#3917=ORIENTED_EDGE('',*,*,#5918,.T.);
#3918=ORIENTED_EDGE('',*,*,#5979,.F.);
#3919=ORIENTED_EDGE('',*,*,#5980,.F.);
#3920=ORIENTED_EDGE('',*,*,#5977,.T.);
#3921=ORIENTED_EDGE('',*,*,#5917,.T.);
#3922=ORIENTED_EDGE('',*,*,#5981,.F.);
#3923=ORIENTED_EDGE('',*,*,#5982,.F.);
#3924=ORIENTED_EDGE('',*,*,#5979,.T.);
#3925=ORIENTED_EDGE('',*,*,#5916,.T.);
#3926=ORIENTED_EDGE('',*,*,#5966,.F.);
#3927=ORIENTED_EDGE('',*,*,#5983,.F.);
#3928=ORIENTED_EDGE('',*,*,#5981,.T.);
#3929=ORIENTED_EDGE('',*,*,#5965,.T.);
#3930=ORIENTED_EDGE('',*,*,#5968,.T.);
#3931=ORIENTED_EDGE('',*,*,#5970,.F.);
#3932=ORIENTED_EDGE('',*,*,#5972,.T.);
#3933=ORIENTED_EDGE('',*,*,#5974,.T.);
#3934=ORIENTED_EDGE('',*,*,#5976,.T.);
#3935=ORIENTED_EDGE('',*,*,#5978,.T.);
#3936=ORIENTED_EDGE('',*,*,#5980,.T.);
#3937=ORIENTED_EDGE('',*,*,#5982,.T.);
#3938=ORIENTED_EDGE('',*,*,#5983,.T.);
#3939=ORIENTED_EDGE('',*,*,#5902,.T.);
#3940=ORIENTED_EDGE('',*,*,#5984,.F.);
#3941=ORIENTED_EDGE('',*,*,#5985,.F.);
#3942=ORIENTED_EDGE('',*,*,#5986,.T.);
#3943=ORIENTED_EDGE('',*,*,#5901,.T.);
#3944=ORIENTED_EDGE('',*,*,#5987,.F.);
#3945=ORIENTED_EDGE('',*,*,#5988,.F.);
#3946=ORIENTED_EDGE('',*,*,#5984,.T.);
#3947=ORIENTED_EDGE('',*,*,#5913,.T.);
#3948=ORIENTED_EDGE('',*,*,#5989,.F.);
#3949=ORIENTED_EDGE('',*,*,#5990,.F.);
#3950=ORIENTED_EDGE('',*,*,#5987,.T.);
#3951=ORIENTED_EDGE('',*,*,#5912,.T.);
#3952=ORIENTED_EDGE('',*,*,#5991,.F.);
#3953=ORIENTED_EDGE('',*,*,#5992,.F.);
#3954=ORIENTED_EDGE('',*,*,#5989,.T.);
#3955=ORIENTED_EDGE('',*,*,#5911,.T.);
#3956=ORIENTED_EDGE('',*,*,#5993,.F.);
#3957=ORIENTED_EDGE('',*,*,#5994,.F.);
#3958=ORIENTED_EDGE('',*,*,#5991,.T.);
#3959=ORIENTED_EDGE('',*,*,#5910,.T.);
#3960=ORIENTED_EDGE('',*,*,#5995,.F.);
#3961=ORIENTED_EDGE('',*,*,#5996,.F.);
#3962=ORIENTED_EDGE('',*,*,#5993,.T.);
#3963=ORIENTED_EDGE('',*,*,#5909,.T.);
#3964=ORIENTED_EDGE('',*,*,#5997,.F.);
#3965=ORIENTED_EDGE('',*,*,#5998,.F.);
#3966=ORIENTED_EDGE('',*,*,#5995,.T.);
#3967=ORIENTED_EDGE('',*,*,#5908,.T.);
#3968=ORIENTED_EDGE('',*,*,#5999,.F.);
#3969=ORIENTED_EDGE('',*,*,#6000,.F.);
#3970=ORIENTED_EDGE('',*,*,#5997,.T.);
#3971=ORIENTED_EDGE('',*,*,#5907,.F.);
#3972=ORIENTED_EDGE('',*,*,#6001,.F.);
#3973=ORIENTED_EDGE('',*,*,#6002,.T.);
#3974=ORIENTED_EDGE('',*,*,#5999,.T.);
#3975=ORIENTED_EDGE('',*,*,#5906,.F.);
#3976=ORIENTED_EDGE('',*,*,#6003,.F.);
#3977=ORIENTED_EDGE('',*,*,#6004,.T.);
#3978=ORIENTED_EDGE('',*,*,#6001,.T.);
#3979=ORIENTED_EDGE('',*,*,#5905,.F.);
#3980=ORIENTED_EDGE('',*,*,#6005,.F.);
#3981=ORIENTED_EDGE('',*,*,#6006,.T.);
#3982=ORIENTED_EDGE('',*,*,#6003,.T.);
#3983=ORIENTED_EDGE('',*,*,#5904,.T.);
#3984=ORIENTED_EDGE('',*,*,#6007,.F.);
#3985=ORIENTED_EDGE('',*,*,#6008,.F.);
#3986=ORIENTED_EDGE('',*,*,#6005,.T.);
#3987=ORIENTED_EDGE('',*,*,#6009,.F.);
#3988=ORIENTED_EDGE('',*,*,#6010,.F.);
#3989=ORIENTED_EDGE('',*,*,#6011,.T.);
#3990=ORIENTED_EDGE('',*,*,#6012,.T.);
#3991=ORIENTED_EDGE('',*,*,#6013,.F.);
#3992=ORIENTED_EDGE('',*,*,#6014,.F.);
#3993=ORIENTED_EDGE('',*,*,#6015,.T.);
#3994=ORIENTED_EDGE('',*,*,#6010,.T.);
#3995=ORIENTED_EDGE('',*,*,#6016,.T.);
#3996=ORIENTED_EDGE('',*,*,#6017,.F.);
#3997=ORIENTED_EDGE('',*,*,#6018,.F.);
#3998=ORIENTED_EDGE('',*,*,#6014,.T.);
#3999=ORIENTED_EDGE('',*,*,#6019,.F.);
#4000=ORIENTED_EDGE('',*,*,#6012,.F.);
#4001=ORIENTED_EDGE('',*,*,#6020,.T.);
#4002=ORIENTED_EDGE('',*,*,#6017,.T.);
#4003=ORIENTED_EDGE('',*,*,#5903,.T.);
#4004=ORIENTED_EDGE('',*,*,#5986,.F.);
#4005=ORIENTED_EDGE('',*,*,#6021,.F.);
#4006=ORIENTED_EDGE('',*,*,#6007,.T.);
#4007=ORIENTED_EDGE('',*,*,#6011,.F.);
#4008=ORIENTED_EDGE('',*,*,#6015,.F.);
#4009=ORIENTED_EDGE('',*,*,#6018,.T.);
#4010=ORIENTED_EDGE('',*,*,#6020,.F.);
#4011=ORIENTED_EDGE('',*,*,#5985,.T.);
#4012=ORIENTED_EDGE('',*,*,#5988,.T.);
#4013=ORIENTED_EDGE('',*,*,#5990,.T.);
#4014=ORIENTED_EDGE('',*,*,#5992,.T.);
#4015=ORIENTED_EDGE('',*,*,#5994,.T.);
#4016=ORIENTED_EDGE('',*,*,#5996,.T.);
#4017=ORIENTED_EDGE('',*,*,#5998,.T.);
#4018=ORIENTED_EDGE('',*,*,#6000,.T.);
#4019=ORIENTED_EDGE('',*,*,#6002,.F.);
#4020=ORIENTED_EDGE('',*,*,#6004,.F.);
#4021=ORIENTED_EDGE('',*,*,#6006,.F.);
#4022=ORIENTED_EDGE('',*,*,#6008,.T.);
#4023=ORIENTED_EDGE('',*,*,#6021,.T.);
#4024=ORIENTED_EDGE('',*,*,#6009,.T.);
#4025=ORIENTED_EDGE('',*,*,#6019,.T.);
#4026=ORIENTED_EDGE('',*,*,#6016,.F.);
#4027=ORIENTED_EDGE('',*,*,#6013,.T.);
#4028=ORIENTED_EDGE('',*,*,#5888,.T.);
#4029=ORIENTED_EDGE('',*,*,#6022,.F.);
#4030=ORIENTED_EDGE('',*,*,#6023,.F.);
#4031=ORIENTED_EDGE('',*,*,#6024,.T.);
#4032=ORIENTED_EDGE('',*,*,#5887,.T.);
#4033=ORIENTED_EDGE('',*,*,#6025,.F.);
#4034=ORIENTED_EDGE('',*,*,#6026,.F.);
#4035=ORIENTED_EDGE('',*,*,#6022,.T.);
#4036=ORIENTED_EDGE('',*,*,#5900,.T.);
#4037=ORIENTED_EDGE('',*,*,#6027,.F.);
#4038=ORIENTED_EDGE('',*,*,#6028,.F.);
#4039=ORIENTED_EDGE('',*,*,#6025,.T.);
#4040=ORIENTED_EDGE('',*,*,#5899,.T.);
#4041=ORIENTED_EDGE('',*,*,#6029,.F.);
#4042=ORIENTED_EDGE('',*,*,#6030,.F.);
#4043=ORIENTED_EDGE('',*,*,#6027,.T.);
#4044=ORIENTED_EDGE('',*,*,#5898,.T.);
#4045=ORIENTED_EDGE('',*,*,#6031,.F.);
#4046=ORIENTED_EDGE('',*,*,#6032,.F.);
#4047=ORIENTED_EDGE('',*,*,#6029,.T.);
#4048=ORIENTED_EDGE('',*,*,#5897,.T.);
#4049=ORIENTED_EDGE('',*,*,#6033,.F.);
#4050=ORIENTED_EDGE('',*,*,#6034,.F.);
#4051=ORIENTED_EDGE('',*,*,#6031,.T.);
#4052=ORIENTED_EDGE('',*,*,#5896,.T.);
#4053=ORIENTED_EDGE('',*,*,#6035,.F.);
#4054=ORIENTED_EDGE('',*,*,#6036,.F.);
#4055=ORIENTED_EDGE('',*,*,#6033,.T.);
#4056=ORIENTED_EDGE('',*,*,#5895,.T.);
#4057=ORIENTED_EDGE('',*,*,#6037,.F.);
#4058=ORIENTED_EDGE('',*,*,#6038,.F.);
#4059=ORIENTED_EDGE('',*,*,#6035,.T.);
#4060=ORIENTED_EDGE('',*,*,#5894,.T.);
#4061=ORIENTED_EDGE('',*,*,#6039,.F.);
#4062=ORIENTED_EDGE('',*,*,#6040,.F.);
#4063=ORIENTED_EDGE('',*,*,#6037,.T.);
#4064=ORIENTED_EDGE('',*,*,#5893,.T.);
#4065=ORIENTED_EDGE('',*,*,#6041,.F.);
#4066=ORIENTED_EDGE('',*,*,#6042,.F.);
#4067=ORIENTED_EDGE('',*,*,#6039,.T.);
#4068=ORIENTED_EDGE('',*,*,#5892,.T.);
#4069=ORIENTED_EDGE('',*,*,#6043,.F.);
#4070=ORIENTED_EDGE('',*,*,#6044,.F.);
#4071=ORIENTED_EDGE('',*,*,#6041,.T.);
#4072=ORIENTED_EDGE('',*,*,#5891,.T.);
#4073=ORIENTED_EDGE('',*,*,#6045,.F.);
#4074=ORIENTED_EDGE('',*,*,#6046,.F.);
#4075=ORIENTED_EDGE('',*,*,#6043,.T.);
#4076=ORIENTED_EDGE('',*,*,#5890,.T.);
#4077=ORIENTED_EDGE('',*,*,#6047,.F.);
#4078=ORIENTED_EDGE('',*,*,#6048,.F.);
#4079=ORIENTED_EDGE('',*,*,#6045,.T.);
#4080=ORIENTED_EDGE('',*,*,#5889,.T.);
#4081=ORIENTED_EDGE('',*,*,#6024,.F.);
#4082=ORIENTED_EDGE('',*,*,#6049,.F.);
#4083=ORIENTED_EDGE('',*,*,#6047,.T.);
#4084=ORIENTED_EDGE('',*,*,#6023,.T.);
#4085=ORIENTED_EDGE('',*,*,#6026,.T.);
#4086=ORIENTED_EDGE('',*,*,#6028,.T.);
#4087=ORIENTED_EDGE('',*,*,#6030,.T.);
#4088=ORIENTED_EDGE('',*,*,#6032,.T.);
#4089=ORIENTED_EDGE('',*,*,#6034,.T.);
#4090=ORIENTED_EDGE('',*,*,#6036,.T.);
#4091=ORIENTED_EDGE('',*,*,#6038,.T.);
#4092=ORIENTED_EDGE('',*,*,#6040,.T.);
#4093=ORIENTED_EDGE('',*,*,#6042,.T.);
#4094=ORIENTED_EDGE('',*,*,#6044,.T.);
#4095=ORIENTED_EDGE('',*,*,#6046,.T.);
#4096=ORIENTED_EDGE('',*,*,#6048,.T.);
#4097=ORIENTED_EDGE('',*,*,#6049,.T.);
#4098=ORIENTED_EDGE('',*,*,#6050,.F.);
#4099=ORIENTED_EDGE('',*,*,#6051,.F.);
#4100=ORIENTED_EDGE('',*,*,#6052,.T.);
#4101=ORIENTED_EDGE('',*,*,#6053,.T.);
#4102=ORIENTED_EDGE('',*,*,#6054,.T.);
#4103=ORIENTED_EDGE('',*,*,#6055,.F.);
#4104=ORIENTED_EDGE('',*,*,#6056,.F.);
#4105=ORIENTED_EDGE('',*,*,#6051,.T.);
#4106=ORIENTED_EDGE('',*,*,#6057,.F.);
#4107=ORIENTED_EDGE('',*,*,#6058,.F.);
#4108=ORIENTED_EDGE('',*,*,#6059,.T.);
#4109=ORIENTED_EDGE('',*,*,#6055,.T.);
#4110=ORIENTED_EDGE('',*,*,#5880,.F.);
#4111=ORIENTED_EDGE('',*,*,#6060,.F.);
#4112=ORIENTED_EDGE('',*,*,#6061,.T.);
#4113=ORIENTED_EDGE('',*,*,#6062,.T.);
#4114=ORIENTED_EDGE('',*,*,#5886,.F.);
#4115=ORIENTED_EDGE('',*,*,#6063,.F.);
#4116=ORIENTED_EDGE('',*,*,#6064,.T.);
#4117=ORIENTED_EDGE('',*,*,#6060,.T.);
#4118=ORIENTED_EDGE('',*,*,#5885,.T.);
#4119=ORIENTED_EDGE('',*,*,#6065,.F.);
#4120=ORIENTED_EDGE('',*,*,#6066,.F.);
#4121=ORIENTED_EDGE('',*,*,#6063,.T.);
#4122=ORIENTED_EDGE('',*,*,#5884,.T.);
#4123=ORIENTED_EDGE('',*,*,#6067,.F.);
#4124=ORIENTED_EDGE('',*,*,#6068,.F.);
#4125=ORIENTED_EDGE('',*,*,#6065,.T.);
#4126=ORIENTED_EDGE('',*,*,#5883,.F.);
#4127=ORIENTED_EDGE('',*,*,#6069,.F.);
#4128=ORIENTED_EDGE('',*,*,#6070,.T.);
#4129=ORIENTED_EDGE('',*,*,#6067,.T.);
#4130=ORIENTED_EDGE('',*,*,#5882,.F.);
#4131=ORIENTED_EDGE('',*,*,#6071,.F.);
#4132=ORIENTED_EDGE('',*,*,#6072,.T.);
#4133=ORIENTED_EDGE('',*,*,#6069,.T.);
#4134=ORIENTED_EDGE('',*,*,#5881,.F.);
#4135=ORIENTED_EDGE('',*,*,#6062,.F.);
#4136=ORIENTED_EDGE('',*,*,#6073,.T.);
#4137=ORIENTED_EDGE('',*,*,#6071,.T.);
#4138=ORIENTED_EDGE('',*,*,#6074,.F.);
#4139=ORIENTED_EDGE('',*,*,#6053,.F.);
#4140=ORIENTED_EDGE('',*,*,#6075,.T.);
#4141=ORIENTED_EDGE('',*,*,#6058,.T.);
#4142=ORIENTED_EDGE('',*,*,#6061,.F.);
#4143=ORIENTED_EDGE('',*,*,#6064,.F.);
#4144=ORIENTED_EDGE('',*,*,#6066,.T.);
#4145=ORIENTED_EDGE('',*,*,#6068,.T.);
#4146=ORIENTED_EDGE('',*,*,#6070,.F.);
#4147=ORIENTED_EDGE('',*,*,#6072,.F.);
#4148=ORIENTED_EDGE('',*,*,#6073,.F.);
#4149=ORIENTED_EDGE('',*,*,#6052,.F.);
#4150=ORIENTED_EDGE('',*,*,#6056,.T.);
#4151=ORIENTED_EDGE('',*,*,#6059,.F.);
#4152=ORIENTED_EDGE('',*,*,#6075,.F.);
#4153=ORIENTED_EDGE('',*,*,#6076,.T.);
#4154=ORIENTED_EDGE('',*,*,#6077,.F.);
#4155=ORIENTED_EDGE('',*,*,#6078,.F.);
#4156=ORIENTED_EDGE('',*,*,#6079,.T.);
#4157=ORIENTED_EDGE('',*,*,#6080,.T.);
#4158=ORIENTED_EDGE('',*,*,#6081,.F.);
#4159=ORIENTED_EDGE('',*,*,#6082,.F.);
#4160=ORIENTED_EDGE('',*,*,#6077,.T.);
#4161=ORIENTED_EDGE('',*,*,#5874,.T.);
#4162=ORIENTED_EDGE('',*,*,#6083,.F.);
#4163=ORIENTED_EDGE('',*,*,#6084,.F.);
#4164=ORIENTED_EDGE('',*,*,#6085,.T.);
#4165=ORIENTED_EDGE('',*,*,#5873,.T.);
#4166=ORIENTED_EDGE('',*,*,#6086,.F.);
#4167=ORIENTED_EDGE('',*,*,#6087,.F.);
#4168=ORIENTED_EDGE('',*,*,#6083,.T.);
#4169=ORIENTED_EDGE('',*,*,#5879,.T.);
#4170=ORIENTED_EDGE('',*,*,#6088,.F.);
#4171=ORIENTED_EDGE('',*,*,#6089,.F.);
#4172=ORIENTED_EDGE('',*,*,#6086,.T.);
#4173=ORIENTED_EDGE('',*,*,#5878,.T.);
#4174=ORIENTED_EDGE('',*,*,#6090,.F.);
#4175=ORIENTED_EDGE('',*,*,#6091,.F.);
#4176=ORIENTED_EDGE('',*,*,#6088,.T.);
#4177=ORIENTED_EDGE('',*,*,#5877,.T.);
#4178=ORIENTED_EDGE('',*,*,#6092,.F.);
#4179=ORIENTED_EDGE('',*,*,#6093,.F.);
#4180=ORIENTED_EDGE('',*,*,#6090,.T.);
#4181=ORIENTED_EDGE('',*,*,#5876,.T.);
#4182=ORIENTED_EDGE('',*,*,#6094,.F.);
#4183=ORIENTED_EDGE('',*,*,#6095,.F.);
#4184=ORIENTED_EDGE('',*,*,#6092,.T.);
#4185=ORIENTED_EDGE('',*,*,#5875,.T.);
#4186=ORIENTED_EDGE('',*,*,#6085,.F.);
#4187=ORIENTED_EDGE('',*,*,#6096,.F.);
#4188=ORIENTED_EDGE('',*,*,#6094,.T.);
#4189=ORIENTED_EDGE('',*,*,#6097,.T.);
#4190=ORIENTED_EDGE('',*,*,#6079,.F.);
#4191=ORIENTED_EDGE('',*,*,#6098,.F.);
#4192=ORIENTED_EDGE('',*,*,#6081,.T.);
#4193=ORIENTED_EDGE('',*,*,#6084,.T.);
#4194=ORIENTED_EDGE('',*,*,#6087,.T.);
#4195=ORIENTED_EDGE('',*,*,#6089,.T.);
#4196=ORIENTED_EDGE('',*,*,#6091,.T.);
#4197=ORIENTED_EDGE('',*,*,#6093,.T.);
#4198=ORIENTED_EDGE('',*,*,#6095,.T.);
#4199=ORIENTED_EDGE('',*,*,#6096,.T.);
#4200=ORIENTED_EDGE('',*,*,#6078,.T.);
#4201=ORIENTED_EDGE('',*,*,#6082,.T.);
#4202=ORIENTED_EDGE('',*,*,#6098,.T.);
#4203=ORIENTED_EDGE('',*,*,#5619,.T.);
#4204=ORIENTED_EDGE('',*,*,#5853,.T.);
#4205=ORIENTED_EDGE('',*,*,#5731,.T.);
#4206=ORIENTED_EDGE('',*,*,#5728,.T.);
#4207=ORIENTED_EDGE('',*,*,#5725,.T.);
#4208=ORIENTED_EDGE('',*,*,#5722,.T.);
#4209=ORIENTED_EDGE('',*,*,#5719,.T.);
#4210=ORIENTED_EDGE('',*,*,#5716,.T.);
#4211=ORIENTED_EDGE('',*,*,#5713,.T.);
#4212=ORIENTED_EDGE('',*,*,#5710,.F.);
#4213=ORIENTED_EDGE('',*,*,#5707,.F.);
#4214=ORIENTED_EDGE('',*,*,#5704,.T.);
#4215=ORIENTED_EDGE('',*,*,#5701,.T.);
#4216=ORIENTED_EDGE('',*,*,#5698,.F.);
#4217=ORIENTED_EDGE('',*,*,#5695,.F.);
#4218=ORIENTED_EDGE('',*,*,#5692,.T.);
#4219=ORIENTED_EDGE('',*,*,#5689,.T.);
#4220=ORIENTED_EDGE('',*,*,#5686,.T.);
#4221=ORIENTED_EDGE('',*,*,#5683,.T.);
#4222=ORIENTED_EDGE('',*,*,#5680,.T.);
#4223=ORIENTED_EDGE('',*,*,#5677,.T.);
#4224=ORIENTED_EDGE('',*,*,#5674,.T.);
#4225=ORIENTED_EDGE('',*,*,#5671,.T.);
#4226=ORIENTED_EDGE('',*,*,#5668,.T.);
#4227=ORIENTED_EDGE('',*,*,#5665,.T.);
#4228=ORIENTED_EDGE('',*,*,#5662,.T.);
#4229=ORIENTED_EDGE('',*,*,#5659,.T.);
#4230=ORIENTED_EDGE('',*,*,#5656,.T.);
#4231=ORIENTED_EDGE('',*,*,#5653,.T.);
#4232=ORIENTED_EDGE('',*,*,#5650,.F.);
#4233=ORIENTED_EDGE('',*,*,#5647,.T.);
#4234=ORIENTED_EDGE('',*,*,#5644,.T.);
#4235=ORIENTED_EDGE('',*,*,#5641,.F.);
#4236=ORIENTED_EDGE('',*,*,#5638,.F.);
#4237=ORIENTED_EDGE('',*,*,#5635,.F.);
#4238=ORIENTED_EDGE('',*,*,#5632,.T.);
#4239=ORIENTED_EDGE('',*,*,#5629,.T.);
#4240=ORIENTED_EDGE('',*,*,#5626,.F.);
#4241=ORIENTED_EDGE('',*,*,#5623,.F.);
#4242=ORIENTED_EDGE('',*,*,#6099,.F.);
#4243=ORIENTED_EDGE('',*,*,#6100,.F.);
#4244=ORIENTED_EDGE('',*,*,#6101,.F.);
#4245=ORIENTED_EDGE('',*,*,#6102,.F.);
#4246=ORIENTED_EDGE('',*,*,#6103,.F.);
#4247=ORIENTED_EDGE('',*,*,#6104,.T.);
#4248=ORIENTED_EDGE('',*,*,#6105,.F.);
#4249=ORIENTED_EDGE('',*,*,#6106,.F.);
#4250=ORIENTED_EDGE('',*,*,#6107,.F.);
#4251=ORIENTED_EDGE('',*,*,#6108,.F.);
#4252=ORIENTED_EDGE('',*,*,#6109,.F.);
#4253=ORIENTED_EDGE('',*,*,#6110,.F.);
#4254=ORIENTED_EDGE('',*,*,#6111,.F.);
#4255=ORIENTED_EDGE('',*,*,#6112,.T.);
#4256=ORIENTED_EDGE('',*,*,#6113,.F.);
#4257=ORIENTED_EDGE('',*,*,#6114,.F.);
#4258=ORIENTED_EDGE('',*,*,#6115,.F.);
#4259=ORIENTED_EDGE('',*,*,#6116,.F.);
#4260=ORIENTED_EDGE('',*,*,#6117,.F.);
#4261=ORIENTED_EDGE('',*,*,#6118,.F.);
#4262=ORIENTED_EDGE('',*,*,#6119,.F.);
#4263=ORIENTED_EDGE('',*,*,#6120,.F.);
#4264=ORIENTED_EDGE('',*,*,#6121,.F.);
#4265=ORIENTED_EDGE('',*,*,#6122,.F.);
#4266=ORIENTED_EDGE('',*,*,#6123,.F.);
#4267=ORIENTED_EDGE('',*,*,#6124,.F.);
#4268=ORIENTED_EDGE('',*,*,#6125,.F.);
#4269=ORIENTED_EDGE('',*,*,#6126,.F.);
#4270=ORIENTED_EDGE('',*,*,#6127,.F.);
#4271=ORIENTED_EDGE('',*,*,#6128,.T.);
#4272=ORIENTED_EDGE('',*,*,#6129,.T.);
#4273=ORIENTED_EDGE('',*,*,#6130,.T.);
#4274=ORIENTED_EDGE('',*,*,#6131,.F.);
#4275=ORIENTED_EDGE('',*,*,#6132,.F.);
#4276=ORIENTED_EDGE('',*,*,#6133,.F.);
#4277=ORIENTED_EDGE('',*,*,#6134,.F.);
#4278=ORIENTED_EDGE('',*,*,#6135,.F.);
#4279=ORIENTED_EDGE('',*,*,#6136,.F.);
#4280=ORIENTED_EDGE('',*,*,#6137,.F.);
#4281=ORIENTED_EDGE('',*,*,#6138,.F.);
#4282=ORIENTED_EDGE('',*,*,#6139,.F.);
#4283=ORIENTED_EDGE('',*,*,#6140,.F.);
#4284=ORIENTED_EDGE('',*,*,#6141,.F.);
#4285=ORIENTED_EDGE('',*,*,#6142,.T.);
#4286=ORIENTED_EDGE('',*,*,#6143,.T.);
#4287=ORIENTED_EDGE('',*,*,#6144,.T.);
#4288=ORIENTED_EDGE('',*,*,#6145,.T.);
#4289=ORIENTED_EDGE('',*,*,#6146,.F.);
#4290=ORIENTED_EDGE('',*,*,#6147,.F.);
#4291=ORIENTED_EDGE('',*,*,#6148,.T.);
#4292=ORIENTED_EDGE('',*,*,#6149,.F.);
#4293=ORIENTED_EDGE('',*,*,#6150,.F.);
#4294=ORIENTED_EDGE('',*,*,#6151,.F.);
#4295=ORIENTED_EDGE('',*,*,#6152,.T.);
#4296=ORIENTED_EDGE('',*,*,#6153,.F.);
#4297=ORIENTED_EDGE('',*,*,#6154,.F.);
#4298=ORIENTED_EDGE('',*,*,#6155,.F.);
#4299=ORIENTED_EDGE('',*,*,#6156,.F.);
#4300=ORIENTED_EDGE('',*,*,#6157,.F.);
#4301=ORIENTED_EDGE('',*,*,#6158,.F.);
#4302=ORIENTED_EDGE('',*,*,#6159,.T.);
#4303=ORIENTED_EDGE('',*,*,#6160,.T.);
#4304=ORIENTED_EDGE('',*,*,#6161,.F.);
#4305=ORIENTED_EDGE('',*,*,#6162,.T.);
#4306=ORIENTED_EDGE('',*,*,#6163,.F.);
#4307=ORIENTED_EDGE('',*,*,#6164,.F.);
#4308=ORIENTED_EDGE('',*,*,#6165,.F.);
#4309=ORIENTED_EDGE('',*,*,#6166,.T.);
#4310=ORIENTED_EDGE('',*,*,#6167,.F.);
#4311=ORIENTED_EDGE('',*,*,#6100,.T.);
#4312=ORIENTED_EDGE('',*,*,#6168,.F.);
#4313=ORIENTED_EDGE('',*,*,#6169,.F.);
#4314=ORIENTED_EDGE('',*,*,#6170,.T.);
#4315=ORIENTED_EDGE('',*,*,#6099,.T.);
#4316=ORIENTED_EDGE('',*,*,#6171,.F.);
#4317=ORIENTED_EDGE('',*,*,#6172,.F.);
#4318=ORIENTED_EDGE('',*,*,#6168,.T.);
#4319=ORIENTED_EDGE('',*,*,#6108,.T.);
#4320=ORIENTED_EDGE('',*,*,#6173,.F.);
#4321=ORIENTED_EDGE('',*,*,#6174,.F.);
#4322=ORIENTED_EDGE('',*,*,#6171,.T.);
#4323=ORIENTED_EDGE('',*,*,#6107,.T.);
#4324=ORIENTED_EDGE('',*,*,#6175,.F.);
#4325=ORIENTED_EDGE('',*,*,#6176,.F.);
#4326=ORIENTED_EDGE('',*,*,#6173,.T.);
#4327=ORIENTED_EDGE('',*,*,#6106,.T.);
#4328=ORIENTED_EDGE('',*,*,#6177,.F.);
#4329=ORIENTED_EDGE('',*,*,#6178,.F.);
#4330=ORIENTED_EDGE('',*,*,#6175,.T.);
#4331=ORIENTED_EDGE('',*,*,#6105,.T.);
#4332=ORIENTED_EDGE('',*,*,#6179,.F.);
#4333=ORIENTED_EDGE('',*,*,#6180,.F.);
#4334=ORIENTED_EDGE('',*,*,#6177,.T.);
#4335=ORIENTED_EDGE('',*,*,#6104,.F.);
#4336=ORIENTED_EDGE('',*,*,#6181,.F.);
#4337=ORIENTED_EDGE('',*,*,#6182,.T.);
#4338=ORIENTED_EDGE('',*,*,#6179,.T.);
#4339=ORIENTED_EDGE('',*,*,#6103,.T.);
#4340=ORIENTED_EDGE('',*,*,#6183,.F.);
#4341=ORIENTED_EDGE('',*,*,#6184,.F.);
#4342=ORIENTED_EDGE('',*,*,#6181,.T.);
#4343=ORIENTED_EDGE('',*,*,#6102,.T.);
#4344=ORIENTED_EDGE('',*,*,#6185,.F.);
#4345=ORIENTED_EDGE('',*,*,#6186,.F.);
#4346=ORIENTED_EDGE('',*,*,#6183,.T.);
#4347=ORIENTED_EDGE('',*,*,#6187,.F.);
#4348=ORIENTED_EDGE('',*,*,#6188,.F.);
#4349=ORIENTED_EDGE('',*,*,#6189,.T.);
#4350=ORIENTED_EDGE('',*,*,#6190,.T.);
#4351=ORIENTED_EDGE('',*,*,#6191,.F.);
#4352=ORIENTED_EDGE('',*,*,#6192,.F.);
#4353=ORIENTED_EDGE('',*,*,#6193,.T.);
#4354=ORIENTED_EDGE('',*,*,#6188,.T.);
#4355=ORIENTED_EDGE('',*,*,#6194,.F.);
#4356=ORIENTED_EDGE('',*,*,#6195,.F.);
#4357=ORIENTED_EDGE('',*,*,#6196,.T.);
#4358=ORIENTED_EDGE('',*,*,#6192,.T.);
#4359=ORIENTED_EDGE('',*,*,#6197,.F.);
#4360=ORIENTED_EDGE('',*,*,#6198,.F.);
#4361=ORIENTED_EDGE('',*,*,#6199,.T.);
#4362=ORIENTED_EDGE('',*,*,#6200,.T.);
#4363=ORIENTED_EDGE('',*,*,#6201,.F.);
#4364=ORIENTED_EDGE('',*,*,#6202,.F.);
#4365=ORIENTED_EDGE('',*,*,#6203,.T.);
#4366=ORIENTED_EDGE('',*,*,#6198,.T.);
#4367=ORIENTED_EDGE('',*,*,#6204,.F.);
#4368=ORIENTED_EDGE('',*,*,#6205,.F.);
#4369=ORIENTED_EDGE('',*,*,#6206,.T.);
#4370=ORIENTED_EDGE('',*,*,#6202,.T.);
#4371=ORIENTED_EDGE('',*,*,#6207,.F.);
#4372=ORIENTED_EDGE('',*,*,#6190,.F.);
#4373=ORIENTED_EDGE('',*,*,#6208,.T.);
#4374=ORIENTED_EDGE('',*,*,#6195,.T.);
#4375=ORIENTED_EDGE('',*,*,#6209,.F.);
#4376=ORIENTED_EDGE('',*,*,#6200,.F.);
#4377=ORIENTED_EDGE('',*,*,#6210,.T.);
#4378=ORIENTED_EDGE('',*,*,#6205,.T.);
#4379=ORIENTED_EDGE('',*,*,#6101,.T.);
#4380=ORIENTED_EDGE('',*,*,#6170,.F.);
#4381=ORIENTED_EDGE('',*,*,#6211,.F.);
#4382=ORIENTED_EDGE('',*,*,#6185,.T.);
#4383=ORIENTED_EDGE('',*,*,#6199,.F.);
#4384=ORIENTED_EDGE('',*,*,#6203,.F.);
#4385=ORIENTED_EDGE('',*,*,#6206,.F.);
#4386=ORIENTED_EDGE('',*,*,#6210,.F.);
#4387=ORIENTED_EDGE('',*,*,#6189,.F.);
#4388=ORIENTED_EDGE('',*,*,#6193,.F.);
#4389=ORIENTED_EDGE('',*,*,#6196,.F.);
#4390=ORIENTED_EDGE('',*,*,#6208,.F.);
#4391=ORIENTED_EDGE('',*,*,#6169,.T.);
#4392=ORIENTED_EDGE('',*,*,#6172,.T.);
#4393=ORIENTED_EDGE('',*,*,#6174,.T.);
#4394=ORIENTED_EDGE('',*,*,#6176,.T.);
#4395=ORIENTED_EDGE('',*,*,#6178,.T.);
#4396=ORIENTED_EDGE('',*,*,#6180,.T.);
#4397=ORIENTED_EDGE('',*,*,#6182,.F.);
#4398=ORIENTED_EDGE('',*,*,#6184,.T.);
#4399=ORIENTED_EDGE('',*,*,#6186,.T.);
#4400=ORIENTED_EDGE('',*,*,#6211,.T.);
#4401=ORIENTED_EDGE('',*,*,#6197,.T.);
#4402=ORIENTED_EDGE('',*,*,#6209,.T.);
#4403=ORIENTED_EDGE('',*,*,#6204,.T.);
#4404=ORIENTED_EDGE('',*,*,#6201,.T.);
#4405=ORIENTED_EDGE('',*,*,#6187,.T.);
#4406=ORIENTED_EDGE('',*,*,#6207,.T.);
#4407=ORIENTED_EDGE('',*,*,#6194,.T.);
#4408=ORIENTED_EDGE('',*,*,#6191,.T.);
#4409=ORIENTED_EDGE('',*,*,#6110,.T.);
#4410=ORIENTED_EDGE('',*,*,#6212,.F.);
#4411=ORIENTED_EDGE('',*,*,#6213,.F.);
#4412=ORIENTED_EDGE('',*,*,#6214,.T.);
#4413=ORIENTED_EDGE('',*,*,#6109,.T.);
#4414=ORIENTED_EDGE('',*,*,#6215,.F.);
#4415=ORIENTED_EDGE('',*,*,#6216,.F.);
#4416=ORIENTED_EDGE('',*,*,#6212,.T.);
#4417=ORIENTED_EDGE('',*,*,#6114,.T.);
#4418=ORIENTED_EDGE('',*,*,#6217,.F.);
#4419=ORIENTED_EDGE('',*,*,#6218,.F.);
#4420=ORIENTED_EDGE('',*,*,#6215,.T.);
#4421=ORIENTED_EDGE('',*,*,#6113,.T.);
#4422=ORIENTED_EDGE('',*,*,#6219,.F.);
#4423=ORIENTED_EDGE('',*,*,#6220,.F.);
#4424=ORIENTED_EDGE('',*,*,#6217,.T.);
#4425=ORIENTED_EDGE('',*,*,#6112,.F.);
#4426=ORIENTED_EDGE('',*,*,#6221,.F.);
#4427=ORIENTED_EDGE('',*,*,#6222,.T.);
#4428=ORIENTED_EDGE('',*,*,#6219,.T.);
#4429=ORIENTED_EDGE('',*,*,#6111,.T.);
#4430=ORIENTED_EDGE('',*,*,#6214,.F.);
#4431=ORIENTED_EDGE('',*,*,#6223,.F.);
#4432=ORIENTED_EDGE('',*,*,#6221,.T.);
#4433=ORIENTED_EDGE('',*,*,#6213,.T.);
#4434=ORIENTED_EDGE('',*,*,#6216,.T.);
#4435=ORIENTED_EDGE('',*,*,#6218,.T.);
#4436=ORIENTED_EDGE('',*,*,#6220,.T.);
#4437=ORIENTED_EDGE('',*,*,#6222,.F.);
#4438=ORIENTED_EDGE('',*,*,#6223,.T.);
#4439=ORIENTED_EDGE('',*,*,#6116,.T.);
#4440=ORIENTED_EDGE('',*,*,#6224,.F.);
#4441=ORIENTED_EDGE('',*,*,#6225,.F.);
#4442=ORIENTED_EDGE('',*,*,#6226,.T.);
#4443=ORIENTED_EDGE('',*,*,#6115,.T.);
#4444=ORIENTED_EDGE('',*,*,#6227,.F.);
#4445=ORIENTED_EDGE('',*,*,#6228,.F.);
#4446=ORIENTED_EDGE('',*,*,#6224,.T.);
#4447=ORIENTED_EDGE('',*,*,#6118,.T.);
#4448=ORIENTED_EDGE('',*,*,#6229,.F.);
#4449=ORIENTED_EDGE('',*,*,#6230,.F.);
#4450=ORIENTED_EDGE('',*,*,#6227,.T.);
#4451=ORIENTED_EDGE('',*,*,#6117,.T.);
#4452=ORIENTED_EDGE('',*,*,#6226,.F.);
#4453=ORIENTED_EDGE('',*,*,#6231,.F.);
#4454=ORIENTED_EDGE('',*,*,#6229,.T.);
#4455=ORIENTED_EDGE('',*,*,#6225,.T.);
#4456=ORIENTED_EDGE('',*,*,#6228,.T.);
#4457=ORIENTED_EDGE('',*,*,#6230,.T.);
#4458=ORIENTED_EDGE('',*,*,#6231,.T.);
#4459=ORIENTED_EDGE('',*,*,#6120,.T.);
#4460=ORIENTED_EDGE('',*,*,#6232,.F.);
#4461=ORIENTED_EDGE('',*,*,#6233,.F.);
#4462=ORIENTED_EDGE('',*,*,#6234,.T.);
#4463=ORIENTED_EDGE('',*,*,#6119,.T.);
#4464=ORIENTED_EDGE('',*,*,#6235,.F.);
#4465=ORIENTED_EDGE('',*,*,#6236,.F.);
#4466=ORIENTED_EDGE('',*,*,#6232,.T.);
#4467=ORIENTED_EDGE('',*,*,#6130,.F.);
#4468=ORIENTED_EDGE('',*,*,#6237,.F.);
#4469=ORIENTED_EDGE('',*,*,#6238,.T.);
#4470=ORIENTED_EDGE('',*,*,#6235,.T.);
#4471=ORIENTED_EDGE('',*,*,#6129,.F.);
#4472=ORIENTED_EDGE('',*,*,#6239,.F.);
#4473=ORIENTED_EDGE('',*,*,#6240,.T.);
#4474=ORIENTED_EDGE('',*,*,#6237,.T.);
#4475=ORIENTED_EDGE('',*,*,#6128,.F.);
#4476=ORIENTED_EDGE('',*,*,#6241,.F.);
#4477=ORIENTED_EDGE('',*,*,#6242,.T.);
#4478=ORIENTED_EDGE('',*,*,#6239,.T.);
#4479=ORIENTED_EDGE('',*,*,#6127,.T.);
#4480=ORIENTED_EDGE('',*,*,#6243,.F.);
#4481=ORIENTED_EDGE('',*,*,#6244,.F.);
#4482=ORIENTED_EDGE('',*,*,#6241,.T.);
#4483=ORIENTED_EDGE('',*,*,#6126,.T.);
#4484=ORIENTED_EDGE('',*,*,#6245,.F.);
#4485=ORIENTED_EDGE('',*,*,#6246,.F.);
#4486=ORIENTED_EDGE('',*,*,#6243,.T.);
#4487=ORIENTED_EDGE('',*,*,#6125,.T.);
#4488=ORIENTED_EDGE('',*,*,#6247,.F.);
#4489=ORIENTED_EDGE('',*,*,#6248,.F.);
#4490=ORIENTED_EDGE('',*,*,#6245,.T.);
#4491=ORIENTED_EDGE('',*,*,#6124,.T.);
#4492=ORIENTED_EDGE('',*,*,#6249,.F.);
#4493=ORIENTED_EDGE('',*,*,#6250,.F.);
#4494=ORIENTED_EDGE('',*,*,#6247,.T.);
#4495=ORIENTED_EDGE('',*,*,#6123,.T.);
#4496=ORIENTED_EDGE('',*,*,#6251,.F.);
#4497=ORIENTED_EDGE('',*,*,#6252,.F.);
#4498=ORIENTED_EDGE('',*,*,#6249,.T.);
#4499=ORIENTED_EDGE('',*,*,#6122,.T.);
#4500=ORIENTED_EDGE('',*,*,#6253,.F.);
#4501=ORIENTED_EDGE('',*,*,#6254,.F.);
#4502=ORIENTED_EDGE('',*,*,#6251,.T.);
#4503=ORIENTED_EDGE('',*,*,#6255,.F.);
#4504=ORIENTED_EDGE('',*,*,#6256,.F.);
#4505=ORIENTED_EDGE('',*,*,#6257,.T.);
#4506=ORIENTED_EDGE('',*,*,#6258,.T.);
#4507=ORIENTED_EDGE('',*,*,#6259,.F.);
#4508=ORIENTED_EDGE('',*,*,#6260,.F.);
#4509=ORIENTED_EDGE('',*,*,#6261,.T.);
#4510=ORIENTED_EDGE('',*,*,#6256,.T.);
#4511=ORIENTED_EDGE('',*,*,#6262,.F.);
#4512=ORIENTED_EDGE('',*,*,#6263,.F.);
#4513=ORIENTED_EDGE('',*,*,#6264,.T.);
#4514=ORIENTED_EDGE('',*,*,#6260,.T.);
#4515=ORIENTED_EDGE('',*,*,#6265,.F.);
#4516=ORIENTED_EDGE('',*,*,#6258,.F.);
#4517=ORIENTED_EDGE('',*,*,#6266,.T.);
#4518=ORIENTED_EDGE('',*,*,#6263,.T.);
#4519=ORIENTED_EDGE('',*,*,#6121,.T.);
#4520=ORIENTED_EDGE('',*,*,#6234,.F.);
#4521=ORIENTED_EDGE('',*,*,#6267,.F.);
#4522=ORIENTED_EDGE('',*,*,#6253,.T.);
#4523=ORIENTED_EDGE('',*,*,#6257,.F.);
#4524=ORIENTED_EDGE('',*,*,#6261,.F.);
#4525=ORIENTED_EDGE('',*,*,#6264,.F.);
#4526=ORIENTED_EDGE('',*,*,#6266,.F.);
#4527=ORIENTED_EDGE('',*,*,#6233,.T.);
#4528=ORIENTED_EDGE('',*,*,#6236,.T.);
#4529=ORIENTED_EDGE('',*,*,#6238,.F.);
#4530=ORIENTED_EDGE('',*,*,#6240,.F.);
#4531=ORIENTED_EDGE('',*,*,#6242,.F.);
#4532=ORIENTED_EDGE('',*,*,#6244,.T.);
#4533=ORIENTED_EDGE('',*,*,#6246,.T.);
#4534=ORIENTED_EDGE('',*,*,#6248,.T.);
#4535=ORIENTED_EDGE('',*,*,#6250,.T.);
#4536=ORIENTED_EDGE('',*,*,#6252,.T.);
#4537=ORIENTED_EDGE('',*,*,#6254,.T.);
#4538=ORIENTED_EDGE('',*,*,#6267,.T.);
#4539=ORIENTED_EDGE('',*,*,#6255,.T.);
#4540=ORIENTED_EDGE('',*,*,#6265,.T.);
#4541=ORIENTED_EDGE('',*,*,#6262,.T.);
#4542=ORIENTED_EDGE('',*,*,#6259,.T.);
#4543=ORIENTED_EDGE('',*,*,#5858,.F.);
#4544=ORIENTED_EDGE('',*,*,#6268,.F.);
#4545=ORIENTED_EDGE('',*,*,#6269,.T.);
#4546=ORIENTED_EDGE('',*,*,#6270,.T.);
#4547=ORIENTED_EDGE('',*,*,#5872,.T.);
#4548=ORIENTED_EDGE('',*,*,#6271,.F.);
#4549=ORIENTED_EDGE('',*,*,#6272,.F.);
#4550=ORIENTED_EDGE('',*,*,#6268,.T.);
#4551=ORIENTED_EDGE('',*,*,#5871,.F.);
#4552=ORIENTED_EDGE('',*,*,#6273,.F.);
#4553=ORIENTED_EDGE('',*,*,#6274,.T.);
#4554=ORIENTED_EDGE('',*,*,#6271,.T.);
#4555=ORIENTED_EDGE('',*,*,#5870,.T.);
#4556=ORIENTED_EDGE('',*,*,#6275,.F.);
#4557=ORIENTED_EDGE('',*,*,#6276,.F.);
#4558=ORIENTED_EDGE('',*,*,#6273,.T.);
#4559=ORIENTED_EDGE('',*,*,#5869,.F.);
#4560=ORIENTED_EDGE('',*,*,#6277,.F.);
#4561=ORIENTED_EDGE('',*,*,#6278,.T.);
#4562=ORIENTED_EDGE('',*,*,#6275,.T.);
#4563=ORIENTED_EDGE('',*,*,#5868,.T.);
#4564=ORIENTED_EDGE('',*,*,#6279,.F.);
#4565=ORIENTED_EDGE('',*,*,#6280,.F.);
#4566=ORIENTED_EDGE('',*,*,#6277,.T.);
#4567=ORIENTED_EDGE('',*,*,#5867,.F.);
#4568=ORIENTED_EDGE('',*,*,#6281,.F.);
#4569=ORIENTED_EDGE('',*,*,#6282,.T.);
#4570=ORIENTED_EDGE('',*,*,#6279,.T.);
#4571=ORIENTED_EDGE('',*,*,#5866,.F.);
#4572=ORIENTED_EDGE('',*,*,#6283,.F.);
#4573=ORIENTED_EDGE('',*,*,#6284,.T.);
#4574=ORIENTED_EDGE('',*,*,#6281,.T.);
#4575=ORIENTED_EDGE('',*,*,#5865,.F.);
#4576=ORIENTED_EDGE('',*,*,#6285,.F.);
#4577=ORIENTED_EDGE('',*,*,#6286,.T.);
#4578=ORIENTED_EDGE('',*,*,#6283,.T.);
#4579=ORIENTED_EDGE('',*,*,#5864,.F.);
#4580=ORIENTED_EDGE('',*,*,#6287,.F.);
#4581=ORIENTED_EDGE('',*,*,#6288,.T.);
#4582=ORIENTED_EDGE('',*,*,#6285,.T.);
#4583=ORIENTED_EDGE('',*,*,#5863,.F.);
#4584=ORIENTED_EDGE('',*,*,#6289,.F.);
#4585=ORIENTED_EDGE('',*,*,#6290,.T.);
#4586=ORIENTED_EDGE('',*,*,#6287,.T.);
#4587=ORIENTED_EDGE('',*,*,#5862,.F.);
#4588=ORIENTED_EDGE('',*,*,#6291,.F.);
#4589=ORIENTED_EDGE('',*,*,#6292,.T.);
#4590=ORIENTED_EDGE('',*,*,#6289,.T.);
#4591=ORIENTED_EDGE('',*,*,#5861,.T.);
#4592=ORIENTED_EDGE('',*,*,#6293,.F.);
#4593=ORIENTED_EDGE('',*,*,#6294,.F.);
#4594=ORIENTED_EDGE('',*,*,#6291,.T.);
#4595=ORIENTED_EDGE('',*,*,#5860,.F.);
#4596=ORIENTED_EDGE('',*,*,#6295,.F.);
#4597=ORIENTED_EDGE('',*,*,#6296,.T.);
#4598=ORIENTED_EDGE('',*,*,#6293,.T.);
#4599=ORIENTED_EDGE('',*,*,#6297,.F.);
#4600=ORIENTED_EDGE('',*,*,#6298,.F.);
#4601=ORIENTED_EDGE('',*,*,#6299,.T.);
#4602=ORIENTED_EDGE('',*,*,#6300,.T.);
#4603=ORIENTED_EDGE('',*,*,#6301,.F.);
#4604=ORIENTED_EDGE('',*,*,#6302,.F.);
#4605=ORIENTED_EDGE('',*,*,#6303,.T.);
#4606=ORIENTED_EDGE('',*,*,#6298,.T.);
#4607=ORIENTED_EDGE('',*,*,#6304,.F.);
#4608=ORIENTED_EDGE('',*,*,#6305,.F.);
#4609=ORIENTED_EDGE('',*,*,#6306,.T.);
#4610=ORIENTED_EDGE('',*,*,#6302,.T.);
#4611=ORIENTED_EDGE('',*,*,#6307,.F.);
#4612=ORIENTED_EDGE('',*,*,#6300,.F.);
#4613=ORIENTED_EDGE('',*,*,#6308,.T.);
#4614=ORIENTED_EDGE('',*,*,#6305,.T.);
#4615=ORIENTED_EDGE('',*,*,#5859,.T.);
#4616=ORIENTED_EDGE('',*,*,#6270,.F.);
#4617=ORIENTED_EDGE('',*,*,#6309,.F.);
#4618=ORIENTED_EDGE('',*,*,#6295,.T.);
#4619=ORIENTED_EDGE('',*,*,#6299,.F.);
#4620=ORIENTED_EDGE('',*,*,#6303,.F.);
#4621=ORIENTED_EDGE('',*,*,#6306,.F.);
#4622=ORIENTED_EDGE('',*,*,#6308,.F.);
#4623=ORIENTED_EDGE('',*,*,#6269,.F.);
#4624=ORIENTED_EDGE('',*,*,#6272,.T.);
#4625=ORIENTED_EDGE('',*,*,#6274,.F.);
#4626=ORIENTED_EDGE('',*,*,#6276,.T.);
#4627=ORIENTED_EDGE('',*,*,#6278,.F.);
#4628=ORIENTED_EDGE('',*,*,#6280,.T.);
#4629=ORIENTED_EDGE('',*,*,#6282,.F.);
#4630=ORIENTED_EDGE('',*,*,#6284,.F.);
#4631=ORIENTED_EDGE('',*,*,#6286,.F.);
#4632=ORIENTED_EDGE('',*,*,#6288,.F.);
#4633=ORIENTED_EDGE('',*,*,#6290,.F.);
#4634=ORIENTED_EDGE('',*,*,#6292,.F.);
#4635=ORIENTED_EDGE('',*,*,#6294,.T.);
#4636=ORIENTED_EDGE('',*,*,#6296,.F.);
#4637=ORIENTED_EDGE('',*,*,#6309,.T.);
#4638=ORIENTED_EDGE('',*,*,#6297,.T.);
#4639=ORIENTED_EDGE('',*,*,#6307,.T.);
#4640=ORIENTED_EDGE('',*,*,#6304,.T.);
#4641=ORIENTED_EDGE('',*,*,#6301,.T.);
#4642=ORIENTED_EDGE('',*,*,#5932,.T.);
#4643=ORIENTED_EDGE('',*,*,#6310,.F.);
#4644=ORIENTED_EDGE('',*,*,#6311,.F.);
#4645=ORIENTED_EDGE('',*,*,#6312,.T.);
#4646=ORIENTED_EDGE('',*,*,#5931,.T.);
#4647=ORIENTED_EDGE('',*,*,#6313,.F.);
#4648=ORIENTED_EDGE('',*,*,#6314,.F.);
#4649=ORIENTED_EDGE('',*,*,#6310,.T.);
#4650=ORIENTED_EDGE('',*,*,#5941,.T.);
#4651=ORIENTED_EDGE('',*,*,#6315,.F.);
#4652=ORIENTED_EDGE('',*,*,#6316,.F.);
#4653=ORIENTED_EDGE('',*,*,#6313,.T.);
#4654=ORIENTED_EDGE('',*,*,#5940,.T.);
#4655=ORIENTED_EDGE('',*,*,#6317,.F.);
#4656=ORIENTED_EDGE('',*,*,#6318,.F.);
#4657=ORIENTED_EDGE('',*,*,#6315,.T.);
#4658=ORIENTED_EDGE('',*,*,#5939,.T.);
#4659=ORIENTED_EDGE('',*,*,#6319,.F.);
#4660=ORIENTED_EDGE('',*,*,#6320,.F.);
#4661=ORIENTED_EDGE('',*,*,#6317,.T.);
#4662=ORIENTED_EDGE('',*,*,#5938,.T.);
#4663=ORIENTED_EDGE('',*,*,#6321,.F.);
#4664=ORIENTED_EDGE('',*,*,#6322,.F.);
#4665=ORIENTED_EDGE('',*,*,#6319,.T.);
#4666=ORIENTED_EDGE('',*,*,#5937,.T.);
#4667=ORIENTED_EDGE('',*,*,#6323,.F.);
#4668=ORIENTED_EDGE('',*,*,#6324,.F.);
#4669=ORIENTED_EDGE('',*,*,#6321,.T.);
#4670=ORIENTED_EDGE('',*,*,#5936,.T.);
#4671=ORIENTED_EDGE('',*,*,#6325,.F.);
#4672=ORIENTED_EDGE('',*,*,#6326,.F.);
#4673=ORIENTED_EDGE('',*,*,#6323,.T.);
#4674=ORIENTED_EDGE('',*,*,#5935,.T.);
#4675=ORIENTED_EDGE('',*,*,#6327,.F.);
#4676=ORIENTED_EDGE('',*,*,#6328,.F.);
#4677=ORIENTED_EDGE('',*,*,#6325,.T.);
#4678=ORIENTED_EDGE('',*,*,#5934,.T.);
#4679=ORIENTED_EDGE('',*,*,#6329,.F.);
#4680=ORIENTED_EDGE('',*,*,#6330,.F.);
#4681=ORIENTED_EDGE('',*,*,#6327,.T.);
#4682=ORIENTED_EDGE('',*,*,#5933,.T.);
#4683=ORIENTED_EDGE('',*,*,#6312,.F.);
#4684=ORIENTED_EDGE('',*,*,#6331,.F.);
#4685=ORIENTED_EDGE('',*,*,#6329,.T.);
#4686=ORIENTED_EDGE('',*,*,#6311,.T.);
#4687=ORIENTED_EDGE('',*,*,#6314,.T.);
#4688=ORIENTED_EDGE('',*,*,#6316,.T.);
#4689=ORIENTED_EDGE('',*,*,#6318,.T.);
#4690=ORIENTED_EDGE('',*,*,#6320,.T.);
#4691=ORIENTED_EDGE('',*,*,#6322,.T.);
#4692=ORIENTED_EDGE('',*,*,#6324,.T.);
#4693=ORIENTED_EDGE('',*,*,#6326,.T.);
#4694=ORIENTED_EDGE('',*,*,#6328,.T.);
#4695=ORIENTED_EDGE('',*,*,#6330,.T.);
#4696=ORIENTED_EDGE('',*,*,#6331,.T.);
#4697=ORIENTED_EDGE('',*,*,#5942,.F.);
#4698=ORIENTED_EDGE('',*,*,#6332,.F.);
#4699=ORIENTED_EDGE('',*,*,#6333,.T.);
#4700=ORIENTED_EDGE('',*,*,#6334,.T.);
#4701=ORIENTED_EDGE('',*,*,#5949,.F.);
#4702=ORIENTED_EDGE('',*,*,#6335,.F.);
#4703=ORIENTED_EDGE('',*,*,#6336,.T.);
#4704=ORIENTED_EDGE('',*,*,#6332,.T.);
#4705=ORIENTED_EDGE('',*,*,#5948,.F.);
#4706=ORIENTED_EDGE('',*,*,#6337,.F.);
#4707=ORIENTED_EDGE('',*,*,#6338,.T.);
#4708=ORIENTED_EDGE('',*,*,#6335,.T.);
#4709=ORIENTED_EDGE('',*,*,#5947,.F.);
#4710=ORIENTED_EDGE('',*,*,#6339,.F.);
#4711=ORIENTED_EDGE('',*,*,#6340,.T.);
#4712=ORIENTED_EDGE('',*,*,#6337,.T.);
#4713=ORIENTED_EDGE('',*,*,#5946,.F.);
#4714=ORIENTED_EDGE('',*,*,#6341,.F.);
#4715=ORIENTED_EDGE('',*,*,#6342,.T.);
#4716=ORIENTED_EDGE('',*,*,#6339,.T.);
#4717=ORIENTED_EDGE('',*,*,#5945,.T.);
#4718=ORIENTED_EDGE('',*,*,#6343,.F.);
#4719=ORIENTED_EDGE('',*,*,#6344,.F.);
#4720=ORIENTED_EDGE('',*,*,#6341,.T.);
#4721=ORIENTED_EDGE('',*,*,#5944,.F.);
#4722=ORIENTED_EDGE('',*,*,#6345,.F.);
#4723=ORIENTED_EDGE('',*,*,#6346,.T.);
#4724=ORIENTED_EDGE('',*,*,#6343,.T.);
#4725=ORIENTED_EDGE('',*,*,#5943,.F.);
#4726=ORIENTED_EDGE('',*,*,#6334,.F.);
#4727=ORIENTED_EDGE('',*,*,#6347,.T.);
#4728=ORIENTED_EDGE('',*,*,#6345,.T.);
#4729=ORIENTED_EDGE('',*,*,#6333,.F.);
#4730=ORIENTED_EDGE('',*,*,#6336,.F.);
#4731=ORIENTED_EDGE('',*,*,#6338,.F.);
#4732=ORIENTED_EDGE('',*,*,#6340,.F.);
#4733=ORIENTED_EDGE('',*,*,#6342,.F.);
#4734=ORIENTED_EDGE('',*,*,#6344,.T.);
#4735=ORIENTED_EDGE('',*,*,#6346,.F.);
#4736=ORIENTED_EDGE('',*,*,#6347,.F.);
#4737=ORIENTED_EDGE('',*,*,#6132,.T.);
#4738=ORIENTED_EDGE('',*,*,#6348,.F.);
#4739=ORIENTED_EDGE('',*,*,#6349,.F.);
#4740=ORIENTED_EDGE('',*,*,#6350,.T.);
#4741=ORIENTED_EDGE('',*,*,#6131,.T.);
#4742=ORIENTED_EDGE('',*,*,#6351,.F.);
#4743=ORIENTED_EDGE('',*,*,#6352,.F.);
#4744=ORIENTED_EDGE('',*,*,#6348,.T.);
#4745=ORIENTED_EDGE('',*,*,#6145,.F.);
#4746=ORIENTED_EDGE('',*,*,#6353,.F.);
#4747=ORIENTED_EDGE('',*,*,#6354,.T.);
#4748=ORIENTED_EDGE('',*,*,#6351,.T.);
#4749=ORIENTED_EDGE('',*,*,#6144,.F.);
#4750=ORIENTED_EDGE('',*,*,#6355,.F.);
#4751=ORIENTED_EDGE('',*,*,#6356,.T.);
#4752=ORIENTED_EDGE('',*,*,#6353,.T.);
#4753=ORIENTED_EDGE('',*,*,#6143,.F.);
#4754=ORIENTED_EDGE('',*,*,#6357,.F.);
#4755=ORIENTED_EDGE('',*,*,#6358,.T.);
#4756=ORIENTED_EDGE('',*,*,#6355,.T.);
#4757=ORIENTED_EDGE('',*,*,#6142,.F.);
#4758=ORIENTED_EDGE('',*,*,#6359,.F.);
#4759=ORIENTED_EDGE('',*,*,#6360,.T.);
#4760=ORIENTED_EDGE('',*,*,#6357,.T.);
#4761=ORIENTED_EDGE('',*,*,#6141,.T.);
#4762=ORIENTED_EDGE('',*,*,#6361,.F.);
#4763=ORIENTED_EDGE('',*,*,#6362,.F.);
#4764=ORIENTED_EDGE('',*,*,#6359,.T.);
#4765=ORIENTED_EDGE('',*,*,#6140,.T.);
#4766=ORIENTED_EDGE('',*,*,#6363,.F.);
#4767=ORIENTED_EDGE('',*,*,#6364,.F.);
#4768=ORIENTED_EDGE('',*,*,#6361,.T.);
#4769=ORIENTED_EDGE('',*,*,#6139,.T.);
#4770=ORIENTED_EDGE('',*,*,#6365,.F.);
#4771=ORIENTED_EDGE('',*,*,#6366,.F.);
#4772=ORIENTED_EDGE('',*,*,#6363,.T.);
#4773=ORIENTED_EDGE('',*,*,#6138,.T.);
#4774=ORIENTED_EDGE('',*,*,#6367,.F.);
#4775=ORIENTED_EDGE('',*,*,#6368,.F.);
#4776=ORIENTED_EDGE('',*,*,#6365,.T.);
#4777=ORIENTED_EDGE('',*,*,#6137,.T.);
#4778=ORIENTED_EDGE('',*,*,#6369,.F.);
#4779=ORIENTED_EDGE('',*,*,#6370,.F.);
#4780=ORIENTED_EDGE('',*,*,#6367,.T.);
#4781=ORIENTED_EDGE('',*,*,#6136,.T.);
#4782=ORIENTED_EDGE('',*,*,#6371,.F.);
#4783=ORIENTED_EDGE('',*,*,#6372,.F.);
#4784=ORIENTED_EDGE('',*,*,#6369,.T.);
#4785=ORIENTED_EDGE('',*,*,#6135,.T.);
#4786=ORIENTED_EDGE('',*,*,#6373,.F.);
#4787=ORIENTED_EDGE('',*,*,#6374,.F.);
#4788=ORIENTED_EDGE('',*,*,#6371,.T.);
#4789=ORIENTED_EDGE('',*,*,#6134,.T.);
#4790=ORIENTED_EDGE('',*,*,#6375,.F.);
#4791=ORIENTED_EDGE('',*,*,#6376,.F.);
#4792=ORIENTED_EDGE('',*,*,#6373,.T.);
#4793=ORIENTED_EDGE('',*,*,#6377,.F.);
#4794=ORIENTED_EDGE('',*,*,#6378,.F.);
#4795=ORIENTED_EDGE('',*,*,#6379,.T.);
#4796=ORIENTED_EDGE('',*,*,#6380,.T.);
#4797=ORIENTED_EDGE('',*,*,#6381,.F.);
#4798=ORIENTED_EDGE('',*,*,#6382,.F.);
#4799=ORIENTED_EDGE('',*,*,#6383,.T.);
#4800=ORIENTED_EDGE('',*,*,#6378,.T.);
#4801=ORIENTED_EDGE('',*,*,#6384,.T.);
#4802=ORIENTED_EDGE('',*,*,#6385,.F.);
#4803=ORIENTED_EDGE('',*,*,#6386,.F.);
#4804=ORIENTED_EDGE('',*,*,#6382,.T.);
#4805=ORIENTED_EDGE('',*,*,#6387,.T.);
#4806=ORIENTED_EDGE('',*,*,#6388,.F.);
#4807=ORIENTED_EDGE('',*,*,#6389,.F.);
#4808=ORIENTED_EDGE('',*,*,#6385,.T.);
#4809=ORIENTED_EDGE('',*,*,#6390,.F.);
#4810=ORIENTED_EDGE('',*,*,#6391,.F.);
#4811=ORIENTED_EDGE('',*,*,#6392,.T.);
#4812=ORIENTED_EDGE('',*,*,#6388,.T.);
#4813=ORIENTED_EDGE('',*,*,#6393,.F.);
#4814=ORIENTED_EDGE('',*,*,#6380,.F.);
#4815=ORIENTED_EDGE('',*,*,#6394,.T.);
#4816=ORIENTED_EDGE('',*,*,#6391,.T.);
#4817=ORIENTED_EDGE('',*,*,#6133,.T.);
#4818=ORIENTED_EDGE('',*,*,#6350,.F.);
#4819=ORIENTED_EDGE('',*,*,#6395,.F.);
#4820=ORIENTED_EDGE('',*,*,#6375,.T.);
#4821=ORIENTED_EDGE('',*,*,#6379,.F.);
#4822=ORIENTED_EDGE('',*,*,#6383,.F.);
#4823=ORIENTED_EDGE('',*,*,#6386,.T.);
#4824=ORIENTED_EDGE('',*,*,#6389,.T.);
#4825=ORIENTED_EDGE('',*,*,#6392,.F.);
#4826=ORIENTED_EDGE('',*,*,#6394,.F.);
#4827=ORIENTED_EDGE('',*,*,#6349,.T.);
#4828=ORIENTED_EDGE('',*,*,#6352,.T.);
#4829=ORIENTED_EDGE('',*,*,#6354,.F.);
#4830=ORIENTED_EDGE('',*,*,#6356,.F.);
#4831=ORIENTED_EDGE('',*,*,#6358,.F.);
#4832=ORIENTED_EDGE('',*,*,#6360,.F.);
#4833=ORIENTED_EDGE('',*,*,#6362,.T.);
#4834=ORIENTED_EDGE('',*,*,#6364,.T.);
#4835=ORIENTED_EDGE('',*,*,#6366,.T.);
#4836=ORIENTED_EDGE('',*,*,#6368,.T.);
#4837=ORIENTED_EDGE('',*,*,#6370,.T.);
#4838=ORIENTED_EDGE('',*,*,#6372,.T.);
#4839=ORIENTED_EDGE('',*,*,#6374,.T.);
#4840=ORIENTED_EDGE('',*,*,#6376,.T.);
#4841=ORIENTED_EDGE('',*,*,#6395,.T.);
#4842=ORIENTED_EDGE('',*,*,#6377,.T.);
#4843=ORIENTED_EDGE('',*,*,#6393,.T.);
#4844=ORIENTED_EDGE('',*,*,#6390,.T.);
#4845=ORIENTED_EDGE('',*,*,#6387,.F.);
#4846=ORIENTED_EDGE('',*,*,#6384,.F.);
#4847=ORIENTED_EDGE('',*,*,#6381,.T.);
#4848=ORIENTED_EDGE('',*,*,#6147,.T.);
#4849=ORIENTED_EDGE('',*,*,#6396,.F.);
#4850=ORIENTED_EDGE('',*,*,#6397,.F.);
#4851=ORIENTED_EDGE('',*,*,#6398,.T.);
#4852=ORIENTED_EDGE('',*,*,#6146,.T.);
#4853=ORIENTED_EDGE('',*,*,#6399,.F.);
#4854=ORIENTED_EDGE('',*,*,#6400,.F.);
#4855=ORIENTED_EDGE('',*,*,#6396,.T.);
#4856=ORIENTED_EDGE('',*,*,#6155,.T.);
#4857=ORIENTED_EDGE('',*,*,#6401,.F.);
#4858=ORIENTED_EDGE('',*,*,#6402,.F.);
#4859=ORIENTED_EDGE('',*,*,#6399,.T.);
#4860=ORIENTED_EDGE('',*,*,#6154,.T.);
#4861=ORIENTED_EDGE('',*,*,#6403,.F.);
#4862=ORIENTED_EDGE('',*,*,#6404,.F.);
#4863=ORIENTED_EDGE('',*,*,#6401,.T.);
#4864=ORIENTED_EDGE('',*,*,#6153,.T.);
#4865=ORIENTED_EDGE('',*,*,#6405,.F.);
#4866=ORIENTED_EDGE('',*,*,#6406,.F.);
#4867=ORIENTED_EDGE('',*,*,#6403,.T.);
#4868=ORIENTED_EDGE('',*,*,#6152,.F.);
#4869=ORIENTED_EDGE('',*,*,#6407,.F.);
#4870=ORIENTED_EDGE('',*,*,#6408,.T.);
#4871=ORIENTED_EDGE('',*,*,#6405,.T.);
#4872=ORIENTED_EDGE('',*,*,#6151,.T.);
#4873=ORIENTED_EDGE('',*,*,#6409,.F.);
#4874=ORIENTED_EDGE('',*,*,#6410,.F.);
#4875=ORIENTED_EDGE('',*,*,#6407,.T.);
#4876=ORIENTED_EDGE('',*,*,#6150,.T.);
#4877=ORIENTED_EDGE('',*,*,#6411,.F.);
#4878=ORIENTED_EDGE('',*,*,#6412,.F.);
#4879=ORIENTED_EDGE('',*,*,#6409,.T.);
#4880=ORIENTED_EDGE('',*,*,#6149,.T.);
#4881=ORIENTED_EDGE('',*,*,#6413,.F.);
#4882=ORIENTED_EDGE('',*,*,#6414,.F.);
#4883=ORIENTED_EDGE('',*,*,#6411,.T.);
#4884=ORIENTED_EDGE('',*,*,#6148,.F.);
#4885=ORIENTED_EDGE('',*,*,#6398,.F.);
#4886=ORIENTED_EDGE('',*,*,#6415,.T.);
#4887=ORIENTED_EDGE('',*,*,#6413,.T.);
#4888=ORIENTED_EDGE('',*,*,#6397,.T.);
#4889=ORIENTED_EDGE('',*,*,#6400,.T.);
#4890=ORIENTED_EDGE('',*,*,#6402,.T.);
#4891=ORIENTED_EDGE('',*,*,#6404,.T.);
#4892=ORIENTED_EDGE('',*,*,#6406,.T.);
#4893=ORIENTED_EDGE('',*,*,#6408,.F.);
#4894=ORIENTED_EDGE('',*,*,#6410,.T.);
#4895=ORIENTED_EDGE('',*,*,#6412,.T.);
#4896=ORIENTED_EDGE('',*,*,#6414,.T.);
#4897=ORIENTED_EDGE('',*,*,#6415,.F.);
#4898=ORIENTED_EDGE('',*,*,#6157,.T.);
#4899=ORIENTED_EDGE('',*,*,#6416,.F.);
#4900=ORIENTED_EDGE('',*,*,#6417,.F.);
#4901=ORIENTED_EDGE('',*,*,#6418,.T.);
#4902=ORIENTED_EDGE('',*,*,#6156,.T.);
#4903=ORIENTED_EDGE('',*,*,#6419,.F.);
#4904=ORIENTED_EDGE('',*,*,#6420,.F.);
#4905=ORIENTED_EDGE('',*,*,#6416,.T.);
#4906=ORIENTED_EDGE('',*,*,#6161,.T.);
#4907=ORIENTED_EDGE('',*,*,#6421,.F.);
#4908=ORIENTED_EDGE('',*,*,#6422,.F.);
#4909=ORIENTED_EDGE('',*,*,#6419,.T.);
#4910=ORIENTED_EDGE('',*,*,#6160,.F.);
#4911=ORIENTED_EDGE('',*,*,#6423,.F.);
#4912=ORIENTED_EDGE('',*,*,#6424,.T.);
#4913=ORIENTED_EDGE('',*,*,#6421,.T.);
#4914=ORIENTED_EDGE('',*,*,#6159,.F.);
#4915=ORIENTED_EDGE('',*,*,#6425,.F.);
#4916=ORIENTED_EDGE('',*,*,#6426,.T.);
#4917=ORIENTED_EDGE('',*,*,#6423,.T.);
#4918=ORIENTED_EDGE('',*,*,#6158,.T.);
#4919=ORIENTED_EDGE('',*,*,#6418,.F.);
#4920=ORIENTED_EDGE('',*,*,#6427,.F.);
#4921=ORIENTED_EDGE('',*,*,#6425,.T.);
#4922=ORIENTED_EDGE('',*,*,#6417,.T.);
#4923=ORIENTED_EDGE('',*,*,#6420,.T.);
#4924=ORIENTED_EDGE('',*,*,#6422,.T.);
#4925=ORIENTED_EDGE('',*,*,#6424,.F.);
#4926=ORIENTED_EDGE('',*,*,#6426,.F.);
#4927=ORIENTED_EDGE('',*,*,#6427,.T.);
#4928=ORIENTED_EDGE('',*,*,#6162,.F.);
#4929=ORIENTED_EDGE('',*,*,#6428,.F.);
#4930=ORIENTED_EDGE('',*,*,#6429,.T.);
#4931=ORIENTED_EDGE('',*,*,#6430,.T.);
#4932=ORIENTED_EDGE('',*,*,#6167,.T.);
#4933=ORIENTED_EDGE('',*,*,#6431,.F.);
#4934=ORIENTED_EDGE('',*,*,#6432,.F.);
#4935=ORIENTED_EDGE('',*,*,#6428,.T.);
#4936=ORIENTED_EDGE('',*,*,#6166,.F.);
#4937=ORIENTED_EDGE('',*,*,#6433,.F.);
#4938=ORIENTED_EDGE('',*,*,#6434,.T.);
#4939=ORIENTED_EDGE('',*,*,#6431,.T.);
#4940=ORIENTED_EDGE('',*,*,#6165,.T.);
#4941=ORIENTED_EDGE('',*,*,#6435,.F.);
#4942=ORIENTED_EDGE('',*,*,#6436,.F.);
#4943=ORIENTED_EDGE('',*,*,#6433,.T.);
#4944=ORIENTED_EDGE('',*,*,#6164,.T.);
#4945=ORIENTED_EDGE('',*,*,#6437,.F.);
#4946=ORIENTED_EDGE('',*,*,#6438,.F.);
#4947=ORIENTED_EDGE('',*,*,#6435,.T.);
#4948=ORIENTED_EDGE('',*,*,#6163,.T.);
#4949=ORIENTED_EDGE('',*,*,#6430,.F.);
#4950=ORIENTED_EDGE('',*,*,#6439,.F.);
#4951=ORIENTED_EDGE('',*,*,#6437,.T.);
#4952=ORIENTED_EDGE('',*,*,#6429,.F.);
#4953=ORIENTED_EDGE('',*,*,#6432,.T.);
#4954=ORIENTED_EDGE('',*,*,#6434,.F.);
#4955=ORIENTED_EDGE('',*,*,#6436,.T.);
#4956=ORIENTED_EDGE('',*,*,#6438,.T.);
#4957=ORIENTED_EDGE('',*,*,#6439,.T.);
#4958=ORIENTED_EDGE('',*,*,#6050,.T.);
#4959=ORIENTED_EDGE('',*,*,#6074,.T.);
#4960=ORIENTED_EDGE('',*,*,#6057,.T.);
#4961=ORIENTED_EDGE('',*,*,#6054,.F.);
#4962=ORIENTED_EDGE('',*,*,#6080,.F.);
#4963=ORIENTED_EDGE('',*,*,#6076,.F.);
#4964=ORIENTED_EDGE('',*,*,#6097,.F.);
#4965=EDGE_CURVE('',#6440,#6441,#7422,.T.);
#4966=EDGE_CURVE('',#6442,#6441,#7423,.T.);
#4967=EDGE_CURVE('',#6443,#6442,#7424,.T.);
#4968=EDGE_CURVE('',#6444,#6443,#7425,.T.);
#4969=EDGE_CURVE('',#6445,#6444,#7426,.T.);
#4970=EDGE_CURVE('',#6446,#6445,#7427,.T.);
#4971=EDGE_CURVE('',#6447,#6446,#7428,.T.);
#4972=EDGE_CURVE('',#6448,#6447,#7429,.T.);
#4973=EDGE_CURVE('',#6440,#6448,#7430,.T.);
#4974=EDGE_CURVE('',#6449,#6450,#7431,.T.);
#4975=EDGE_CURVE('',#6451,#6449,#7432,.T.);
#4976=EDGE_CURVE('',#6452,#6451,#7433,.T.);
#4977=EDGE_CURVE('',#6453,#6452,#7434,.T.);
#4978=EDGE_CURVE('',#6454,#6453,#7435,.T.);
#4979=EDGE_CURVE('',#6455,#6454,#7436,.T.);
#4980=EDGE_CURVE('',#6456,#6455,#7437,.T.);
#4981=EDGE_CURVE('',#6456,#6457,#7438,.T.);
#4982=EDGE_CURVE('',#6450,#6457,#7439,.T.);
#4983=EDGE_CURVE('',#6458,#6459,#7440,.T.);
#4984=EDGE_CURVE('',#6460,#6458,#7441,.T.);
#4985=EDGE_CURVE('',#6461,#6460,#7442,.T.);
#4986=EDGE_CURVE('',#6462,#6461,#7443,.T.);
#4987=EDGE_CURVE('',#6463,#6462,#7444,.T.);
#4988=EDGE_CURVE('',#6464,#6463,#337,.T.);
#4989=EDGE_CURVE('',#6465,#6464,#338,.T.);
#4990=EDGE_CURVE('',#6466,#6465,#7445,.T.);
#4991=EDGE_CURVE('',#6467,#6466,#7446,.T.);
#4992=EDGE_CURVE('',#6467,#6468,#7447,.T.);
#4993=EDGE_CURVE('',#6469,#6468,#7448,.T.);
#4994=EDGE_CURVE('',#6470,#6469,#7449,.T.);
#4995=EDGE_CURVE('',#6471,#6470,#7450,.T.);
#4996=EDGE_CURVE('',#6472,#6471,#7451,.T.);
#4997=EDGE_CURVE('',#6473,#6472,#7452,.T.);
#4998=EDGE_CURVE('',#6474,#6473,#7453,.T.);
#4999=EDGE_CURVE('',#6475,#6474,#7454,.T.);
#5000=EDGE_CURVE('',#6476,#6475,#7455,.T.);
#5001=EDGE_CURVE('',#6476,#6459,#7456,.T.);
#5002=EDGE_CURVE('',#6477,#6478,#7457,.T.);
#5003=EDGE_CURVE('',#6479,#6477,#7458,.T.);
#5004=EDGE_CURVE('',#6480,#6479,#7459,.T.);
#5005=EDGE_CURVE('',#6481,#6480,#7460,.T.);
#5006=EDGE_CURVE('',#6482,#6481,#7461,.T.);
#5007=EDGE_CURVE('',#6483,#6482,#7462,.T.);
#5008=EDGE_CURVE('',#6484,#6483,#7463,.T.);
#5009=EDGE_CURVE('',#6484,#6485,#7464,.T.);
#5010=EDGE_CURVE('',#6486,#6485,#7465,.T.);
#5011=EDGE_CURVE('',#6486,#6487,#7466,.T.);
#5012=EDGE_CURVE('',#6487,#6488,#7467,.T.);
#5013=EDGE_CURVE('',#6488,#6489,#7468,.T.);
#5014=EDGE_CURVE('',#6478,#6489,#7469,.T.);
#5015=EDGE_CURVE('',#6490,#6491,#7470,.T.);
#5016=EDGE_CURVE('',#6492,#6490,#7471,.T.);
#5017=EDGE_CURVE('',#6492,#6493,#339,.T.);
#5018=EDGE_CURVE('',#6494,#6493,#7472,.T.);
#5019=EDGE_CURVE('',#6495,#6494,#7473,.T.);
#5020=EDGE_CURVE('',#6495,#6496,#340,.T.);
#5021=EDGE_CURVE('',#6497,#6496,#7474,.T.);
#5022=EDGE_CURVE('',#6498,#6497,#7475,.T.);
#5023=EDGE_CURVE('',#6498,#6499,#341,.F.);
#5024=EDGE_CURVE('',#6500,#6499,#7476,.T.);
#5025=EDGE_CURVE('',#6501,#6500,#7477,.T.);
#5026=EDGE_CURVE('',#6501,#6491,#342,.F.);
#5027=EDGE_CURVE('',#6502,#6503,#7478,.T.);
#5028=EDGE_CURVE('',#6504,#6502,#7479,.T.);
#5029=EDGE_CURVE('',#6505,#6504,#7480,.T.);
#5030=EDGE_CURVE('',#6506,#6505,#7481,.T.);
#5031=EDGE_CURVE('',#6507,#6506,#7482,.T.);
#5032=EDGE_CURVE('',#6508,#6507,#7483,.T.);
#5033=EDGE_CURVE('',#6509,#6508,#7484,.T.);
#5034=EDGE_CURVE('',#6510,#6509,#7485,.T.);
#5035=EDGE_CURVE('',#6511,#6510,#7486,.T.);
#5036=EDGE_CURVE('',#6503,#6511,#7487,.T.);
#5037=EDGE_CURVE('',#6512,#6513,#7488,.T.);
#5038=EDGE_CURVE('',#6513,#6514,#7489,.T.);
#5039=EDGE_CURVE('',#6515,#6514,#7490,.T.);
#5040=EDGE_CURVE('',#6516,#6515,#7491,.T.);
#5041=EDGE_CURVE('',#6516,#6517,#7492,.T.);
#5042=EDGE_CURVE('',#6518,#6517,#7493,.T.);
#5043=EDGE_CURVE('',#6519,#6518,#7494,.T.);
#5044=EDGE_CURVE('',#6520,#6519,#7495,.T.);
#5045=EDGE_CURVE('',#6521,#6520,#7496,.T.);
#5046=EDGE_CURVE('',#6522,#6521,#343,.T.);
#5047=EDGE_CURVE('',#6523,#6522,#344,.T.);
#5048=EDGE_CURVE('',#6524,#6523,#345,.T.);
#5049=EDGE_CURVE('',#6525,#6524,#346,.T.);
#5050=EDGE_CURVE('',#6525,#6526,#7497,.T.);
#5051=EDGE_CURVE('',#6526,#6527,#347,.T.);
#5052=EDGE_CURVE('',#6527,#6528,#348,.T.);
#5053=EDGE_CURVE('',#6529,#6528,#7498,.T.);
#5054=EDGE_CURVE('',#6529,#6530,#349,.T.);
#5055=EDGE_CURVE('',#6531,#6530,#7499,.T.);
#5056=EDGE_CURVE('',#6531,#6532,#350,.T.);
#5057=EDGE_CURVE('',#6533,#6532,#7500,.T.);
#5058=EDGE_CURVE('',#6533,#6534,#351,.T.);
#5059=EDGE_CURVE('',#6535,#6534,#7501,.T.);
#5060=EDGE_CURVE('',#6535,#6536,#352,.T.);
#5061=EDGE_CURVE('',#6537,#6536,#7502,.T.);
#5062=EDGE_CURVE('',#6537,#6538,#353,.T.);
#5063=EDGE_CURVE('',#6539,#6538,#7503,.T.);
#5064=EDGE_CURVE('',#6539,#6540,#354,.T.);
#5065=EDGE_CURVE('',#6541,#6540,#7504,.T.);
#5066=EDGE_CURVE('',#6541,#6542,#7505,.T.);
#5067=EDGE_CURVE('',#6542,#6543,#7506,.T.);
#5068=EDGE_CURVE('',#6543,#6544,#355,.T.);
#5069=EDGE_CURVE('',#6544,#6545,#7507,.T.);
#5070=EDGE_CURVE('',#6545,#6546,#7508,.T.);
#5071=EDGE_CURVE('',#6546,#6547,#356,.T.);
#5072=EDGE_CURVE('',#6548,#6547,#7509,.T.);
#5073=EDGE_CURVE('',#6548,#6549,#7510,.T.);
#5074=EDGE_CURVE('',#6549,#6550,#357,.T.);
#5075=EDGE_CURVE('',#6551,#6550,#7511,.T.);
#5076=EDGE_CURVE('',#6552,#6551,#7512,.T.);
#5077=EDGE_CURVE('',#6552,#6553,#358,.T.);
#5078=EDGE_CURVE('',#6554,#6553,#7513,.T.);
#5079=EDGE_CURVE('',#6554,#6555,#7514,.T.);
#5080=EDGE_CURVE('',#6556,#6555,#7515,.T.);
#5081=EDGE_CURVE('',#6556,#6557,#359,.T.);
#5082=EDGE_CURVE('',#6557,#6558,#360,.T.);
#5083=EDGE_CURVE('',#6558,#6559,#7516,.T.);
#5084=EDGE_CURVE('',#6559,#6560,#361,.T.);
#5085=EDGE_CURVE('',#6560,#6561,#362,.T.);
#5086=EDGE_CURVE('',#6561,#6562,#7517,.T.);
#5087=EDGE_CURVE('',#6562,#6563,#363,.T.);
#5088=EDGE_CURVE('',#6564,#6563,#7518,.T.);
#5089=EDGE_CURVE('',#6564,#6565,#364,.T.);
#5090=EDGE_CURVE('',#6565,#6566,#365,.T.);
#5091=EDGE_CURVE('',#6567,#6566,#7519,.T.);
#5092=EDGE_CURVE('',#6567,#6568,#7520,.T.);
#5093=EDGE_CURVE('',#6568,#6569,#7521,.T.);
#5094=EDGE_CURVE('',#6569,#6570,#7522,.T.);
#5095=EDGE_CURVE('',#6570,#6512,#7523,.T.);
#5096=EDGE_CURVE('',#6571,#6572,#366,.T.);
#5097=EDGE_CURVE('',#6571,#6573,#367,.T.);
#5098=EDGE_CURVE('',#6574,#6573,#7524,.F.);
#5099=EDGE_CURVE('',#6574,#6575,#368,.F.);
#5100=EDGE_CURVE('',#6576,#6575,#7525,.F.);
#5101=EDGE_CURVE('',#6576,#6577,#369,.F.);
#5102=EDGE_CURVE('',#6578,#6577,#370,.T.);
#5103=EDGE_CURVE('',#6579,#6578,#371,.F.);
#5104=EDGE_CURVE('',#6579,#6580,#372,.T.);
#5105=EDGE_CURVE('',#6572,#6580,#373,.T.);
#5106=EDGE_CURVE('',#6581,#6582,#374,.T.);
#5107=EDGE_CURVE('',#6582,#6571,#7526,.T.);
#5108=EDGE_CURVE('',#6572,#6583,#7527,.F.);
#5109=EDGE_CURVE('',#6584,#6583,#375,.T.);
#5110=EDGE_CURVE('',#6584,#6585,#7528,.T.);
#5111=EDGE_CURVE('',#6581,#6585,#376,.T.);
#5112=EDGE_CURVE('',#6586,#6490,#309,.T.);
#5113=EDGE_CURVE('',#6587,#6586,#377,.T.);
#5114=EDGE_CURVE('',#6588,#6587,#378,.T.);
#5115=EDGE_CURVE('',#6588,#6490,#310,.T.);
#5116=EDGE_CURVE('',#6589,#6590,#379,.T.);
#5117=EDGE_CURVE('',#6591,#6589,#380,.T.);
#5118=EDGE_CURVE('',#6591,#6590,#311,.F.);
#5119=EDGE_CURVE('',#6592,#6494,#312,.T.);
#5120=EDGE_CURVE('',#6593,#6592,#381,.T.);
#5121=EDGE_CURVE('',#6594,#6593,#382,.T.);
#5122=EDGE_CURVE('',#6594,#6494,#313,.T.);
#5123=EDGE_CURVE('',#6595,#6596,#383,.T.);
#5124=EDGE_CURVE('',#6597,#6595,#384,.T.);
#5125=EDGE_CURVE('',#6597,#6596,#314,.F.);
#5126=EDGE_CURVE('',#6598,#6497,#315,.T.);
#5127=EDGE_CURVE('',#6599,#6598,#385,.T.);
#5128=EDGE_CURVE('',#6600,#6599,#386,.T.);
#5129=EDGE_CURVE('',#6600,#6497,#316,.T.);
#5130=EDGE_CURVE('',#6601,#6602,#387,.T.);
#5131=EDGE_CURVE('',#6603,#6601,#388,.T.);
#5132=EDGE_CURVE('',#6603,#6602,#317,.F.);
#5133=EDGE_CURVE('',#6604,#6500,#318,.T.);
#5134=EDGE_CURVE('',#6605,#6604,#389,.T.);
#5135=EDGE_CURVE('',#6606,#6605,#390,.T.);
#5136=EDGE_CURVE('',#6606,#6500,#319,.T.);
#5137=EDGE_CURVE('',#6607,#6608,#391,.T.);
#5138=EDGE_CURVE('',#6609,#6607,#392,.T.);
#5139=EDGE_CURVE('',#6609,#6608,#320,.F.);
#5140=EDGE_CURVE('',#6610,#6611,#7529,.T.);
#5141=EDGE_CURVE('',#6612,#6610,#393,.T.);
#5142=EDGE_CURVE('',#6612,#6613,#7530,.F.);
#5143=EDGE_CURVE('',#6611,#6613,#394,.T.);
#5144=EDGE_CURVE('',#6610,#6614,#395,.T.);
#5145=EDGE_CURVE('',#6615,#6614,#396,.T.);
#5146=EDGE_CURVE('',#6612,#6615,#397,.F.);
#5147=EDGE_CURVE('',#6616,#6617,#398,.T.);
#5148=EDGE_CURVE('',#6617,#6618,#399,.T.);
#5149=EDGE_CURVE('',#6619,#6618,#400,.T.);
#5150=EDGE_CURVE('',#6616,#6619,#401,.F.);
#5151=EDGE_CURVE('',#6620,#6621,#402,.T.);
#5152=EDGE_CURVE('',#6622,#6620,#403,.T.);
#5153=EDGE_CURVE('',#6622,#6623,#404,.F.);
#5154=EDGE_CURVE('',#6623,#6621,#405,.T.);
#5155=EDGE_CURVE('',#6624,#6625,#406,.T.);
#5156=EDGE_CURVE('',#6626,#6624,#407,.T.);
#5157=EDGE_CURVE('',#6626,#6627,#408,.F.);
#5158=EDGE_CURVE('',#6627,#6625,#409,.T.);
#5159=EDGE_CURVE('',#6628,#6624,#7531,.T.);
#5160=EDGE_CURVE('',#6628,#6629,#410,.T.);
#5161=EDGE_CURVE('',#6629,#6626,#7532,.F.);
#5162=EDGE_CURVE('',#6630,#6631,#411,.T.);
#5163=EDGE_CURVE('',#6632,#6630,#412,.T.);
#5164=EDGE_CURVE('',#6632,#6581,#413,.T.);
#5165=EDGE_CURVE('',#6633,#6585,#414,.T.);
#5166=EDGE_CURVE('',#6634,#6633,#415,.T.);
#5167=EDGE_CURVE('',#6634,#6635,#416,.F.);
#5168=EDGE_CURVE('',#6635,#6631,#417,.T.);
#5169=EDGE_CURVE('',#6636,#6637,#418,.T.);
#5170=EDGE_CURVE('',#6638,#6636,#419,.T.);
#5171=EDGE_CURVE('',#6638,#6639,#420,.F.);
#5172=EDGE_CURVE('',#6639,#6637,#421,.T.);
#5173=EDGE_CURVE('',#6640,#6636,#7533,.T.);
#5174=EDGE_CURVE('',#6640,#6641,#422,.T.);
#5175=EDGE_CURVE('',#6641,#6638,#7534,.F.);
#5176=EDGE_CURVE('',#6642,#6643,#423,.T.);
#5177=EDGE_CURVE('',#6643,#6644,#424,.T.);
#5178=EDGE_CURVE('',#6645,#6644,#425,.T.);
#5179=EDGE_CURVE('',#6642,#6645,#426,.F.);
#5180=EDGE_CURVE('',#6646,#6647,#427,.T.);
#5181=EDGE_CURVE('',#6647,#6648,#428,.T.);
#5182=EDGE_CURVE('',#6649,#6648,#429,.T.);
#5183=EDGE_CURVE('',#6646,#6649,#430,.F.);
#5184=EDGE_CURVE('',#6647,#6650,#7535,.T.);
#5185=EDGE_CURVE('',#6646,#6651,#7536,.F.);
#5186=EDGE_CURVE('',#6650,#6651,#431,.T.);
#5187=EDGE_CURVE('',#6617,#6652,#7537,.T.);
#5188=EDGE_CURVE('',#6616,#6653,#7538,.F.);
#5189=EDGE_CURVE('',#6652,#6653,#432,.T.);
#5190=EDGE_CURVE('',#6614,#6654,#7539,.T.);
#5191=EDGE_CURVE('',#6654,#6655,#433,.T.);
#5192=EDGE_CURVE('',#6655,#6656,#7540,.F.);
#5193=EDGE_CURVE('',#6657,#6656,#434,.T.);
#5194=EDGE_CURVE('',#6657,#6615,#7541,.F.);
#5195=EDGE_CURVE('',#6658,#6659,#435,.F.);
#5196=EDGE_CURVE('',#6658,#6660,#436,.T.);
#5197=EDGE_CURVE('',#6661,#6660,#437,.T.);
#5198=EDGE_CURVE('',#6659,#6661,#438,.T.);
#5199=EDGE_CURVE('',#6589,#6587,#439,.T.);
#5200=EDGE_CURVE('',#6591,#6586,#440,.T.);
#5201=EDGE_CURVE('',#6662,#6628,#441,.F.);
#5202=EDGE_CURVE('',#6662,#6663,#442,.T.);
#5203=EDGE_CURVE('',#6663,#6629,#443,.T.);
#5204=EDGE_CURVE('',#6664,#6665,#444,.F.);
#5205=EDGE_CURVE('',#6664,#6666,#445,.T.);
#5206=EDGE_CURVE('',#6666,#6667,#446,.T.);
#5207=EDGE_CURVE('',#6665,#6667,#447,.T.);
#5208=EDGE_CURVE('',#6656,#6668,#448,.T.);
#5209=EDGE_CURVE('',#6668,#6669,#449,.F.);
#5210=EDGE_CURVE('',#6669,#6657,#450,.F.);
#5211=EDGE_CURVE('',#6590,#6588,#451,.T.);
#5212=EDGE_CURVE('',#6654,#6652,#452,.F.);
#5213=EDGE_CURVE('',#6655,#6653,#453,.T.);
#5214=EDGE_CURVE('',#6670,#6671,#454,.T.);
#5215=EDGE_CURVE('',#6670,#6611,#455,.F.);
#5216=EDGE_CURVE('',#6671,#6613,#456,.T.);
#5217=EDGE_CURVE('',#6607,#6605,#457,.T.);
#5218=EDGE_CURVE('',#6609,#6604,#458,.T.);
#5219=EDGE_CURVE('',#6584,#6640,#459,.F.);
#5220=EDGE_CURVE('',#6583,#6641,#460,.T.);
#5221=EDGE_CURVE('',#6665,#6620,#7542,.T.);
#5222=EDGE_CURVE('',#6667,#6622,#7543,.F.);
#5223=EDGE_CURVE('',#6672,#6673,#461,.F.);
#5224=EDGE_CURVE('',#6672,#6674,#462,.T.);
#5225=EDGE_CURVE('',#6674,#6675,#463,.T.);
#5226=EDGE_CURVE('',#6673,#6675,#464,.T.);
#5227=EDGE_CURVE('',#6662,#6621,#7544,.T.);
#5228=EDGE_CURVE('',#6623,#6659,#7545,.F.);
#5229=EDGE_CURVE('',#6661,#6663,#7546,.F.);
#5230=EDGE_CURVE('',#6577,#6676,#7547,.T.);
#5231=EDGE_CURVE('',#6631,#6676,#465,.T.);
#5232=EDGE_CURVE('',#6635,#6578,#7548,.F.);
#5233=EDGE_CURVE('',#6606,#6608,#466,.F.);
#5234=EDGE_CURVE('',#6644,#6677,#7549,.T.);
#5235=EDGE_CURVE('',#6677,#6678,#467,.T.);
#5236=EDGE_CURVE('',#6678,#6679,#7550,.F.);
#5237=EDGE_CURVE('',#6680,#6679,#468,.T.);
#5238=EDGE_CURVE('',#6680,#6645,#7551,.F.);
#5239=EDGE_CURVE('',#6601,#6599,#469,.T.);
#5240=EDGE_CURVE('',#6598,#6603,#470,.F.);
#5241=EDGE_CURVE('',#6679,#6681,#471,.T.);
#5242=EDGE_CURVE('',#6681,#6682,#472,.F.);
#5243=EDGE_CURVE('',#6682,#6680,#473,.F.);
#5244=EDGE_CURVE('',#6677,#6650,#474,.F.);
#5245=EDGE_CURVE('',#6678,#6651,#475,.T.);
#5246=EDGE_CURVE('',#6683,#6684,#476,.T.);
#5247=EDGE_CURVE('',#6683,#6685,#477,.F.);
#5248=EDGE_CURVE('',#6685,#6686,#478,.T.);
#5249=EDGE_CURVE('',#6684,#6686,#479,.T.);
#5250=EDGE_CURVE('',#6600,#6602,#480,.F.);
#5251=EDGE_CURVE('',#6673,#6633,#7552,.T.);
#5252=EDGE_CURVE('',#6675,#6634,#7553,.F.);
#5253=EDGE_CURVE('',#6595,#6593,#481,.T.);
#5254=EDGE_CURVE('',#6592,#6597,#482,.F.);
#5255=EDGE_CURVE('',#6596,#6594,#483,.T.);
#5256=EDGE_CURVE('',#6670,#6618,#7554,.T.);
#5257=EDGE_CURVE('',#6671,#6666,#7555,.F.);
#5258=EDGE_CURVE('',#6625,#6664,#7556,.T.);
#5259=EDGE_CURVE('',#6627,#6674,#7557,.F.);
#5260=EDGE_CURVE('',#6637,#6672,#7558,.T.);
#5261=EDGE_CURVE('',#6639,#6649,#7559,.F.);
#5262=EDGE_CURVE('',#6683,#6648,#7560,.T.);
#5263=EDGE_CURVE('',#6684,#6619,#7561,.F.);
#5264=EDGE_CURVE('',#6687,#6688,#484,.T.);
#5265=EDGE_CURVE('',#6687,#6689,#485,.T.);
#5266=EDGE_CURVE('',#6689,#6690,#486,.T.);
#5267=EDGE_CURVE('',#6688,#6690,#487,.T.);
#5268=EDGE_CURVE('',#6643,#6685,#7562,.T.);
#5269=EDGE_CURVE('',#6642,#6686,#7563,.F.);
#5270=EDGE_CURVE('',#6691,#6692,#488,.T.);
#5271=EDGE_CURVE('',#6687,#6692,#489,.T.);
#5272=EDGE_CURVE('',#6688,#6691,#490,.T.);
#5273=EDGE_CURVE('',#6693,#6691,#491,.T.);
#5274=EDGE_CURVE('',#6690,#6693,#492,.T.);
#5275=EDGE_CURVE('',#6689,#6694,#493,.T.);
#5276=EDGE_CURVE('',#6693,#6694,#494,.T.);
#5277=EDGE_CURVE('',#6694,#6692,#495,.T.);
#5278=EDGE_CURVE('',#6493,#6668,#321,.T.);
#5279=EDGE_CURVE('',#6682,#6495,#322,.T.);
#5280=EDGE_CURVE('',#6695,#6695,#7564,.T.);
#5281=EDGE_CURVE('',#6496,#6681,#323,.T.);
#5282=EDGE_CURVE('',#6580,#6498,#324,.T.);
#5283=EDGE_CURVE('',#6696,#6696,#7565,.T.);
#5284=EDGE_CURVE('',#6499,#6579,#325,.T.);
#5285=EDGE_CURVE('',#6660,#6501,#326,.T.);
#5286=EDGE_CURVE('',#6697,#6697,#7566,.T.);
#5287=EDGE_CURVE('',#6491,#6658,#327,.T.);
#5288=EDGE_CURVE('',#6669,#6492,#328,.T.);
#5289=EDGE_CURVE('',#6698,#6698,#7567,.T.);
#5290=EDGE_CURVE('',#6676,#6699,#496,.T.);
#5291=EDGE_CURVE('',#6630,#6699,#497,.T.);
#5292=EDGE_CURVE('',#6699,#6700,#498,.T.);
#5293=EDGE_CURVE('',#6632,#6700,#499,.T.);
#5294=EDGE_CURVE('',#6700,#6582,#500,.F.);
#5295=EDGE_CURVE('',#6699,#6576,#7568,.T.);
#5296=EDGE_CURVE('',#6699,#6575,#7569,.F.);
#5297=EDGE_CURVE('',#6700,#6574,#7570,.T.);
#5298=EDGE_CURVE('',#6700,#6573,#7571,.F.);
#5299=EDGE_CURVE('',#6701,#6477,#501,.T.);
#5300=EDGE_CURVE('',#6702,#6701,#7572,.T.);
#5301=EDGE_CURVE('',#6702,#6479,#502,.T.);
#5302=EDGE_CURVE('',#6703,#6478,#503,.T.);
#5303=EDGE_CURVE('',#6701,#6703,#7573,.T.);
#5304=EDGE_CURVE('',#6704,#6489,#504,.T.);
#5305=EDGE_CURVE('',#6703,#6704,#7574,.T.);
#5306=EDGE_CURVE('',#6705,#6488,#505,.T.);
#5307=EDGE_CURVE('',#6705,#6704,#7575,.T.);
#5308=EDGE_CURVE('',#6706,#6487,#506,.T.);
#5309=EDGE_CURVE('',#6706,#6705,#7576,.T.);
#5310=EDGE_CURVE('',#6707,#6486,#507,.T.);
#5311=EDGE_CURVE('',#6707,#6706,#7577,.T.);
#5312=EDGE_CURVE('',#6708,#6485,#508,.T.);
#5313=EDGE_CURVE('',#6707,#6708,#7578,.T.);
#5314=EDGE_CURVE('',#6709,#6484,#509,.T.);
#5315=EDGE_CURVE('',#6709,#6708,#7579,.T.);
#5316=EDGE_CURVE('',#6710,#6483,#510,.T.);
#5317=EDGE_CURVE('',#6709,#6710,#7580,.T.);
#5318=EDGE_CURVE('',#6711,#6482,#511,.T.);
#5319=EDGE_CURVE('',#6710,#6711,#7581,.T.);
#5320=EDGE_CURVE('',#6712,#6481,#512,.T.);
#5321=EDGE_CURVE('',#6711,#6712,#7582,.T.);
#5322=EDGE_CURVE('',#6713,#6480,#513,.T.);
#5323=EDGE_CURVE('',#6712,#6713,#7583,.T.);
#5324=EDGE_CURVE('',#6713,#6702,#7584,.T.);
#5325=EDGE_CURVE('',#6714,#6458,#514,.T.);
#5326=EDGE_CURVE('',#6715,#6714,#7585,.T.);
#5327=EDGE_CURVE('',#6715,#6460,#515,.T.);
#5328=EDGE_CURVE('',#6716,#6459,#516,.T.);
#5329=EDGE_CURVE('',#6714,#6716,#7586,.T.);
#5330=EDGE_CURVE('',#6717,#6476,#517,.T.);
#5331=EDGE_CURVE('',#6717,#6716,#7587,.T.);
#5332=EDGE_CURVE('',#6718,#6475,#518,.T.);
#5333=EDGE_CURVE('',#6717,#6718,#7588,.T.);
#5334=EDGE_CURVE('',#6719,#6474,#519,.T.);
#5335=EDGE_CURVE('',#6718,#6719,#7589,.T.);
#5336=EDGE_CURVE('',#6720,#6473,#520,.T.);
#5337=EDGE_CURVE('',#6719,#6720,#7590,.T.);
#5338=EDGE_CURVE('',#6721,#6472,#521,.T.);
#5339=EDGE_CURVE('',#6720,#6721,#7591,.T.);
#5340=EDGE_CURVE('',#6722,#6471,#522,.T.);
#5341=EDGE_CURVE('',#6721,#6722,#7592,.T.);
#5342=EDGE_CURVE('',#6723,#6470,#523,.T.);
#5343=EDGE_CURVE('',#6722,#6723,#7593,.T.);
#5344=EDGE_CURVE('',#6724,#6469,#524,.T.);
#5345=EDGE_CURVE('',#6723,#6724,#7594,.T.);
#5346=EDGE_CURVE('',#6725,#6468,#525,.T.);
#5347=EDGE_CURVE('',#6724,#6725,#7595,.T.);
#5348=EDGE_CURVE('',#6726,#6467,#526,.T.);
#5349=EDGE_CURVE('',#6726,#6725,#7596,.T.);
#5350=EDGE_CURVE('',#6727,#6466,#527,.T.);
#5351=EDGE_CURVE('',#6726,#6727,#7597,.T.);
#5352=EDGE_CURVE('',#6728,#6465,#528,.T.);
#5353=EDGE_CURVE('',#6727,#6728,#7598,.T.);
#5354=EDGE_CURVE('',#6729,#6464,#529,.T.);
#5355=EDGE_CURVE('',#6728,#6729,#530,.T.);
#5356=EDGE_CURVE('',#6730,#6463,#531,.T.);
#5357=EDGE_CURVE('',#6729,#6730,#532,.T.);
#5358=EDGE_CURVE('',#6731,#6462,#533,.T.);
#5359=EDGE_CURVE('',#6730,#6731,#7599,.T.);
#5360=EDGE_CURVE('',#6732,#6461,#534,.T.);
#5361=EDGE_CURVE('',#6731,#6732,#7600,.T.);
#5362=EDGE_CURVE('',#6733,#6734,#7601,.T.);
#5363=EDGE_CURVE('',#6735,#6733,#535,.T.);
#5364=EDGE_CURVE('',#6735,#6736,#7602,.T.);
#5365=EDGE_CURVE('',#6736,#6734,#536,.T.);
#5366=EDGE_CURVE('',#6737,#6733,#7603,.T.);
#5367=EDGE_CURVE('',#6738,#6737,#537,.T.);
#5368=EDGE_CURVE('',#6738,#6735,#7604,.T.);
#5369=EDGE_CURVE('',#6739,#6740,#7605,.T.);
#5370=EDGE_CURVE('',#6741,#6739,#538,.T.);
#5371=EDGE_CURVE('',#6741,#6742,#7606,.T.);
#5372=EDGE_CURVE('',#6742,#6740,#539,.T.);
#5373=EDGE_CURVE('',#6734,#6737,#7607,.T.);
#5374=EDGE_CURVE('',#6736,#6738,#7608,.T.);
#5375=EDGE_CURVE('',#6740,#6739,#7609,.T.);
#5376=EDGE_CURVE('',#6742,#6741,#7610,.T.);
#5377=EDGE_CURVE('',#6732,#6715,#7611,.T.);
#5378=EDGE_CURVE('',#6743,#6449,#540,.T.);
#5379=EDGE_CURVE('',#6744,#6743,#7612,.T.);
#5380=EDGE_CURVE('',#6744,#6451,#541,.T.);
#5381=EDGE_CURVE('',#6745,#6450,#542,.T.);
#5382=EDGE_CURVE('',#6743,#6745,#7613,.T.);
#5383=EDGE_CURVE('',#6746,#6457,#543,.T.);
#5384=EDGE_CURVE('',#6745,#6746,#7614,.T.);
#5385=EDGE_CURVE('',#6747,#6456,#544,.T.);
#5386=EDGE_CURVE('',#6747,#6746,#7615,.T.);
#5387=EDGE_CURVE('',#6748,#6455,#545,.T.);
#5388=EDGE_CURVE('',#6747,#6748,#7616,.T.);
#5389=EDGE_CURVE('',#6749,#6454,#546,.T.);
#5390=EDGE_CURVE('',#6748,#6749,#7617,.T.);
#5391=EDGE_CURVE('',#6750,#6453,#547,.T.);
#5392=EDGE_CURVE('',#6749,#6750,#7618,.T.);
#5393=EDGE_CURVE('',#6751,#6452,#548,.T.);
#5394=EDGE_CURVE('',#6750,#6751,#7619,.T.);
#5395=EDGE_CURVE('',#6751,#6744,#7620,.T.);
#5396=EDGE_CURVE('',#6752,#6440,#549,.T.);
#5397=EDGE_CURVE('',#6752,#6753,#7621,.T.);
#5398=EDGE_CURVE('',#6753,#6441,#550,.T.);
#5399=EDGE_CURVE('',#6754,#6448,#551,.T.);
#5400=EDGE_CURVE('',#6752,#6754,#7622,.T.);
#5401=EDGE_CURVE('',#6755,#6447,#552,.T.);
#5402=EDGE_CURVE('',#6754,#6755,#7623,.T.);
#5403=EDGE_CURVE('',#6756,#6446,#553,.T.);
#5404=EDGE_CURVE('',#6755,#6756,#7624,.T.);
#5405=EDGE_CURVE('',#6757,#6445,#554,.T.);
#5406=EDGE_CURVE('',#6756,#6757,#7625,.T.);
#5407=EDGE_CURVE('',#6758,#6444,#555,.T.);
#5408=EDGE_CURVE('',#6757,#6758,#7626,.T.);
#5409=EDGE_CURVE('',#6759,#6443,#556,.T.);
#5410=EDGE_CURVE('',#6758,#6759,#7627,.T.);
#5411=EDGE_CURVE('',#6760,#6442,#557,.T.);
#5412=EDGE_CURVE('',#6759,#6760,#7628,.T.);
#5413=EDGE_CURVE('',#6761,#6762,#7629,.T.);
#5414=EDGE_CURVE('',#6763,#6761,#558,.T.);
#5415=EDGE_CURVE('',#6763,#6764,#7630,.T.);
#5416=EDGE_CURVE('',#6764,#6762,#559,.T.);
#5417=EDGE_CURVE('',#6765,#6761,#7631,.T.);
#5418=EDGE_CURVE('',#6766,#6765,#560,.T.);
#5419=EDGE_CURVE('',#6766,#6763,#7632,.T.);
#5420=EDGE_CURVE('',#6767,#6765,#7633,.T.);
#5421=EDGE_CURVE('',#6768,#6767,#561,.T.);
#5422=EDGE_CURVE('',#6768,#6766,#7634,.T.);
#5423=EDGE_CURVE('',#6762,#6767,#7635,.T.);
#5424=EDGE_CURVE('',#6764,#6768,#7636,.T.);
#5425=EDGE_CURVE('',#6760,#6753,#7637,.T.);
#5426=EDGE_CURVE('',#6769,#6502,#562,.T.);
#5427=EDGE_CURVE('',#6770,#6769,#7638,.T.);
#5428=EDGE_CURVE('',#6770,#6504,#563,.T.);
#5429=EDGE_CURVE('',#6771,#6503,#564,.T.);
#5430=EDGE_CURVE('',#6769,#6771,#7639,.T.);
#5431=EDGE_CURVE('',#6772,#6511,#565,.T.);
#5432=EDGE_CURVE('',#6771,#6772,#7640,.T.);
#5433=EDGE_CURVE('',#6773,#6510,#566,.T.);
#5434=EDGE_CURVE('',#6772,#6773,#7641,.T.);
#5435=EDGE_CURVE('',#6774,#6509,#567,.T.);
#5436=EDGE_CURVE('',#6773,#6774,#7642,.T.);
#5437=EDGE_CURVE('',#6775,#6508,#568,.T.);
#5438=EDGE_CURVE('',#6774,#6775,#7643,.T.);
#5439=EDGE_CURVE('',#6776,#6507,#569,.T.);
#5440=EDGE_CURVE('',#6775,#6776,#7644,.T.);
#5441=EDGE_CURVE('',#6777,#6506,#570,.T.);
#5442=EDGE_CURVE('',#6776,#6777,#7645,.T.);
#5443=EDGE_CURVE('',#6778,#6505,#571,.T.);
#5444=EDGE_CURVE('',#6777,#6778,#7646,.T.);
#5445=EDGE_CURVE('',#6779,#6780,#7647,.T.);
#5446=EDGE_CURVE('',#6781,#6779,#572,.T.);
#5447=EDGE_CURVE('',#6781,#6782,#7648,.T.);
#5448=EDGE_CURVE('',#6782,#6780,#573,.T.);
#5449=EDGE_CURVE('',#6783,#6779,#7649,.T.);
#5450=EDGE_CURVE('',#6784,#6783,#574,.T.);
#5451=EDGE_CURVE('',#6784,#6781,#7650,.T.);
#5452=EDGE_CURVE('',#6785,#6783,#7651,.T.);
#5453=EDGE_CURVE('',#6786,#6785,#575,.T.);
#5454=EDGE_CURVE('',#6786,#6784,#7652,.T.);
#5455=EDGE_CURVE('',#6780,#6785,#7653,.T.);
#5456=EDGE_CURVE('',#6782,#6786,#7654,.T.);
#5457=EDGE_CURVE('',#6778,#6770,#7655,.T.);
#5458=EDGE_CURVE('',#6787,#6788,#576,.T.);
#5459=EDGE_CURVE('',#6789,#6787,#577,.T.);
#5460=EDGE_CURVE('',#6789,#6790,#578,.T.);
#5461=EDGE_CURVE('',#6790,#6788,#579,.T.);
#5462=EDGE_CURVE('',#6791,#6787,#580,.T.);
#5463=EDGE_CURVE('',#6792,#6791,#581,.T.);
#5464=EDGE_CURVE('',#6792,#6789,#582,.T.);
#5465=EDGE_CURVE('',#6793,#6791,#583,.T.);
#5466=EDGE_CURVE('',#6794,#6793,#584,.T.);
#5467=EDGE_CURVE('',#6794,#6792,#585,.T.);
#5468=EDGE_CURVE('',#6795,#6793,#7656,.T.);
#5469=EDGE_CURVE('',#6796,#6795,#586,.T.);
#5470=EDGE_CURVE('',#6796,#6794,#7657,.T.);
#5471=EDGE_CURVE('',#6797,#6795,#587,.T.);
#5472=EDGE_CURVE('',#6798,#6797,#588,.T.);
#5473=EDGE_CURVE('',#6798,#6796,#589,.T.);
#5474=EDGE_CURVE('',#6799,#6797,#590,.T.);
#5475=EDGE_CURVE('',#6800,#6799,#591,.T.);
#5476=EDGE_CURVE('',#6800,#6798,#592,.T.);
#5477=EDGE_CURVE('',#6801,#6799,#593,.T.);
#5478=EDGE_CURVE('',#6802,#6801,#594,.T.);
#5479=EDGE_CURVE('',#6802,#6800,#595,.T.);
#5480=EDGE_CURVE('',#6803,#6801,#596,.T.);
#5481=EDGE_CURVE('',#6804,#6803,#597,.T.);
#5482=EDGE_CURVE('',#6804,#6802,#598,.T.);
#5483=EDGE_CURVE('',#6805,#6803,#599,.T.);
#5484=EDGE_CURVE('',#6806,#6805,#600,.T.);
#5485=EDGE_CURVE('',#6806,#6804,#601,.T.);
#5486=EDGE_CURVE('',#6807,#6805,#7658,.T.);
#5487=EDGE_CURVE('',#6808,#6807,#602,.T.);
#5488=EDGE_CURVE('',#6808,#6806,#7659,.T.);
#5489=EDGE_CURVE('',#6809,#6807,#7660,.T.);
#5490=EDGE_CURVE('',#6810,#6809,#603,.T.);
#5491=EDGE_CURVE('',#6810,#6808,#7661,.T.);
#5492=EDGE_CURVE('',#6811,#6809,#604,.T.);
#5493=EDGE_CURVE('',#6812,#6811,#605,.T.);
#5494=EDGE_CURVE('',#6812,#6810,#606,.T.);
#5495=EDGE_CURVE('',#6813,#6811,#7662,.T.);
#5496=EDGE_CURVE('',#6814,#6813,#607,.T.);
#5497=EDGE_CURVE('',#6814,#6812,#7663,.T.);
#5498=EDGE_CURVE('',#6815,#6813,#608,.T.);
#5499=EDGE_CURVE('',#6816,#6815,#609,.T.);
#5500=EDGE_CURVE('',#6816,#6814,#610,.T.);
#5501=EDGE_CURVE('',#6817,#6815,#7664,.T.);
#5502=EDGE_CURVE('',#6818,#6817,#611,.T.);
#5503=EDGE_CURVE('',#6818,#6816,#7665,.T.);
#5504=EDGE_CURVE('',#6819,#6817,#612,.T.);
#5505=EDGE_CURVE('',#6820,#6819,#613,.T.);
#5506=EDGE_CURVE('',#6820,#6818,#614,.T.);
#5507=EDGE_CURVE('',#6821,#6819,#7666,.T.);
#5508=EDGE_CURVE('',#6822,#6821,#615,.T.);
#5509=EDGE_CURVE('',#6822,#6820,#7667,.T.);
#5510=EDGE_CURVE('',#6821,#6823,#7668,.T.);
#5511=EDGE_CURVE('',#6824,#6823,#616,.T.);
#5512=EDGE_CURVE('',#6822,#6824,#7669,.T.);
#5513=EDGE_CURVE('',#6825,#6823,#617,.T.);
#5514=EDGE_CURVE('',#6826,#6825,#618,.T.);
#5515=EDGE_CURVE('',#6826,#6824,#619,.T.);
#5516=EDGE_CURVE('',#6827,#6825,#7670,.T.);
#5517=EDGE_CURVE('',#6828,#6827,#620,.T.);
#5518=EDGE_CURVE('',#6828,#6826,#7671,.T.);
#5519=EDGE_CURVE('',#6829,#6827,#621,.T.);
#5520=EDGE_CURVE('',#6830,#6829,#622,.T.);
#5521=EDGE_CURVE('',#6830,#6828,#623,.T.);
#5522=EDGE_CURVE('',#6831,#6829,#624,.T.);
#5523=EDGE_CURVE('',#6832,#6831,#625,.T.);
#5524=EDGE_CURVE('',#6832,#6830,#626,.T.);
#5525=EDGE_CURVE('',#6833,#6831,#7672,.T.);
#5526=EDGE_CURVE('',#6834,#6833,#627,.T.);
#5527=EDGE_CURVE('',#6834,#6832,#7673,.T.);
#5528=EDGE_CURVE('',#6835,#6833,#628,.T.);
#5529=EDGE_CURVE('',#6836,#6835,#629,.T.);
#5530=EDGE_CURVE('',#6836,#6834,#630,.T.);
#5531=EDGE_CURVE('',#6837,#6835,#7674,.T.);
#5532=EDGE_CURVE('',#6838,#6837,#631,.T.);
#5533=EDGE_CURVE('',#6838,#6836,#7675,.T.);
#5534=EDGE_CURVE('',#6839,#6837,#632,.T.);
#5535=EDGE_CURVE('',#6840,#6839,#633,.T.);
#5536=EDGE_CURVE('',#6840,#6838,#634,.T.);
#5537=EDGE_CURVE('',#6841,#6839,#7676,.T.);
#5538=EDGE_CURVE('',#6842,#6841,#635,.T.);
#5539=EDGE_CURVE('',#6842,#6840,#7677,.T.);
#5540=EDGE_CURVE('',#6843,#6841,#636,.T.);
#5541=EDGE_CURVE('',#6844,#6843,#637,.T.);
#5542=EDGE_CURVE('',#6844,#6842,#638,.T.);
#5543=EDGE_CURVE('',#6845,#6843,#7678,.T.);
#5544=EDGE_CURVE('',#6846,#6845,#639,.T.);
#5545=EDGE_CURVE('',#6846,#6844,#7679,.T.);
#5546=EDGE_CURVE('',#6847,#6845,#640,.T.);
#5547=EDGE_CURVE('',#6848,#6847,#641,.T.);
#5548=EDGE_CURVE('',#6848,#6846,#642,.T.);
#5549=EDGE_CURVE('',#6849,#6847,#643,.T.);
#5550=EDGE_CURVE('',#6850,#6849,#644,.T.);
#5551=EDGE_CURVE('',#6850,#6848,#645,.T.);
#5552=EDGE_CURVE('',#6851,#6849,#646,.T.);
#5553=EDGE_CURVE('',#6852,#6851,#647,.T.);
#5554=EDGE_CURVE('',#6852,#6850,#648,.T.);
#5555=EDGE_CURVE('',#6853,#6851,#7680,.T.);
#5556=EDGE_CURVE('',#6854,#6853,#649,.T.);
#5557=EDGE_CURVE('',#6854,#6852,#7681,.T.);
#5558=EDGE_CURVE('',#6853,#6855,#7682,.T.);
#5559=EDGE_CURVE('',#6856,#6855,#650,.T.);
#5560=EDGE_CURVE('',#6854,#6856,#7683,.T.);
#5561=EDGE_CURVE('',#6857,#6855,#7684,.T.);
#5562=EDGE_CURVE('',#6858,#6857,#651,.T.);
#5563=EDGE_CURVE('',#6858,#6856,#7685,.T.);
#5564=EDGE_CURVE('',#6859,#6857,#652,.T.);
#5565=EDGE_CURVE('',#6860,#6859,#653,.T.);
#5566=EDGE_CURVE('',#6860,#6858,#654,.T.);
#5567=EDGE_CURVE('',#6861,#6859,#7686,.T.);
#5568=EDGE_CURVE('',#6862,#6861,#655,.T.);
#5569=EDGE_CURVE('',#6862,#6860,#7687,.T.);
#5570=EDGE_CURVE('',#6861,#6863,#7688,.T.);
#5571=EDGE_CURVE('',#6864,#6863,#656,.T.);
#5572=EDGE_CURVE('',#6862,#6864,#7689,.T.);
#5573=EDGE_CURVE('',#6865,#6863,#657,.T.);
#5574=EDGE_CURVE('',#6866,#6865,#658,.T.);
#5575=EDGE_CURVE('',#6866,#6864,#659,.T.);
#5576=EDGE_CURVE('',#6865,#6867,#7690,.T.);
#5577=EDGE_CURVE('',#6868,#6867,#660,.T.);
#5578=EDGE_CURVE('',#6866,#6868,#7691,.T.);
#5579=EDGE_CURVE('',#6867,#6869,#7692,.T.);
#5580=EDGE_CURVE('',#6870,#6869,#661,.T.);
#5581=EDGE_CURVE('',#6868,#6870,#7693,.T.);
#5582=EDGE_CURVE('',#6871,#6869,#662,.T.);
#5583=EDGE_CURVE('',#6872,#6871,#663,.T.);
#5584=EDGE_CURVE('',#6872,#6870,#664,.T.);
#5585=EDGE_CURVE('',#6873,#6871,#7694,.T.);
#5586=EDGE_CURVE('',#6874,#6873,#665,.T.);
#5587=EDGE_CURVE('',#6874,#6872,#7695,.T.);
#5588=EDGE_CURVE('',#6875,#6873,#7696,.T.);
#5589=EDGE_CURVE('',#6876,#6875,#666,.T.);
#5590=EDGE_CURVE('',#6876,#6874,#7697,.T.);
#5591=EDGE_CURVE('',#6877,#6875,#667,.T.);
#5592=EDGE_CURVE('',#6878,#6877,#668,.T.);
#5593=EDGE_CURVE('',#6878,#6876,#669,.T.);
#5594=EDGE_CURVE('',#6877,#6879,#7698,.T.);
#5595=EDGE_CURVE('',#6880,#6879,#670,.T.);
#5596=EDGE_CURVE('',#6878,#6880,#7699,.T.);
#5597=EDGE_CURVE('',#6881,#6879,#7700,.T.);
#5598=EDGE_CURVE('',#6882,#6881,#671,.T.);
#5599=EDGE_CURVE('',#6882,#6880,#7701,.T.);
#5600=EDGE_CURVE('',#6883,#6881,#672,.T.);
#5601=EDGE_CURVE('',#6884,#6883,#673,.T.);
#5602=EDGE_CURVE('',#6884,#6882,#674,.T.);
#5603=EDGE_CURVE('',#6885,#6883,#7702,.T.);
#5604=EDGE_CURVE('',#6886,#6885,#675,.T.);
#5605=EDGE_CURVE('',#6886,#6884,#7703,.T.);
#5606=EDGE_CURVE('',#6887,#6885,#7704,.T.);
#5607=EDGE_CURVE('',#6888,#6887,#676,.T.);
#5608=EDGE_CURVE('',#6888,#6886,#7705,.T.);
#5609=EDGE_CURVE('',#6889,#6887,#7706,.T.);
#5610=EDGE_CURVE('',#6890,#6889,#677,.T.);
#5611=EDGE_CURVE('',#6890,#6888,#7707,.T.);
#5612=EDGE_CURVE('',#6891,#6892,#7708,.T.);
#5613=EDGE_CURVE('',#6893,#6891,#678,.T.);
#5614=EDGE_CURVE('',#6893,#6894,#7709,.T.);
#5615=EDGE_CURVE('',#6894,#6892,#679,.T.);
#5616=EDGE_CURVE('',#6891,#6895,#7710,.T.);
#5617=EDGE_CURVE('',#6896,#6895,#680,.T.);
#5618=EDGE_CURVE('',#6893,#6896,#7711,.T.);
#5619=EDGE_CURVE('',#6897,#6898,#681,.T.);
#5620=EDGE_CURVE('',#6899,#6897,#682,.T.);
#5621=EDGE_CURVE('',#6899,#6900,#683,.T.);
#5622=EDGE_CURVE('',#6900,#6898,#684,.T.);
#5623=EDGE_CURVE('',#6897,#6901,#685,.T.);
#5624=EDGE_CURVE('',#6902,#6901,#686,.T.);
#5625=EDGE_CURVE('',#6899,#6902,#687,.T.);
#5626=EDGE_CURVE('',#6901,#6903,#688,.T.);
#5627=EDGE_CURVE('',#6904,#6903,#689,.T.);
#5628=EDGE_CURVE('',#6902,#6904,#690,.T.);
#5629=EDGE_CURVE('',#6905,#6903,#7712,.T.);
#5630=EDGE_CURVE('',#6906,#6905,#691,.T.);
#5631=EDGE_CURVE('',#6906,#6904,#7713,.T.);
#5632=EDGE_CURVE('',#6907,#6905,#7714,.T.);
#5633=EDGE_CURVE('',#6908,#6907,#692,.T.);
#5634=EDGE_CURVE('',#6908,#6906,#7715,.T.);
#5635=EDGE_CURVE('',#6907,#6909,#693,.T.);
#5636=EDGE_CURVE('',#6910,#6909,#694,.T.);
#5637=EDGE_CURVE('',#6908,#6910,#695,.T.);
#5638=EDGE_CURVE('',#6909,#6911,#696,.T.);
#5639=EDGE_CURVE('',#6912,#6911,#697,.T.);
#5640=EDGE_CURVE('',#6910,#6912,#698,.T.);
#5641=EDGE_CURVE('',#6911,#6913,#699,.T.);
#5642=EDGE_CURVE('',#6914,#6913,#700,.T.);
#5643=EDGE_CURVE('',#6912,#6914,#701,.T.);
#5644=EDGE_CURVE('',#6915,#6913,#7716,.T.);
#5645=EDGE_CURVE('',#6916,#6915,#702,.T.);
#5646=EDGE_CURVE('',#6916,#6914,#7717,.T.);
#5647=EDGE_CURVE('',#6917,#6915,#7718,.T.);
#5648=EDGE_CURVE('',#6918,#6917,#703,.T.);
#5649=EDGE_CURVE('',#6918,#6916,#7719,.T.);
#5650=EDGE_CURVE('',#6917,#6919,#704,.T.);
#5651=EDGE_CURVE('',#6920,#6919,#705,.T.);
#5652=EDGE_CURVE('',#6918,#6920,#706,.T.);
#5653=EDGE_CURVE('',#6921,#6919,#7720,.T.);
#5654=EDGE_CURVE('',#6922,#6921,#707,.T.);
#5655=EDGE_CURVE('',#6922,#6920,#7721,.T.);
#5656=EDGE_CURVE('',#6923,#6921,#7722,.T.);
#5657=EDGE_CURVE('',#6924,#6923,#708,.T.);
#5658=EDGE_CURVE('',#6924,#6922,#7723,.T.);
#5659=EDGE_CURVE('',#6925,#6923,#7724,.T.);
#5660=EDGE_CURVE('',#6926,#6925,#709,.T.);
#5661=EDGE_CURVE('',#6926,#6924,#7725,.T.);
#5662=EDGE_CURVE('',#6927,#6925,#710,.T.);
#5663=EDGE_CURVE('',#6928,#6927,#711,.T.);
#5664=EDGE_CURVE('',#6928,#6926,#712,.T.);
#5665=EDGE_CURVE('',#6929,#6927,#7726,.T.);
#5666=EDGE_CURVE('',#6930,#6929,#713,.T.);
#5667=EDGE_CURVE('',#6930,#6928,#7727,.T.);
#5668=EDGE_CURVE('',#6931,#6929,#7728,.T.);
#5669=EDGE_CURVE('',#6932,#6931,#714,.T.);
#5670=EDGE_CURVE('',#6932,#6930,#7729,.T.);
#5671=EDGE_CURVE('',#6933,#6931,#715,.T.);
#5672=EDGE_CURVE('',#6934,#6933,#716,.T.);
#5673=EDGE_CURVE('',#6934,#6932,#717,.T.);
#5674=EDGE_CURVE('',#6935,#6933,#7730,.T.);
#5675=EDGE_CURVE('',#6936,#6935,#718,.T.);
#5676=EDGE_CURVE('',#6936,#6934,#7731,.T.);
#5677=EDGE_CURVE('',#6937,#6935,#719,.T.);
#5678=EDGE_CURVE('',#6938,#6937,#720,.T.);
#5679=EDGE_CURVE('',#6938,#6936,#721,.T.);
#5680=EDGE_CURVE('',#6939,#6937,#7732,.T.);
#5681=EDGE_CURVE('',#6940,#6939,#722,.T.);
#5682=EDGE_CURVE('',#6940,#6938,#7733,.T.);
#5683=EDGE_CURVE('',#6941,#6939,#723,.T.);
#5684=EDGE_CURVE('',#6942,#6941,#724,.T.);
#5685=EDGE_CURVE('',#6942,#6940,#725,.T.);
#5686=EDGE_CURVE('',#6943,#6941,#7734,.T.);
#5687=EDGE_CURVE('',#6944,#6943,#726,.T.);
#5688=EDGE_CURVE('',#6944,#6942,#7735,.T.);
#5689=EDGE_CURVE('',#6945,#6943,#727,.T.);
#5690=EDGE_CURVE('',#6946,#6945,#728,.T.);
#5691=EDGE_CURVE('',#6946,#6944,#729,.T.);
#5692=EDGE_CURVE('',#6947,#6945,#7736,.T.);
#5693=EDGE_CURVE('',#6948,#6947,#730,.T.);
#5694=EDGE_CURVE('',#6948,#6946,#7737,.T.);
#5695=EDGE_CURVE('',#6947,#6949,#7738,.T.);
#5696=EDGE_CURVE('',#6950,#6949,#731,.T.);
#5697=EDGE_CURVE('',#6948,#6950,#7739,.T.);
#5698=EDGE_CURVE('',#6949,#6951,#7740,.T.);
#5699=EDGE_CURVE('',#6952,#6951,#732,.T.);
#5700=EDGE_CURVE('',#6950,#6952,#7741,.T.);
#5701=EDGE_CURVE('',#6953,#6951,#733,.T.);
#5702=EDGE_CURVE('',#6954,#6953,#734,.T.);
#5703=EDGE_CURVE('',#6954,#6952,#735,.T.);
#5704=EDGE_CURVE('',#6955,#6953,#7742,.T.);
#5705=EDGE_CURVE('',#6956,#6955,#736,.T.);
#5706=EDGE_CURVE('',#6956,#6954,#7743,.T.);
#5707=EDGE_CURVE('',#6955,#6957,#7744,.T.);
#5708=EDGE_CURVE('',#6958,#6957,#737,.T.);
#5709=EDGE_CURVE('',#6956,#6958,#7745,.T.);
#5710=EDGE_CURVE('',#6957,#6959,#7746,.T.);
#5711=EDGE_CURVE('',#6960,#6959,#738,.T.);
#5712=EDGE_CURVE('',#6958,#6960,#7747,.T.);
#5713=EDGE_CURVE('',#6961,#6959,#739,.T.);
#5714=EDGE_CURVE('',#6962,#6961,#740,.T.);
#5715=EDGE_CURVE('',#6962,#6960,#741,.T.);
#5716=EDGE_CURVE('',#6963,#6961,#7748,.T.);
#5717=EDGE_CURVE('',#6964,#6963,#742,.T.);
#5718=EDGE_CURVE('',#6964,#6962,#7749,.T.);
#5719=EDGE_CURVE('',#6965,#6963,#7750,.T.);
#5720=EDGE_CURVE('',#6966,#6965,#743,.T.);
#5721=EDGE_CURVE('',#6966,#6964,#7751,.T.);
#5722=EDGE_CURVE('',#6967,#6965,#7752,.T.);
#5723=EDGE_CURVE('',#6968,#6967,#744,.T.);
#5724=EDGE_CURVE('',#6968,#6966,#7753,.T.);
#5725=EDGE_CURVE('',#6969,#6967,#745,.T.);
#5726=EDGE_CURVE('',#6970,#6969,#746,.T.);
#5727=EDGE_CURVE('',#6970,#6968,#747,.T.);
#5728=EDGE_CURVE('',#6971,#6969,#7754,.T.);
#5729=EDGE_CURVE('',#6972,#6971,#748,.T.);
#5730=EDGE_CURVE('',#6972,#6970,#7755,.T.);
#5731=EDGE_CURVE('',#6973,#6971,#7756,.T.);
#5732=EDGE_CURVE('',#6974,#6973,#749,.T.);
#5733=EDGE_CURVE('',#6974,#6972,#7757,.T.);
#5734=EDGE_CURVE('',#6975,#6512,#750,.T.);
#5735=EDGE_CURVE('',#6975,#6976,#7758,.T.);
#5736=EDGE_CURVE('',#6976,#6513,#751,.T.);
#5737=EDGE_CURVE('',#6977,#6570,#752,.T.);
#5738=EDGE_CURVE('',#6977,#6975,#7759,.T.);
#5739=EDGE_CURVE('',#6978,#6569,#753,.T.);
#5740=EDGE_CURVE('',#6978,#6977,#7760,.T.);
#5741=EDGE_CURVE('',#6979,#6568,#754,.T.);
#5742=EDGE_CURVE('',#6979,#6978,#7761,.T.);
#5743=EDGE_CURVE('',#6980,#6567,#755,.T.);
#5744=EDGE_CURVE('',#6980,#6979,#7762,.T.);
#5745=EDGE_CURVE('',#6981,#6566,#756,.T.);
#5746=EDGE_CURVE('',#6980,#6981,#7763,.T.);
#5747=EDGE_CURVE('',#6982,#6565,#757,.T.);
#5748=EDGE_CURVE('',#6982,#6981,#758,.T.);
#5749=EDGE_CURVE('',#6983,#6564,#759,.T.);
#5750=EDGE_CURVE('',#6983,#6982,#760,.T.);
#5751=EDGE_CURVE('',#6984,#6563,#761,.T.);
#5752=EDGE_CURVE('',#6983,#6984,#7764,.T.);
#5753=EDGE_CURVE('',#6985,#6562,#762,.T.);
#5754=EDGE_CURVE('',#6985,#6984,#763,.T.);
#5755=EDGE_CURVE('',#6986,#6561,#764,.T.);
#5756=EDGE_CURVE('',#6986,#6985,#7765,.T.);
#5757=EDGE_CURVE('',#6987,#6560,#765,.T.);
#5758=EDGE_CURVE('',#6987,#6986,#766,.T.);
#5759=EDGE_CURVE('',#6988,#6559,#767,.T.);
#5760=EDGE_CURVE('',#6988,#6987,#768,.T.);
#5761=EDGE_CURVE('',#6989,#6558,#769,.T.);
#5762=EDGE_CURVE('',#6989,#6988,#7766,.T.);
#5763=EDGE_CURVE('',#6990,#6557,#770,.T.);
#5764=EDGE_CURVE('',#6990,#6989,#771,.T.);
#5765=EDGE_CURVE('',#6991,#6556,#772,.T.);
#5766=EDGE_CURVE('',#6991,#6990,#773,.T.);
#5767=EDGE_CURVE('',#6992,#6555,#774,.T.);
#5768=EDGE_CURVE('',#6991,#6992,#7767,.T.);
#5769=EDGE_CURVE('',#6993,#6554,#775,.T.);
#5770=EDGE_CURVE('',#6993,#6992,#7768,.T.);
#5771=EDGE_CURVE('',#6994,#6553,#776,.T.);
#5772=EDGE_CURVE('',#6993,#6994,#7769,.T.);
#5773=EDGE_CURVE('',#6995,#6552,#777,.T.);
#5774=EDGE_CURVE('',#6995,#6994,#778,.T.);
#5775=EDGE_CURVE('',#6996,#6551,#779,.T.);
#5776=EDGE_CURVE('',#6995,#6996,#7770,.T.);
#5777=EDGE_CURVE('',#6997,#6550,#780,.T.);
#5778=EDGE_CURVE('',#6996,#6997,#7771,.T.);
#5779=EDGE_CURVE('',#6998,#6549,#781,.T.);
#5780=EDGE_CURVE('',#6998,#6997,#782,.T.);
#5781=EDGE_CURVE('',#6999,#6548,#783,.T.);
#5782=EDGE_CURVE('',#6999,#6998,#7772,.T.);
#5783=EDGE_CURVE('',#7000,#6547,#784,.T.);
#5784=EDGE_CURVE('',#6999,#7000,#7773,.T.);
#5785=EDGE_CURVE('',#7001,#6546,#785,.T.);
#5786=EDGE_CURVE('',#7001,#7000,#786,.T.);
#5787=EDGE_CURVE('',#7002,#6545,#787,.T.);
#5788=EDGE_CURVE('',#7002,#7001,#7774,.T.);
#5789=EDGE_CURVE('',#7003,#6544,#788,.T.);
#5790=EDGE_CURVE('',#7003,#7002,#7775,.T.);
#5791=EDGE_CURVE('',#7004,#6543,#789,.T.);
#5792=EDGE_CURVE('',#7004,#7003,#790,.T.);
#5793=EDGE_CURVE('',#7005,#6542,#791,.T.);
#5794=EDGE_CURVE('',#7005,#7004,#7776,.T.);
#5795=EDGE_CURVE('',#7006,#6541,#792,.T.);
#5796=EDGE_CURVE('',#7006,#7005,#7777,.T.);
#5797=EDGE_CURVE('',#7007,#6540,#793,.T.);
#5798=EDGE_CURVE('',#7006,#7007,#7778,.T.);
#5799=EDGE_CURVE('',#7008,#6539,#794,.T.);
#5800=EDGE_CURVE('',#7008,#7007,#795,.T.);
#5801=EDGE_CURVE('',#7009,#6538,#796,.T.);
#5802=EDGE_CURVE('',#7008,#7009,#7779,.T.);
#5803=EDGE_CURVE('',#7010,#6537,#797,.T.);
#5804=EDGE_CURVE('',#7010,#7009,#798,.T.);
#5805=EDGE_CURVE('',#7011,#6536,#799,.T.);
#5806=EDGE_CURVE('',#7010,#7011,#7780,.T.);
#5807=EDGE_CURVE('',#7012,#6535,#800,.T.);
#5808=EDGE_CURVE('',#7012,#7011,#801,.T.);
#5809=EDGE_CURVE('',#7013,#6534,#802,.T.);
#5810=EDGE_CURVE('',#7012,#7013,#7781,.T.);
#5811=EDGE_CURVE('',#7014,#6533,#803,.T.);
#5812=EDGE_CURVE('',#7014,#7013,#804,.T.);
#5813=EDGE_CURVE('',#7015,#6532,#805,.T.);
#5814=EDGE_CURVE('',#7014,#7015,#7782,.T.);
#5815=EDGE_CURVE('',#7016,#6531,#806,.T.);
#5816=EDGE_CURVE('',#7016,#7015,#807,.T.);
#5817=EDGE_CURVE('',#7017,#6530,#808,.T.);
#5818=EDGE_CURVE('',#7016,#7017,#7783,.T.);
#5819=EDGE_CURVE('',#7018,#6529,#809,.T.);
#5820=EDGE_CURVE('',#7018,#7017,#810,.T.);
#5821=EDGE_CURVE('',#7019,#6528,#811,.T.);
#5822=EDGE_CURVE('',#7018,#7019,#7784,.T.);
#5823=EDGE_CURVE('',#7020,#6527,#812,.T.);
#5824=EDGE_CURVE('',#7020,#7019,#813,.T.);
#5825=EDGE_CURVE('',#7021,#6526,#814,.T.);
#5826=EDGE_CURVE('',#7021,#7020,#815,.T.);
#5827=EDGE_CURVE('',#7022,#6525,#816,.T.);
#5828=EDGE_CURVE('',#7022,#7021,#7785,.T.);
#5829=EDGE_CURVE('',#7023,#6524,#817,.T.);
#5830=EDGE_CURVE('',#7022,#7023,#818,.T.);
#5831=EDGE_CURVE('',#7024,#6523,#819,.T.);
#5832=EDGE_CURVE('',#7023,#7024,#820,.T.);
#5833=EDGE_CURVE('',#7025,#6522,#821,.T.);
#5834=EDGE_CURVE('',#7024,#7025,#822,.T.);
#5835=EDGE_CURVE('',#7026,#6521,#823,.T.);
#5836=EDGE_CURVE('',#7025,#7026,#824,.T.);
#5837=EDGE_CURVE('',#7027,#6520,#825,.T.);
#5838=EDGE_CURVE('',#7026,#7027,#7786,.T.);
#5839=EDGE_CURVE('',#7028,#6519,#826,.T.);
#5840=EDGE_CURVE('',#7027,#7028,#7787,.T.);
#5841=EDGE_CURVE('',#7029,#6518,#827,.T.);
#5842=EDGE_CURVE('',#7028,#7029,#7788,.T.);
#5843=EDGE_CURVE('',#7030,#6517,#828,.T.);
#5844=EDGE_CURVE('',#7029,#7030,#7789,.T.);
#5845=EDGE_CURVE('',#7031,#6516,#829,.T.);
#5846=EDGE_CURVE('',#7031,#7030,#7790,.T.);
#5847=EDGE_CURVE('',#7032,#6515,#830,.T.);
#5848=EDGE_CURVE('',#7031,#7032,#7791,.T.);
#5849=EDGE_CURVE('',#7033,#6514,#831,.T.);
#5850=EDGE_CURVE('',#7032,#7033,#7792,.T.);
#5851=EDGE_CURVE('',#6892,#6895,#832,.T.);
#5852=EDGE_CURVE('',#6894,#6896,#833,.T.);
#5853=EDGE_CURVE('',#6898,#6973,#834,.T.);
#5854=EDGE_CURVE('',#6900,#6974,#835,.T.);
#5855=EDGE_CURVE('',#6976,#7033,#7793,.T.);
#5856=EDGE_CURVE('',#6788,#6889,#836,.T.);
#5857=EDGE_CURVE('',#6790,#6890,#837,.T.);
#5858=EDGE_CURVE('',#7034,#7035,#838,.T.);
#5859=EDGE_CURVE('',#7036,#7035,#7794,.T.);
#5860=EDGE_CURVE('',#7036,#7037,#839,.T.);
#5861=EDGE_CURVE('',#7038,#7037,#7795,.T.);
#5862=EDGE_CURVE('',#7038,#7039,#840,.T.);
#5863=EDGE_CURVE('',#7039,#7040,#7796,.T.);
#5864=EDGE_CURVE('',#7040,#7041,#7797,.T.);
#5865=EDGE_CURVE('',#7041,#7042,#7798,.T.);
#5866=EDGE_CURVE('',#7042,#7043,#841,.T.);
#5867=EDGE_CURVE('',#7043,#7044,#842,.T.);
#5868=EDGE_CURVE('',#7045,#7044,#7799,.T.);
#5869=EDGE_CURVE('',#7045,#7046,#843,.T.);
#5870=EDGE_CURVE('',#7047,#7046,#7800,.T.);
#5871=EDGE_CURVE('',#7047,#7048,#844,.T.);
#5872=EDGE_CURVE('',#7034,#7048,#7801,.T.);
#5873=EDGE_CURVE('',#7049,#7050,#845,.T.);
#5874=EDGE_CURVE('',#7051,#7049,#846,.T.);
#5875=EDGE_CURVE('',#7052,#7051,#847,.T.);
#5876=EDGE_CURVE('',#7053,#7052,#848,.T.);
#5877=EDGE_CURVE('',#7054,#7053,#849,.T.);
#5878=EDGE_CURVE('',#7055,#7054,#850,.T.);
#5879=EDGE_CURVE('',#7050,#7055,#851,.T.);
#5880=EDGE_CURVE('',#7056,#7057,#852,.T.);
#5881=EDGE_CURVE('',#7057,#7058,#853,.T.);
#5882=EDGE_CURVE('',#7058,#7059,#854,.T.);
#5883=EDGE_CURVE('',#7059,#7060,#855,.T.);
#5884=EDGE_CURVE('',#7061,#7060,#7802,.T.);
#5885=EDGE_CURVE('',#7062,#7061,#7803,.T.);
#5886=EDGE_CURVE('',#7062,#7056,#856,.T.);
#5887=EDGE_CURVE('',#7063,#7064,#857,.T.);
#5888=EDGE_CURVE('',#7065,#7063,#858,.T.);
#5889=EDGE_CURVE('',#7066,#7065,#859,.T.);
#5890=EDGE_CURVE('',#7067,#7066,#860,.T.);
#5891=EDGE_CURVE('',#7068,#7067,#861,.T.);
#5892=EDGE_CURVE('',#7069,#7068,#862,.T.);
#5893=EDGE_CURVE('',#7070,#7069,#863,.T.);
#5894=EDGE_CURVE('',#7071,#7070,#864,.T.);
#5895=EDGE_CURVE('',#7072,#7071,#865,.T.);
#5896=EDGE_CURVE('',#7073,#7072,#866,.T.);
#5897=EDGE_CURVE('',#7074,#7073,#867,.T.);
#5898=EDGE_CURVE('',#7075,#7074,#7804,.T.);
#5899=EDGE_CURVE('',#7076,#7075,#7805,.T.);
#5900=EDGE_CURVE('',#7064,#7076,#7806,.T.);
#5901=EDGE_CURVE('',#7077,#7078,#7807,.T.);
#5902=EDGE_CURVE('',#7079,#7077,#868,.T.);
#5903=EDGE_CURVE('',#7080,#7079,#7808,.T.);
#5904=EDGE_CURVE('',#7081,#7080,#869,.T.);
#5905=EDGE_CURVE('',#7081,#7082,#7809,.T.);
#5906=EDGE_CURVE('',#7082,#7083,#7810,.T.);
#5907=EDGE_CURVE('',#7083,#7084,#7811,.T.);
#5908=EDGE_CURVE('',#7085,#7084,#870,.T.);
#5909=EDGE_CURVE('',#7086,#7085,#871,.T.);
#5910=EDGE_CURVE('',#7087,#7086,#7812,.T.);
#5911=EDGE_CURVE('',#7088,#7087,#872,.T.);
#5912=EDGE_CURVE('',#7089,#7088,#7813,.T.);
#5913=EDGE_CURVE('',#7078,#7089,#873,.T.);
#5914=EDGE_CURVE('',#7090,#7091,#874,.T.);
#5915=EDGE_CURVE('',#7092,#7090,#875,.T.);
#5916=EDGE_CURVE('',#7093,#7092,#876,.T.);
#5917=EDGE_CURVE('',#7094,#7093,#877,.T.);
#5918=EDGE_CURVE('',#7095,#7094,#878,.T.);
#5919=EDGE_CURVE('',#7096,#7095,#7814,.T.);
#5920=EDGE_CURVE('',#7097,#7096,#879,.T.);
#5921=EDGE_CURVE('',#7098,#7097,#880,.T.);
#5922=EDGE_CURVE('',#7099,#7098,#881,.T.);
#5923=EDGE_CURVE('',#7099,#7091,#7815,.T.);
#5924=EDGE_CURVE('',#7100,#7101,#882,.T.);
#5925=EDGE_CURVE('',#7102,#7100,#883,.T.);
#5926=EDGE_CURVE('',#7103,#7102,#884,.T.);
#5927=EDGE_CURVE('',#7104,#7103,#885,.T.);
#5928=EDGE_CURVE('',#7105,#7104,#886,.T.);
#5929=EDGE_CURVE('',#7106,#7105,#887,.T.);
#5930=EDGE_CURVE('',#7101,#7106,#888,.T.);
#5931=EDGE_CURVE('',#7107,#7108,#889,.T.);
#5932=EDGE_CURVE('',#7109,#7107,#890,.T.);
#5933=EDGE_CURVE('',#7110,#7109,#891,.T.);
#5934=EDGE_CURVE('',#7111,#7110,#892,.T.);
#5935=EDGE_CURVE('',#7112,#7111,#893,.T.);
#5936=EDGE_CURVE('',#7113,#7112,#894,.T.);
#5937=EDGE_CURVE('',#7114,#7113,#895,.T.);
#5938=EDGE_CURVE('',#7115,#7114,#896,.T.);
#5939=EDGE_CURVE('',#7116,#7115,#897,.T.);
#5940=EDGE_CURVE('',#7117,#7116,#898,.T.);
#5941=EDGE_CURVE('',#7108,#7117,#7816,.T.);
#5942=EDGE_CURVE('',#7118,#7119,#899,.T.);
#5943=EDGE_CURVE('',#7119,#7120,#900,.T.);
#5944=EDGE_CURVE('',#7120,#7121,#901,.T.);
#5945=EDGE_CURVE('',#7122,#7121,#7817,.T.);
#5946=EDGE_CURVE('',#7122,#7123,#902,.T.);
#5947=EDGE_CURVE('',#7123,#7124,#7818,.T.);
#5948=EDGE_CURVE('',#7124,#7125,#903,.T.);
#5949=EDGE_CURVE('',#7125,#7118,#904,.T.);
#5950=EDGE_CURVE('',#7126,#7100,#905,.T.);
#5951=EDGE_CURVE('',#7127,#7126,#906,.T.);
#5952=EDGE_CURVE('',#7127,#7102,#907,.T.);
#5953=EDGE_CURVE('',#7128,#7101,#908,.T.);
#5954=EDGE_CURVE('',#7126,#7128,#909,.T.);
#5955=EDGE_CURVE('',#7129,#7106,#910,.T.);
#5956=EDGE_CURVE('',#7128,#7129,#911,.T.);
#5957=EDGE_CURVE('',#7130,#7105,#912,.T.);
#5958=EDGE_CURVE('',#7129,#7130,#913,.T.);
#5959=EDGE_CURVE('',#7131,#7104,#914,.T.);
#5960=EDGE_CURVE('',#7130,#7131,#915,.T.);
#5961=EDGE_CURVE('',#7132,#7103,#916,.T.);
#5962=EDGE_CURVE('',#7131,#7132,#917,.T.);
#5963=EDGE_CURVE('',#7132,#7127,#918,.T.);
#5964=EDGE_CURVE('',#7133,#7090,#919,.T.);
#5965=EDGE_CURVE('',#7134,#7133,#920,.T.);
#5966=EDGE_CURVE('',#7134,#7092,#921,.T.);
#5967=EDGE_CURVE('',#7135,#7091,#922,.T.);
#5968=EDGE_CURVE('',#7133,#7135,#923,.T.);
#5969=EDGE_CURVE('',#7136,#7099,#924,.T.);
#5970=EDGE_CURVE('',#7136,#7135,#7819,.T.);
#5971=EDGE_CURVE('',#7137,#7098,#925,.T.);
#5972=EDGE_CURVE('',#7136,#7137,#926,.T.);
#5973=EDGE_CURVE('',#7138,#7097,#927,.T.);
#5974=EDGE_CURVE('',#7137,#7138,#928,.T.);
#5975=EDGE_CURVE('',#7139,#7096,#929,.T.);
#5976=EDGE_CURVE('',#7138,#7139,#930,.T.);
#5977=EDGE_CURVE('',#7140,#7095,#931,.T.);
#5978=EDGE_CURVE('',#7139,#7140,#7820,.T.);
#5979=EDGE_CURVE('',#7141,#7094,#932,.T.);
#5980=EDGE_CURVE('',#7140,#7141,#933,.T.);
#5981=EDGE_CURVE('',#7142,#7093,#934,.T.);
#5982=EDGE_CURVE('',#7141,#7142,#935,.T.);
#5983=EDGE_CURVE('',#7142,#7134,#936,.T.);
#5984=EDGE_CURVE('',#7143,#7077,#937,.T.);
#5985=EDGE_CURVE('',#7144,#7143,#938,.T.);
#5986=EDGE_CURVE('',#7144,#7079,#939,.T.);
#5987=EDGE_CURVE('',#7145,#7078,#940,.T.);
#5988=EDGE_CURVE('',#7143,#7145,#7821,.T.);
#5989=EDGE_CURVE('',#7146,#7089,#941,.T.);
#5990=EDGE_CURVE('',#7145,#7146,#942,.T.);
#5991=EDGE_CURVE('',#7147,#7088,#943,.T.);
#5992=EDGE_CURVE('',#7146,#7147,#7822,.T.);
#5993=EDGE_CURVE('',#7148,#7087,#944,.T.);
#5994=EDGE_CURVE('',#7147,#7148,#945,.T.);
#5995=EDGE_CURVE('',#7149,#7086,#946,.T.);
#5996=EDGE_CURVE('',#7148,#7149,#7823,.T.);
#5997=EDGE_CURVE('',#7150,#7085,#947,.T.);
#5998=EDGE_CURVE('',#7149,#7150,#948,.T.);
#5999=EDGE_CURVE('',#7151,#7084,#949,.T.);
#6000=EDGE_CURVE('',#7150,#7151,#950,.T.);
#6001=EDGE_CURVE('',#7152,#7083,#951,.T.);
#6002=EDGE_CURVE('',#7152,#7151,#7824,.T.);
#6003=EDGE_CURVE('',#7153,#7082,#952,.T.);
#6004=EDGE_CURVE('',#7153,#7152,#7825,.T.);
#6005=EDGE_CURVE('',#7154,#7081,#953,.T.);
#6006=EDGE_CURVE('',#7154,#7153,#7826,.T.);
#6007=EDGE_CURVE('',#7155,#7080,#954,.T.);
#6008=EDGE_CURVE('',#7154,#7155,#955,.T.);
#6009=EDGE_CURVE('',#7156,#7157,#7827,.T.);
#6010=EDGE_CURVE('',#7158,#7156,#956,.T.);
#6011=EDGE_CURVE('',#7158,#7159,#7828,.T.);
#6012=EDGE_CURVE('',#7159,#7157,#957,.T.);
#6013=EDGE_CURVE('',#7160,#7156,#7829,.T.);
#6014=EDGE_CURVE('',#7161,#7160,#958,.T.);
#6015=EDGE_CURVE('',#7161,#7158,#7830,.T.);
#6016=EDGE_CURVE('',#7160,#7162,#7831,.T.);
#6017=EDGE_CURVE('',#7163,#7162,#959,.T.);
#6018=EDGE_CURVE('',#7161,#7163,#7832,.T.);
#6019=EDGE_CURVE('',#7157,#7162,#7833,.T.);
#6020=EDGE_CURVE('',#7159,#7163,#7834,.T.);
#6021=EDGE_CURVE('',#7155,#7144,#7835,.T.);
#6022=EDGE_CURVE('',#7164,#7063,#960,.T.);
#6023=EDGE_CURVE('',#7165,#7164,#961,.T.);
#6024=EDGE_CURVE('',#7165,#7065,#962,.T.);
#6025=EDGE_CURVE('',#7166,#7064,#963,.T.);
#6026=EDGE_CURVE('',#7164,#7166,#964,.T.);
#6027=EDGE_CURVE('',#7167,#7076,#965,.T.);
#6028=EDGE_CURVE('',#7166,#7167,#7836,.T.);
#6029=EDGE_CURVE('',#7168,#7075,#966,.T.);
#6030=EDGE_CURVE('',#7167,#7168,#7837,.T.);
#6031=EDGE_CURVE('',#7169,#7074,#967,.T.);
#6032=EDGE_CURVE('',#7168,#7169,#7838,.T.);
#6033=EDGE_CURVE('',#7170,#7073,#968,.T.);
#6034=EDGE_CURVE('',#7169,#7170,#969,.T.);
#6035=EDGE_CURVE('',#7171,#7072,#970,.T.);
#6036=EDGE_CURVE('',#7170,#7171,#971,.T.);
#6037=EDGE_CURVE('',#7172,#7071,#972,.T.);
#6038=EDGE_CURVE('',#7171,#7172,#973,.T.);
#6039=EDGE_CURVE('',#7173,#7070,#974,.T.);
#6040=EDGE_CURVE('',#7172,#7173,#975,.T.);
#6041=EDGE_CURVE('',#7174,#7069,#976,.T.);
#6042=EDGE_CURVE('',#7173,#7174,#977,.T.);
#6043=EDGE_CURVE('',#7175,#7068,#978,.T.);
#6044=EDGE_CURVE('',#7174,#7175,#979,.T.);
#6045=EDGE_CURVE('',#7176,#7067,#980,.T.);
#6046=EDGE_CURVE('',#7175,#7176,#981,.T.);
#6047=EDGE_CURVE('',#7177,#7066,#982,.T.);
#6048=EDGE_CURVE('',#7176,#7177,#983,.T.);
#6049=EDGE_CURVE('',#7177,#7165,#984,.T.);
#6050=EDGE_CURVE('',#7178,#7179,#7839,.T.);
#6051=EDGE_CURVE('',#7180,#7178,#985,.T.);
#6052=EDGE_CURVE('',#7180,#7181,#7840,.T.);
#6053=EDGE_CURVE('',#7181,#7179,#986,.T.);
#6054=EDGE_CURVE('',#7178,#7182,#987,.T.);
#6055=EDGE_CURVE('',#7183,#7182,#988,.T.);
#6056=EDGE_CURVE('',#7180,#7183,#989,.T.);
#6057=EDGE_CURVE('',#7184,#7182,#7841,.T.);
#6058=EDGE_CURVE('',#7185,#7184,#990,.T.);
#6059=EDGE_CURVE('',#7185,#7183,#7842,.T.);
#6060=EDGE_CURVE('',#7186,#7056,#991,.T.);
#6061=EDGE_CURVE('',#7186,#7187,#992,.T.);
#6062=EDGE_CURVE('',#7187,#7057,#993,.T.);
#6063=EDGE_CURVE('',#7188,#7062,#994,.T.);
#6064=EDGE_CURVE('',#7188,#7186,#995,.T.);
#6065=EDGE_CURVE('',#7189,#7061,#996,.T.);
#6066=EDGE_CURVE('',#7188,#7189,#7843,.T.);
#6067=EDGE_CURVE('',#7190,#7060,#997,.T.);
#6068=EDGE_CURVE('',#7189,#7190,#7844,.T.);
#6069=EDGE_CURVE('',#7191,#7059,#998,.T.);
#6070=EDGE_CURVE('',#7191,#7190,#999,.T.);
#6071=EDGE_CURVE('',#7192,#7058,#1000,.T.);
#6072=EDGE_CURVE('',#7192,#7191,#1001,.T.);
#6073=EDGE_CURVE('',#7187,#7192,#1002,.T.);
#6074=EDGE_CURVE('',#7179,#7184,#7845,.T.);
#6075=EDGE_CURVE('',#7181,#7185,#7846,.T.);
#6076=EDGE_CURVE('',#7193,#7194,#1003,.T.);
#6077=EDGE_CURVE('',#7195,#7194,#1004,.T.);
#6078=EDGE_CURVE('',#7196,#7195,#1005,.T.);
#6079=EDGE_CURVE('',#7196,#7193,#1006,.T.);
#6080=EDGE_CURVE('',#7194,#7197,#1007,.T.);
#6081=EDGE_CURVE('',#7198,#7197,#1008,.T.);
#6082=EDGE_CURVE('',#7195,#7198,#1009,.T.);
#6083=EDGE_CURVE('',#7199,#7049,#1010,.T.);
#6084=EDGE_CURVE('',#7200,#7199,#1011,.T.);
#6085=EDGE_CURVE('',#7200,#7051,#1012,.T.);
#6086=EDGE_CURVE('',#7201,#7050,#1013,.T.);
#6087=EDGE_CURVE('',#7199,#7201,#1014,.T.);
#6088=EDGE_CURVE('',#7202,#7055,#1015,.T.);
#6089=EDGE_CURVE('',#7201,#7202,#1016,.T.);
#6090=EDGE_CURVE('',#7203,#7054,#1017,.T.);
#6091=EDGE_CURVE('',#7202,#7203,#1018,.T.);
#6092=EDGE_CURVE('',#7204,#7053,#1019,.T.);
#6093=EDGE_CURVE('',#7203,#7204,#1020,.T.);
#6094=EDGE_CURVE('',#7205,#7052,#1021,.T.);
#6095=EDGE_CURVE('',#7204,#7205,#1022,.T.);
#6096=EDGE_CURVE('',#7205,#7200,#1023,.T.);
#6097=EDGE_CURVE('',#7197,#7193,#1024,.T.);
#6098=EDGE_CURVE('',#7198,#7196,#1025,.T.);
#6099=EDGE_CURVE('',#7206,#7207,#7847,.T.);
#6100=EDGE_CURVE('',#7208,#7206,#7848,.T.);
#6101=EDGE_CURVE('',#7209,#7208,#7849,.T.);
#6102=EDGE_CURVE('',#7210,#7209,#7850,.T.);
#6103=EDGE_CURVE('',#7211,#7210,#7851,.T.);
#6104=EDGE_CURVE('',#7211,#7212,#7852,.T.);
#6105=EDGE_CURVE('',#7213,#7212,#7853,.T.);
#6106=EDGE_CURVE('',#7214,#7213,#7854,.T.);
#6107=EDGE_CURVE('',#7215,#7214,#7855,.T.);
#6108=EDGE_CURVE('',#7207,#7215,#7856,.T.);
#6109=EDGE_CURVE('',#7216,#7217,#7857,.T.);
#6110=EDGE_CURVE('',#7218,#7216,#7858,.T.);
#6111=EDGE_CURVE('',#7219,#7218,#7859,.T.);
#6112=EDGE_CURVE('',#7219,#7220,#7860,.T.);
#6113=EDGE_CURVE('',#7221,#7220,#7861,.T.);
#6114=EDGE_CURVE('',#7217,#7221,#7862,.T.);
#6115=EDGE_CURVE('',#7222,#7223,#7863,.T.);
#6116=EDGE_CURVE('',#7224,#7222,#7864,.T.);
#6117=EDGE_CURVE('',#7225,#7224,#7865,.T.);
#6118=EDGE_CURVE('',#7223,#7225,#7866,.T.);
#6119=EDGE_CURVE('',#7226,#7227,#7867,.T.);
#6120=EDGE_CURVE('',#7228,#7226,#7868,.T.);
#6121=EDGE_CURVE('',#7229,#7228,#7869,.T.);
#6122=EDGE_CURVE('',#7230,#7229,#7870,.T.);
#6123=EDGE_CURVE('',#7231,#7230,#7871,.T.);
#6124=EDGE_CURVE('',#7232,#7231,#7872,.T.);
#6125=EDGE_CURVE('',#7233,#7232,#7873,.T.);
#6126=EDGE_CURVE('',#7234,#7233,#7874,.T.);
#6127=EDGE_CURVE('',#7235,#7234,#7875,.T.);
#6128=EDGE_CURVE('',#7235,#7236,#7876,.T.);
#6129=EDGE_CURVE('',#7236,#7237,#7877,.T.);
#6130=EDGE_CURVE('',#7237,#7227,#7878,.T.);
#6131=EDGE_CURVE('',#7238,#7239,#7879,.T.);
#6132=EDGE_CURVE('',#7240,#7238,#7880,.T.);
#6133=EDGE_CURVE('',#7241,#7240,#7881,.T.);
#6134=EDGE_CURVE('',#7242,#7241,#7882,.T.);
#6135=EDGE_CURVE('',#7243,#7242,#7883,.T.);
#6136=EDGE_CURVE('',#7244,#7243,#7884,.T.);
#6137=EDGE_CURVE('',#7245,#7244,#7885,.T.);
#6138=EDGE_CURVE('',#7246,#7245,#7886,.T.);
#6139=EDGE_CURVE('',#7247,#7246,#7887,.T.);
#6140=EDGE_CURVE('',#7248,#7247,#7888,.T.);
#6141=EDGE_CURVE('',#7249,#7248,#7889,.T.);
#6142=EDGE_CURVE('',#7249,#7250,#7890,.T.);
#6143=EDGE_CURVE('',#7250,#7251,#7891,.T.);
#6144=EDGE_CURVE('',#7251,#7252,#7892,.T.);
#6145=EDGE_CURVE('',#7252,#7239,#7893,.T.);
#6146=EDGE_CURVE('',#7253,#7254,#7894,.T.);
#6147=EDGE_CURVE('',#7255,#7253,#7895,.T.);
#6148=EDGE_CURVE('',#7255,#7256,#7896,.T.);
#6149=EDGE_CURVE('',#7257,#7256,#7897,.T.);
#6150=EDGE_CURVE('',#7258,#7257,#7898,.T.);
#6151=EDGE_CURVE('',#7259,#7258,#7899,.T.);
#6152=EDGE_CURVE('',#7259,#7260,#7900,.T.);
#6153=EDGE_CURVE('',#7261,#7260,#7901,.T.);
#6154=EDGE_CURVE('',#7262,#7261,#7902,.T.);
#6155=EDGE_CURVE('',#7254,#7262,#7903,.T.);
#6156=EDGE_CURVE('',#7263,#7264,#1026,.T.);
#6157=EDGE_CURVE('',#7265,#7263,#7904,.T.);
#6158=EDGE_CURVE('',#7266,#7265,#7905,.T.);
#6159=EDGE_CURVE('',#7266,#7267,#7906,.T.);
#6160=EDGE_CURVE('',#7267,#7268,#7907,.T.);
#6161=EDGE_CURVE('',#7264,#7268,#7908,.T.);
#6162=EDGE_CURVE('',#7269,#7270,#7909,.T.);
#6163=EDGE_CURVE('',#7271,#7270,#7910,.T.);
#6164=EDGE_CURVE('',#7272,#7271,#7911,.T.);
#6165=EDGE_CURVE('',#7273,#7272,#7912,.T.);
#6166=EDGE_CURVE('',#7273,#7274,#7913,.T.);
#6167=EDGE_CURVE('',#7269,#7274,#7914,.T.);
#6168=EDGE_CURVE('',#7275,#7206,#1027,.T.);
#6169=EDGE_CURVE('',#7276,#7275,#7915,.T.);
#6170=EDGE_CURVE('',#7276,#7208,#1028,.T.);
#6171=EDGE_CURVE('',#7277,#7207,#1029,.T.);
#6172=EDGE_CURVE('',#7275,#7277,#7916,.T.);
#6173=EDGE_CURVE('',#7278,#7215,#1030,.T.);
#6174=EDGE_CURVE('',#7277,#7278,#7917,.T.);
#6175=EDGE_CURVE('',#7279,#7214,#1031,.T.);
#6176=EDGE_CURVE('',#7278,#7279,#7918,.T.);
#6177=EDGE_CURVE('',#7280,#7213,#1032,.T.);
#6178=EDGE_CURVE('',#7279,#7280,#7919,.T.);
#6179=EDGE_CURVE('',#7281,#7212,#1033,.T.);
#6180=EDGE_CURVE('',#7280,#7281,#7920,.T.);
#6181=EDGE_CURVE('',#7282,#7211,#1034,.T.);
#6182=EDGE_CURVE('',#7282,#7281,#7921,.T.);
#6183=EDGE_CURVE('',#7283,#7210,#1035,.T.);
#6184=EDGE_CURVE('',#7282,#7283,#7922,.T.);
#6185=EDGE_CURVE('',#7284,#7209,#1036,.T.);
#6186=EDGE_CURVE('',#7283,#7284,#7923,.T.);
#6187=EDGE_CURVE('',#7285,#7286,#7924,.T.);
#6188=EDGE_CURVE('',#7287,#7285,#1037,.T.);
#6189=EDGE_CURVE('',#7287,#7288,#7925,.T.);
#6190=EDGE_CURVE('',#7288,#7286,#1038,.T.);
#6191=EDGE_CURVE('',#7289,#7285,#7926,.T.);
#6192=EDGE_CURVE('',#7290,#7289,#1039,.T.);
#6193=EDGE_CURVE('',#7290,#7287,#7927,.T.);
#6194=EDGE_CURVE('',#7291,#7289,#7928,.T.);
#6195=EDGE_CURVE('',#7292,#7291,#1040,.T.);
#6196=EDGE_CURVE('',#7292,#7290,#7929,.T.);
#6197=EDGE_CURVE('',#7293,#7294,#7930,.T.);
#6198=EDGE_CURVE('',#7295,#7293,#1041,.T.);
#6199=EDGE_CURVE('',#7295,#7296,#7931,.T.);
#6200=EDGE_CURVE('',#7296,#7294,#1042,.T.);
#6201=EDGE_CURVE('',#7297,#7293,#7932,.T.);
#6202=EDGE_CURVE('',#7298,#7297,#1043,.T.);
#6203=EDGE_CURVE('',#7298,#7295,#7933,.T.);
#6204=EDGE_CURVE('',#7299,#7297,#7934,.T.);
#6205=EDGE_CURVE('',#7300,#7299,#1044,.T.);
#6206=EDGE_CURVE('',#7300,#7298,#7935,.T.);
#6207=EDGE_CURVE('',#7286,#7291,#7936,.T.);
#6208=EDGE_CURVE('',#7288,#7292,#7937,.T.);
#6209=EDGE_CURVE('',#7294,#7299,#7938,.T.);
#6210=EDGE_CURVE('',#7296,#7300,#7939,.T.);
#6211=EDGE_CURVE('',#7284,#7276,#7940,.T.);
#6212=EDGE_CURVE('',#7301,#7216,#1045,.T.);
#6213=EDGE_CURVE('',#7302,#7301,#7941,.T.);
#6214=EDGE_CURVE('',#7302,#7218,#1046,.T.);
#6215=EDGE_CURVE('',#7303,#7217,#1047,.T.);
#6216=EDGE_CURVE('',#7301,#7303,#7942,.T.);
#6217=EDGE_CURVE('',#7304,#7221,#1048,.T.);
#6218=EDGE_CURVE('',#7303,#7304,#7943,.T.);
#6219=EDGE_CURVE('',#7305,#7220,#1049,.T.);
#6220=EDGE_CURVE('',#7304,#7305,#7944,.T.);
#6221=EDGE_CURVE('',#7306,#7219,#1050,.T.);
#6222=EDGE_CURVE('',#7306,#7305,#7945,.T.);
#6223=EDGE_CURVE('',#7306,#7302,#7946,.T.);
#6224=EDGE_CURVE('',#7307,#7222,#1051,.T.);
#6225=EDGE_CURVE('',#7308,#7307,#7947,.T.);
#6226=EDGE_CURVE('',#7308,#7224,#1052,.T.);
#6227=EDGE_CURVE('',#7309,#7223,#1053,.T.);
#6228=EDGE_CURVE('',#7307,#7309,#7948,.T.);
#6229=EDGE_CURVE('',#7310,#7225,#1054,.T.);
#6230=EDGE_CURVE('',#7309,#7310,#7949,.T.);
#6231=EDGE_CURVE('',#7310,#7308,#7950,.T.);
#6232=EDGE_CURVE('',#7311,#7226,#1055,.T.);
#6233=EDGE_CURVE('',#7312,#7311,#7951,.T.);
#6234=EDGE_CURVE('',#7312,#7228,#1056,.T.);
#6235=EDGE_CURVE('',#7313,#7227,#1057,.T.);
#6236=EDGE_CURVE('',#7311,#7313,#7952,.T.);
#6237=EDGE_CURVE('',#7314,#7237,#1058,.T.);
#6238=EDGE_CURVE('',#7314,#7313,#7953,.T.);
#6239=EDGE_CURVE('',#7315,#7236,#1059,.T.);
#6240=EDGE_CURVE('',#7315,#7314,#7954,.T.);
#6241=EDGE_CURVE('',#7316,#7235,#1060,.T.);
#6242=EDGE_CURVE('',#7316,#7315,#7955,.T.);
#6243=EDGE_CURVE('',#7317,#7234,#1061,.T.);
#6244=EDGE_CURVE('',#7316,#7317,#7956,.T.);
#6245=EDGE_CURVE('',#7318,#7233,#1062,.T.);
#6246=EDGE_CURVE('',#7317,#7318,#7957,.T.);
#6247=EDGE_CURVE('',#7319,#7232,#1063,.T.);
#6248=EDGE_CURVE('',#7318,#7319,#7958,.T.);
#6249=EDGE_CURVE('',#7320,#7231,#1064,.T.);
#6250=EDGE_CURVE('',#7319,#7320,#7959,.T.);
#6251=EDGE_CURVE('',#7321,#7230,#1065,.T.);
#6252=EDGE_CURVE('',#7320,#7321,#7960,.T.);
#6253=EDGE_CURVE('',#7322,#7229,#1066,.T.);
#6254=EDGE_CURVE('',#7321,#7322,#7961,.T.);
#6255=EDGE_CURVE('',#7323,#7324,#7962,.T.);
#6256=EDGE_CURVE('',#7325,#7323,#1067,.T.);
#6257=EDGE_CURVE('',#7325,#7326,#7963,.T.);
#6258=EDGE_CURVE('',#7326,#7324,#1068,.T.);
#6259=EDGE_CURVE('',#7327,#7323,#7964,.T.);
#6260=EDGE_CURVE('',#7328,#7327,#1069,.T.);
#6261=EDGE_CURVE('',#7328,#7325,#7965,.T.);
#6262=EDGE_CURVE('',#7329,#7327,#7966,.T.);
#6263=EDGE_CURVE('',#7330,#7329,#1070,.T.);
#6264=EDGE_CURVE('',#7330,#7328,#7967,.T.);
#6265=EDGE_CURVE('',#7324,#7329,#7968,.T.);
#6266=EDGE_CURVE('',#7326,#7330,#7969,.T.);
#6267=EDGE_CURVE('',#7322,#7312,#7970,.T.);
#6268=EDGE_CURVE('',#7331,#7034,#1071,.T.);
#6269=EDGE_CURVE('',#7331,#7332,#1072,.T.);
#6270=EDGE_CURVE('',#7332,#7035,#1073,.T.);
#6271=EDGE_CURVE('',#7333,#7048,#1074,.T.);
#6272=EDGE_CURVE('',#7331,#7333,#7971,.T.);
#6273=EDGE_CURVE('',#7334,#7047,#1075,.T.);
#6274=EDGE_CURVE('',#7334,#7333,#1076,.T.);
#6275=EDGE_CURVE('',#7335,#7046,#1077,.T.);
#6276=EDGE_CURVE('',#7334,#7335,#7972,.T.);
#6277=EDGE_CURVE('',#7336,#7045,#1078,.T.);
#6278=EDGE_CURVE('',#7336,#7335,#1079,.T.);
#6279=EDGE_CURVE('',#7337,#7044,#1080,.T.);
#6280=EDGE_CURVE('',#7336,#7337,#7973,.T.);
#6281=EDGE_CURVE('',#7338,#7043,#1081,.T.);
#6282=EDGE_CURVE('',#7338,#7337,#1082,.T.);
#6283=EDGE_CURVE('',#7339,#7042,#1083,.T.);
#6284=EDGE_CURVE('',#7339,#7338,#1084,.T.);
#6285=EDGE_CURVE('',#7340,#7041,#1085,.T.);
#6286=EDGE_CURVE('',#7340,#7339,#7974,.T.);
#6287=EDGE_CURVE('',#7341,#7040,#1086,.T.);
#6288=EDGE_CURVE('',#7341,#7340,#7975,.T.);
#6289=EDGE_CURVE('',#7342,#7039,#1087,.T.);
#6290=EDGE_CURVE('',#7342,#7341,#7976,.T.);
#6291=EDGE_CURVE('',#7343,#7038,#1088,.T.);
#6292=EDGE_CURVE('',#7343,#7342,#1089,.T.);
#6293=EDGE_CURVE('',#7344,#7037,#1090,.T.);
#6294=EDGE_CURVE('',#7343,#7344,#7977,.T.);
#6295=EDGE_CURVE('',#7345,#7036,#1091,.T.);
#6296=EDGE_CURVE('',#7345,#7344,#1092,.T.);
#6297=EDGE_CURVE('',#7346,#7347,#7978,.T.);
#6298=EDGE_CURVE('',#7348,#7346,#1093,.T.);
#6299=EDGE_CURVE('',#7348,#7349,#7979,.T.);
#6300=EDGE_CURVE('',#7349,#7347,#1094,.T.);
#6301=EDGE_CURVE('',#7350,#7346,#7980,.T.);
#6302=EDGE_CURVE('',#7351,#7350,#1095,.T.);
#6303=EDGE_CURVE('',#7351,#7348,#7981,.T.);
#6304=EDGE_CURVE('',#7352,#7350,#7982,.T.);
#6305=EDGE_CURVE('',#7353,#7352,#1096,.T.);
#6306=EDGE_CURVE('',#7353,#7351,#7983,.T.);
#6307=EDGE_CURVE('',#7347,#7352,#7984,.T.);
#6308=EDGE_CURVE('',#7349,#7353,#7985,.T.);
#6309=EDGE_CURVE('',#7345,#7332,#7986,.T.);
#6310=EDGE_CURVE('',#7354,#7107,#1097,.T.);
#6311=EDGE_CURVE('',#7355,#7354,#1098,.T.);
#6312=EDGE_CURVE('',#7355,#7109,#1099,.T.);
#6313=EDGE_CURVE('',#7356,#7108,#1100,.T.);
#6314=EDGE_CURVE('',#7354,#7356,#1101,.T.);
#6315=EDGE_CURVE('',#7357,#7117,#1102,.T.);
#6316=EDGE_CURVE('',#7356,#7357,#7987,.T.);
#6317=EDGE_CURVE('',#7358,#7116,#1103,.T.);
#6318=EDGE_CURVE('',#7357,#7358,#1104,.T.);
#6319=EDGE_CURVE('',#7359,#7115,#1105,.T.);
#6320=EDGE_CURVE('',#7358,#7359,#1106,.T.);
#6321=EDGE_CURVE('',#7360,#7114,#1107,.T.);
#6322=EDGE_CURVE('',#7359,#7360,#1108,.T.);
#6323=EDGE_CURVE('',#7361,#7113,#1109,.T.);
#6324=EDGE_CURVE('',#7360,#7361,#1110,.T.);
#6325=EDGE_CURVE('',#7362,#7112,#1111,.T.);
#6326=EDGE_CURVE('',#7361,#7362,#1112,.T.);
#6327=EDGE_CURVE('',#7363,#7111,#1113,.T.);
#6328=EDGE_CURVE('',#7362,#7363,#1114,.T.);
#6329=EDGE_CURVE('',#7364,#7110,#1115,.T.);
#6330=EDGE_CURVE('',#7363,#7364,#1116,.T.);
#6331=EDGE_CURVE('',#7364,#7355,#1117,.T.);
#6332=EDGE_CURVE('',#7365,#7118,#1118,.T.);
#6333=EDGE_CURVE('',#7365,#7366,#1119,.T.);
#6334=EDGE_CURVE('',#7366,#7119,#1120,.T.);
#6335=EDGE_CURVE('',#7367,#7125,#1121,.T.);
#6336=EDGE_CURVE('',#7367,#7365,#1122,.T.);
#6337=EDGE_CURVE('',#7368,#7124,#1123,.T.);
#6338=EDGE_CURVE('',#7368,#7367,#1124,.T.);
#6339=EDGE_CURVE('',#7369,#7123,#1125,.T.);
#6340=EDGE_CURVE('',#7369,#7368,#7988,.T.);
#6341=EDGE_CURVE('',#7370,#7122,#1126,.T.);
#6342=EDGE_CURVE('',#7370,#7369,#1127,.T.);
#6343=EDGE_CURVE('',#7371,#7121,#1128,.T.);
#6344=EDGE_CURVE('',#7370,#7371,#7989,.T.);
#6345=EDGE_CURVE('',#7372,#7120,#1129,.T.);
#6346=EDGE_CURVE('',#7372,#7371,#1130,.T.);
#6347=EDGE_CURVE('',#7366,#7372,#1131,.T.);
#6348=EDGE_CURVE('',#7373,#7238,#1132,.T.);
#6349=EDGE_CURVE('',#7374,#7373,#7990,.T.);
#6350=EDGE_CURVE('',#7374,#7240,#1133,.T.);
#6351=EDGE_CURVE('',#7375,#7239,#1134,.T.);
#6352=EDGE_CURVE('',#7373,#7375,#7991,.T.);
#6353=EDGE_CURVE('',#7376,#7252,#1135,.T.);
#6354=EDGE_CURVE('',#7376,#7375,#7992,.T.);
#6355=EDGE_CURVE('',#7377,#7251,#1136,.T.);
#6356=EDGE_CURVE('',#7377,#7376,#7993,.T.);
#6357=EDGE_CURVE('',#7378,#7250,#1137,.T.);
#6358=EDGE_CURVE('',#7378,#7377,#7994,.T.);
#6359=EDGE_CURVE('',#7379,#7249,#1138,.T.);
#6360=EDGE_CURVE('',#7379,#7378,#7995,.T.);
#6361=EDGE_CURVE('',#7380,#7248,#1139,.T.);
#6362=EDGE_CURVE('',#7379,#7380,#7996,.T.);
#6363=EDGE_CURVE('',#7381,#7247,#1140,.T.);
#6364=EDGE_CURVE('',#7380,#7381,#7997,.T.);
#6365=EDGE_CURVE('',#7382,#7246,#1141,.T.);
#6366=EDGE_CURVE('',#7381,#7382,#7998,.T.);
#6367=EDGE_CURVE('',#7383,#7245,#1142,.T.);
#6368=EDGE_CURVE('',#7382,#7383,#7999,.T.);
#6369=EDGE_CURVE('',#7384,#7244,#1143,.T.);
#6370=EDGE_CURVE('',#7383,#7384,#8000,.T.);
#6371=EDGE_CURVE('',#7385,#7243,#1144,.T.);
#6372=EDGE_CURVE('',#7384,#7385,#8001,.T.);
#6373=EDGE_CURVE('',#7386,#7242,#1145,.T.);
#6374=EDGE_CURVE('',#7385,#7386,#8002,.T.);
#6375=EDGE_CURVE('',#7387,#7241,#1146,.T.);
#6376=EDGE_CURVE('',#7386,#7387,#8003,.T.);
#6377=EDGE_CURVE('',#7388,#7389,#8004,.T.);
#6378=EDGE_CURVE('',#7390,#7388,#1147,.T.);
#6379=EDGE_CURVE('',#7390,#7391,#8005,.T.);
#6380=EDGE_CURVE('',#7391,#7389,#1148,.T.);
#6381=EDGE_CURVE('',#7392,#7388,#8006,.T.);
#6382=EDGE_CURVE('',#7393,#7392,#1149,.T.);
#6383=EDGE_CURVE('',#7393,#7390,#8007,.T.);
#6384=EDGE_CURVE('',#7392,#7394,#8008,.T.);
#6385=EDGE_CURVE('',#7395,#7394,#1150,.T.);
#6386=EDGE_CURVE('',#7393,#7395,#8009,.T.);
#6387=EDGE_CURVE('',#7394,#7396,#8010,.T.);
#6388=EDGE_CURVE('',#7397,#7396,#1151,.T.);
#6389=EDGE_CURVE('',#7395,#7397,#8011,.T.);
#6390=EDGE_CURVE('',#7398,#7396,#8012,.T.);
#6391=EDGE_CURVE('',#7399,#7398,#1152,.T.);
#6392=EDGE_CURVE('',#7399,#7397,#8013,.T.);
#6393=EDGE_CURVE('',#7389,#7398,#8014,.T.);
#6394=EDGE_CURVE('',#7391,#7399,#8015,.T.);
#6395=EDGE_CURVE('',#7387,#7374,#8016,.T.);
#6396=EDGE_CURVE('',#7400,#7253,#1153,.T.);
#6397=EDGE_CURVE('',#7401,#7400,#8017,.T.);
#6398=EDGE_CURVE('',#7401,#7255,#1154,.T.);
#6399=EDGE_CURVE('',#7402,#7254,#1155,.T.);
#6400=EDGE_CURVE('',#7400,#7402,#8018,.T.);
#6401=EDGE_CURVE('',#7403,#7262,#1156,.T.);
#6402=EDGE_CURVE('',#7402,#7403,#8019,.T.);
#6403=EDGE_CURVE('',#7404,#7261,#1157,.T.);
#6404=EDGE_CURVE('',#7403,#7404,#8020,.T.);
#6405=EDGE_CURVE('',#7405,#7260,#1158,.T.);
#6406=EDGE_CURVE('',#7404,#7405,#8021,.T.);
#6407=EDGE_CURVE('',#7406,#7259,#1159,.T.);
#6408=EDGE_CURVE('',#7406,#7405,#8022,.T.);
#6409=EDGE_CURVE('',#7407,#7258,#1160,.T.);
#6410=EDGE_CURVE('',#7406,#7407,#8023,.T.);
#6411=EDGE_CURVE('',#7408,#7257,#1161,.T.);
#6412=EDGE_CURVE('',#7407,#7408,#8024,.T.);
#6413=EDGE_CURVE('',#7409,#7256,#1162,.T.);
#6414=EDGE_CURVE('',#7408,#7409,#8025,.T.);
#6415=EDGE_CURVE('',#7401,#7409,#8026,.T.);
#6416=EDGE_CURVE('',#7410,#7263,#1163,.T.);
#6417=EDGE_CURVE('',#7411,#7410,#8027,.T.);
#6418=EDGE_CURVE('',#7411,#7265,#1164,.T.);
#6419=EDGE_CURVE('',#7412,#7264,#1165,.T.);
#6420=EDGE_CURVE('',#7410,#7412,#1166,.T.);
#6421=EDGE_CURVE('',#7413,#7268,#1167,.T.);
#6422=EDGE_CURVE('',#7412,#7413,#8028,.T.);
#6423=EDGE_CURVE('',#7414,#7267,#1168,.T.);
#6424=EDGE_CURVE('',#7414,#7413,#8029,.T.);
#6425=EDGE_CURVE('',#7415,#7266,#1169,.T.);
#6426=EDGE_CURVE('',#7415,#7414,#8030,.T.);
#6427=EDGE_CURVE('',#7415,#7411,#8031,.T.);
#6428=EDGE_CURVE('',#7416,#7269,#1170,.T.);
#6429=EDGE_CURVE('',#7416,#7417,#8032,.T.);
#6430=EDGE_CURVE('',#7417,#7270,#1171,.T.);
#6431=EDGE_CURVE('',#7418,#7274,#1172,.T.);
#6432=EDGE_CURVE('',#7416,#7418,#8033,.T.);
#6433=EDGE_CURVE('',#7419,#7273,#1173,.T.);
#6434=EDGE_CURVE('',#7419,#7418,#8034,.T.);
#6435=EDGE_CURVE('',#7420,#7272,#1174,.T.);
#6436=EDGE_CURVE('',#7419,#7420,#8035,.T.);
#6437=EDGE_CURVE('',#7421,#7271,#1175,.T.);
#6438=EDGE_CURVE('',#7420,#7421,#8036,.T.);
#6439=EDGE_CURVE('',#7421,#7417,#8037,.T.);
#6440=VERTEX_POINT('',#14290);
#6441=VERTEX_POINT('',#14291);
#6442=VERTEX_POINT('',#14293);
#6443=VERTEX_POINT('',#14295);
#6444=VERTEX_POINT('',#14297);
#6445=VERTEX_POINT('',#14299);
#6446=VERTEX_POINT('',#14301);
#6447=VERTEX_POINT('',#14303);
#6448=VERTEX_POINT('',#14305);
#6449=VERTEX_POINT('',#14308);
#6450=VERTEX_POINT('',#14309);
#6451=VERTEX_POINT('',#14311);
#6452=VERTEX_POINT('',#14313);
#6453=VERTEX_POINT('',#14315);
#6454=VERTEX_POINT('',#14317);
#6455=VERTEX_POINT('',#14319);
#6456=VERTEX_POINT('',#14321);
#6457=VERTEX_POINT('',#14323);
#6458=VERTEX_POINT('',#14326);
#6459=VERTEX_POINT('',#14327);
#6460=VERTEX_POINT('',#14329);
#6461=VERTEX_POINT('',#14331);
#6462=VERTEX_POINT('',#14333);
#6463=VERTEX_POINT('',#14335);
#6464=VERTEX_POINT('',#14337);
#6465=VERTEX_POINT('',#14339);
#6466=VERTEX_POINT('',#14341);
#6467=VERTEX_POINT('',#14343);
#6468=VERTEX_POINT('',#14345);
#6469=VERTEX_POINT('',#14347);
#6470=VERTEX_POINT('',#14349);
#6471=VERTEX_POINT('',#14351);
#6472=VERTEX_POINT('',#14353);
#6473=VERTEX_POINT('',#14355);
#6474=VERTEX_POINT('',#14357);
#6475=VERTEX_POINT('',#14359);
#6476=VERTEX_POINT('',#14361);
#6477=VERTEX_POINT('',#14364);
#6478=VERTEX_POINT('',#14365);
#6479=VERTEX_POINT('',#14367);
#6480=VERTEX_POINT('',#14369);
#6481=VERTEX_POINT('',#14371);
#6482=VERTEX_POINT('',#14373);
#6483=VERTEX_POINT('',#14375);
#6484=VERTEX_POINT('',#14377);
#6485=VERTEX_POINT('',#14379);
#6486=VERTEX_POINT('',#14381);
#6487=VERTEX_POINT('',#14383);
#6488=VERTEX_POINT('',#14385);
#6489=VERTEX_POINT('',#14387);
#6490=VERTEX_POINT('',#14390);
#6491=VERTEX_POINT('',#14391);
#6492=VERTEX_POINT('',#14393);
#6493=VERTEX_POINT('',#14395);
#6494=VERTEX_POINT('',#14397);
#6495=VERTEX_POINT('',#14399);
#6496=VERTEX_POINT('',#14401);
#6497=VERTEX_POINT('',#14403);
#6498=VERTEX_POINT('',#14405);
#6499=VERTEX_POINT('',#14407);
#6500=VERTEX_POINT('',#14409);
#6501=VERTEX_POINT('',#14411);
#6502=VERTEX_POINT('',#14414);
#6503=VERTEX_POINT('',#14415);
#6504=VERTEX_POINT('',#14417);
#6505=VERTEX_POINT('',#14419);
#6506=VERTEX_POINT('',#14421);
#6507=VERTEX_POINT('',#14423);
#6508=VERTEX_POINT('',#14425);
#6509=VERTEX_POINT('',#14427);
#6510=VERTEX_POINT('',#14429);
#6511=VERTEX_POINT('',#14431);
#6512=VERTEX_POINT('',#14434);
#6513=VERTEX_POINT('',#14435);
#6514=VERTEX_POINT('',#14437);
#6515=VERTEX_POINT('',#14439);
#6516=VERTEX_POINT('',#14441);
#6517=VERTEX_POINT('',#14443);
#6518=VERTEX_POINT('',#14445);
#6519=VERTEX_POINT('',#14447);
#6520=VERTEX_POINT('',#14449);
#6521=VERTEX_POINT('',#14451);
#6522=VERTEX_POINT('',#14453);
#6523=VERTEX_POINT('',#14455);
#6524=VERTEX_POINT('',#14457);
#6525=VERTEX_POINT('',#14459);
#6526=VERTEX_POINT('',#14461);
#6527=VERTEX_POINT('',#14463);
#6528=VERTEX_POINT('',#14465);
#6529=VERTEX_POINT('',#14467);
#6530=VERTEX_POINT('',#14469);
#6531=VERTEX_POINT('',#14471);
#6532=VERTEX_POINT('',#14473);
#6533=VERTEX_POINT('',#14475);
#6534=VERTEX_POINT('',#14477);
#6535=VERTEX_POINT('',#14479);
#6536=VERTEX_POINT('',#14481);
#6537=VERTEX_POINT('',#14483);
#6538=VERTEX_POINT('',#14485);
#6539=VERTEX_POINT('',#14487);
#6540=VERTEX_POINT('',#14489);
#6541=VERTEX_POINT('',#14491);
#6542=VERTEX_POINT('',#14493);
#6543=VERTEX_POINT('',#14495);
#6544=VERTEX_POINT('',#14497);
#6545=VERTEX_POINT('',#14499);
#6546=VERTEX_POINT('',#14501);
#6547=VERTEX_POINT('',#14503);
#6548=VERTEX_POINT('',#14505);
#6549=VERTEX_POINT('',#14507);
#6550=VERTEX_POINT('',#14509);
#6551=VERTEX_POINT('',#14511);
#6552=VERTEX_POINT('',#14513);
#6553=VERTEX_POINT('',#14515);
#6554=VERTEX_POINT('',#14517);
#6555=VERTEX_POINT('',#14519);
#6556=VERTEX_POINT('',#14521);
#6557=VERTEX_POINT('',#14523);
#6558=VERTEX_POINT('',#14525);
#6559=VERTEX_POINT('',#14527);
#6560=VERTEX_POINT('',#14529);
#6561=VERTEX_POINT('',#14531);
#6562=VERTEX_POINT('',#14533);
#6563=VERTEX_POINT('',#14535);
#6564=VERTEX_POINT('',#14537);
#6565=VERTEX_POINT('',#14539);
#6566=VERTEX_POINT('',#14541);
#6567=VERTEX_POINT('',#14543);
#6568=VERTEX_POINT('',#14545);
#6569=VERTEX_POINT('',#14547);
#6570=VERTEX_POINT('',#14549);
#6571=VERTEX_POINT('',#14553);
#6572=VERTEX_POINT('',#14554);
#6573=VERTEX_POINT('',#14556);
#6574=VERTEX_POINT('',#14558);
#6575=VERTEX_POINT('',#14560);
#6576=VERTEX_POINT('',#14562);
#6577=VERTEX_POINT('',#14564);
#6578=VERTEX_POINT('',#14566);
#6579=VERTEX_POINT('',#14568);
#6580=VERTEX_POINT('',#14570);
#6581=VERTEX_POINT('',#14574);
#6582=VERTEX_POINT('',#14575);
#6583=VERTEX_POINT('',#14578);
#6584=VERTEX_POINT('',#14580);
#6585=VERTEX_POINT('',#14582);
#6586=VERTEX_POINT('',#14592);
#6587=VERTEX_POINT('',#14594);
#6588=VERTEX_POINT('',#14596);
#6589=VERTEX_POINT('',#14606);
#6590=VERTEX_POINT('',#14607);
#6591=VERTEX_POINT('',#14609);
#6592=VERTEX_POINT('',#14629);
#6593=VERTEX_POINT('',#14631);
#6594=VERTEX_POINT('',#14633);
#6595=VERTEX_POINT('',#14643);
#6596=VERTEX_POINT('',#14644);
#6597=VERTEX_POINT('',#14646);
#6598=VERTEX_POINT('',#14666);
#6599=VERTEX_POINT('',#14668);
#6600=VERTEX_POINT('',#14670);
#6601=VERTEX_POINT('',#14680);
#6602=VERTEX_POINT('',#14681);
#6603=VERTEX_POINT('',#14683);
#6604=VERTEX_POINT('',#14703);
#6605=VERTEX_POINT('',#14705);
#6606=VERTEX_POINT('',#14707);
#6607=VERTEX_POINT('',#14717);
#6608=VERTEX_POINT('',#14718);
#6609=VERTEX_POINT('',#14720);
#6610=VERTEX_POINT('',#14734);
#6611=VERTEX_POINT('',#14735);
#6612=VERTEX_POINT('',#14737);
#6613=VERTEX_POINT('',#14739);
#6614=VERTEX_POINT('',#14743);
#6615=VERTEX_POINT('',#14745);
#6616=VERTEX_POINT('',#14749);
#6617=VERTEX_POINT('',#14750);
#6618=VERTEX_POINT('',#14752);
#6619=VERTEX_POINT('',#14754);
#6620=VERTEX_POINT('',#14758);
#6621=VERTEX_POINT('',#14759);
#6622=VERTEX_POINT('',#14761);
#6623=VERTEX_POINT('',#14763);
#6624=VERTEX_POINT('',#14767);
#6625=VERTEX_POINT('',#14768);
#6626=VERTEX_POINT('',#14770);
#6627=VERTEX_POINT('',#14772);
#6628=VERTEX_POINT('',#14776);
#6629=VERTEX_POINT('',#14778);
#6630=VERTEX_POINT('',#14782);
#6631=VERTEX_POINT('',#14783);
#6632=VERTEX_POINT('',#14785);
#6633=VERTEX_POINT('',#14788);
#6634=VERTEX_POINT('',#14790);
#6635=VERTEX_POINT('',#14792);
#6636=VERTEX_POINT('',#14796);
#6637=VERTEX_POINT('',#14797);
#6638=VERTEX_POINT('',#14799);
#6639=VERTEX_POINT('',#14801);
#6640=VERTEX_POINT('',#14805);
#6641=VERTEX_POINT('',#14807);
#6642=VERTEX_POINT('',#14811);
#6643=VERTEX_POINT('',#14812);
#6644=VERTEX_POINT('',#14814);
#6645=VERTEX_POINT('',#14816);
#6646=VERTEX_POINT('',#14820);
#6647=VERTEX_POINT('',#14821);
#6648=VERTEX_POINT('',#14823);
#6649=VERTEX_POINT('',#14825);
#6650=VERTEX_POINT('',#14829);
#6651=VERTEX_POINT('',#14831);
#6652=VERTEX_POINT('',#14835);
#6653=VERTEX_POINT('',#14837);
#6654=VERTEX_POINT('',#14841);
#6655=VERTEX_POINT('',#14843);
#6656=VERTEX_POINT('',#14845);
#6657=VERTEX_POINT('',#14847);
#6658=VERTEX_POINT('',#14851);
#6659=VERTEX_POINT('',#14852);
#6660=VERTEX_POINT('',#14854);
#6661=VERTEX_POINT('',#14856);
#6662=VERTEX_POINT('',#14863);
#6663=VERTEX_POINT('',#14865);
#6664=VERTEX_POINT('',#14869);
#6665=VERTEX_POINT('',#14870);
#6666=VERTEX_POINT('',#14872);
#6667=VERTEX_POINT('',#14874);
#6668=VERTEX_POINT('',#14878);
#6669=VERTEX_POINT('',#14880);
#6670=VERTEX_POINT('',#14889);
#6671=VERTEX_POINT('',#14890);
#6672=VERTEX_POINT('',#14904);
#6673=VERTEX_POINT('',#14905);
#6674=VERTEX_POINT('',#14907);
#6675=VERTEX_POINT('',#14909);
#6676=VERTEX_POINT('',#14917);
#6677=VERTEX_POINT('',#14924);
#6678=VERTEX_POINT('',#14926);
#6679=VERTEX_POINT('',#14928);
#6680=VERTEX_POINT('',#14930);
#6681=VERTEX_POINT('',#14937);
#6682=VERTEX_POINT('',#14939);
#6683=VERTEX_POINT('',#14946);
#6684=VERTEX_POINT('',#14947);
#6685=VERTEX_POINT('',#14949);
#6686=VERTEX_POINT('',#14951);
#6687=VERTEX_POINT('',#14973);
#6688=VERTEX_POINT('',#14974);
#6689=VERTEX_POINT('',#14976);
#6690=VERTEX_POINT('',#14978);
#6691=VERTEX_POINT('',#14985);
#6692=VERTEX_POINT('',#14986);
#6693=VERTEX_POINT('',#14991);
#6694=VERTEX_POINT('',#14995);
#6695=VERTEX_POINT('',#15018);
#6696=VERTEX_POINT('',#15038);
#6697=VERTEX_POINT('',#15057);
#6698=VERTEX_POINT('',#15077);
#6699=VERTEX_POINT('',#15089);
#6700=VERTEX_POINT('',#15093);
#6701=VERTEX_POINT('',#15108);
#6702=VERTEX_POINT('',#15110);
#6703=VERTEX_POINT('',#15114);
#6704=VERTEX_POINT('',#15118);
#6705=VERTEX_POINT('',#15122);
#6706=VERTEX_POINT('',#15126);
#6707=VERTEX_POINT('',#15130);
#6708=VERTEX_POINT('',#15134);
#6709=VERTEX_POINT('',#15138);
#6710=VERTEX_POINT('',#15142);
#6711=VERTEX_POINT('',#15146);
#6712=VERTEX_POINT('',#15150);
#6713=VERTEX_POINT('',#15154);
#6714=VERTEX_POINT('',#15161);
#6715=VERTEX_POINT('',#15163);
#6716=VERTEX_POINT('',#15167);
#6717=VERTEX_POINT('',#15171);
#6718=VERTEX_POINT('',#15175);
#6719=VERTEX_POINT('',#15179);
#6720=VERTEX_POINT('',#15183);
#6721=VERTEX_POINT('',#15187);
#6722=VERTEX_POINT('',#15191);
#6723=VERTEX_POINT('',#15195);
#6724=VERTEX_POINT('',#15199);
#6725=VERTEX_POINT('',#15203);
#6726=VERTEX_POINT('',#15207);
#6727=VERTEX_POINT('',#15211);
#6728=VERTEX_POINT('',#15215);
#6729=VERTEX_POINT('',#15219);
#6730=VERTEX_POINT('',#15223);
#6731=VERTEX_POINT('',#15227);
#6732=VERTEX_POINT('',#15231);
#6733=VERTEX_POINT('',#15235);
#6734=VERTEX_POINT('',#15236);
#6735=VERTEX_POINT('',#15238);
#6736=VERTEX_POINT('',#15240);
#6737=VERTEX_POINT('',#15244);
#6738=VERTEX_POINT('',#15246);
#6739=VERTEX_POINT('',#15250);
#6740=VERTEX_POINT('',#15251);
#6741=VERTEX_POINT('',#15253);
#6742=VERTEX_POINT('',#15255);
#6743=VERTEX_POINT('',#15270);
#6744=VERTEX_POINT('',#15272);
#6745=VERTEX_POINT('',#15276);
#6746=VERTEX_POINT('',#15280);
#6747=VERTEX_POINT('',#15284);
#6748=VERTEX_POINT('',#15288);
#6749=VERTEX_POINT('',#15292);
#6750=VERTEX_POINT('',#15296);
#6751=VERTEX_POINT('',#15300);
#6752=VERTEX_POINT('',#15307);
#6753=VERTEX_POINT('',#15309);
#6754=VERTEX_POINT('',#15313);
#6755=VERTEX_POINT('',#15317);
#6756=VERTEX_POINT('',#15321);
#6757=VERTEX_POINT('',#15325);
#6758=VERTEX_POINT('',#15329);
#6759=VERTEX_POINT('',#15333);
#6760=VERTEX_POINT('',#15337);
#6761=VERTEX_POINT('',#15341);
#6762=VERTEX_POINT('',#15342);
#6763=VERTEX_POINT('',#15344);
#6764=VERTEX_POINT('',#15346);
#6765=VERTEX_POINT('',#15350);
#6766=VERTEX_POINT('',#15352);
#6767=VERTEX_POINT('',#15356);
#6768=VERTEX_POINT('',#15358);
#6769=VERTEX_POINT('',#15369);
#6770=VERTEX_POINT('',#15371);
#6771=VERTEX_POINT('',#15375);
#6772=VERTEX_POINT('',#15379);
#6773=VERTEX_POINT('',#15383);
#6774=VERTEX_POINT('',#15387);
#6775=VERTEX_POINT('',#15391);
#6776=VERTEX_POINT('',#15395);
#6777=VERTEX_POINT('',#15399);
#6778=VERTEX_POINT('',#15403);
#6779=VERTEX_POINT('',#15407);
#6780=VERTEX_POINT('',#15408);
#6781=VERTEX_POINT('',#15410);
#6782=VERTEX_POINT('',#15412);
#6783=VERTEX_POINT('',#15416);
#6784=VERTEX_POINT('',#15418);
#6785=VERTEX_POINT('',#15422);
#6786=VERTEX_POINT('',#15424);
#6787=VERTEX_POINT('',#15435);
#6788=VERTEX_POINT('',#15436);
#6789=VERTEX_POINT('',#15438);
#6790=VERTEX_POINT('',#15440);
#6791=VERTEX_POINT('',#15444);
#6792=VERTEX_POINT('',#15446);
#6793=VERTEX_POINT('',#15450);
#6794=VERTEX_POINT('',#15452);
#6795=VERTEX_POINT('',#15456);
#6796=VERTEX_POINT('',#15458);
#6797=VERTEX_POINT('',#15462);
#6798=VERTEX_POINT('',#15464);
#6799=VERTEX_POINT('',#15468);
#6800=VERTEX_POINT('',#15470);
#6801=VERTEX_POINT('',#15474);
#6802=VERTEX_POINT('',#15476);
#6803=VERTEX_POINT('',#15480);
#6804=VERTEX_POINT('',#15482);
#6805=VERTEX_POINT('',#15486);
#6806=VERTEX_POINT('',#15488);
#6807=VERTEX_POINT('',#15492);
#6808=VERTEX_POINT('',#15494);
#6809=VERTEX_POINT('',#15498);
#6810=VERTEX_POINT('',#15500);
#6811=VERTEX_POINT('',#15504);
#6812=VERTEX_POINT('',#15506);
#6813=VERTEX_POINT('',#15510);
#6814=VERTEX_POINT('',#15512);
#6815=VERTEX_POINT('',#15516);
#6816=VERTEX_POINT('',#15518);
#6817=VERTEX_POINT('',#15522);
#6818=VERTEX_POINT('',#15524);
#6819=VERTEX_POINT('',#15528);
#6820=VERTEX_POINT('',#15530);
#6821=VERTEX_POINT('',#15534);
#6822=VERTEX_POINT('',#15536);
#6823=VERTEX_POINT('',#15540);
#6824=VERTEX_POINT('',#15542);
#6825=VERTEX_POINT('',#15546);
#6826=VERTEX_POINT('',#15548);
#6827=VERTEX_POINT('',#15552);
#6828=VERTEX_POINT('',#15554);
#6829=VERTEX_POINT('',#15558);
#6830=VERTEX_POINT('',#15560);
#6831=VERTEX_POINT('',#15564);
#6832=VERTEX_POINT('',#15566);
#6833=VERTEX_POINT('',#15570);
#6834=VERTEX_POINT('',#15572);
#6835=VERTEX_POINT('',#15576);
#6836=VERTEX_POINT('',#15578);
#6837=VERTEX_POINT('',#15582);
#6838=VERTEX_POINT('',#15584);
#6839=VERTEX_POINT('',#15588);
#6840=VERTEX_POINT('',#15590);
#6841=VERTEX_POINT('',#15594);
#6842=VERTEX_POINT('',#15596);
#6843=VERTEX_POINT('',#15600);
#6844=VERTEX_POINT('',#15602);
#6845=VERTEX_POINT('',#15606);
#6846=VERTEX_POINT('',#15608);
#6847=VERTEX_POINT('',#15612);
#6848=VERTEX_POINT('',#15614);
#6849=VERTEX_POINT('',#15618);
#6850=VERTEX_POINT('',#15620);
#6851=VERTEX_POINT('',#15624);
#6852=VERTEX_POINT('',#15626);
#6853=VERTEX_POINT('',#15630);
#6854=VERTEX_POINT('',#15632);
#6855=VERTEX_POINT('',#15636);
#6856=VERTEX_POINT('',#15638);
#6857=VERTEX_POINT('',#15642);
#6858=VERTEX_POINT('',#15644);
#6859=VERTEX_POINT('',#15648);
#6860=VERTEX_POINT('',#15650);
#6861=VERTEX_POINT('',#15654);
#6862=VERTEX_POINT('',#15656);
#6863=VERTEX_POINT('',#15660);
#6864=VERTEX_POINT('',#15662);
#6865=VERTEX_POINT('',#15666);
#6866=VERTEX_POINT('',#15668);
#6867=VERTEX_POINT('',#15672);
#6868=VERTEX_POINT('',#15674);
#6869=VERTEX_POINT('',#15678);
#6870=VERTEX_POINT('',#15680);
#6871=VERTEX_POINT('',#15684);
#6872=VERTEX_POINT('',#15686);
#6873=VERTEX_POINT('',#15690);
#6874=VERTEX_POINT('',#15692);
#6875=VERTEX_POINT('',#15696);
#6876=VERTEX_POINT('',#15698);
#6877=VERTEX_POINT('',#15702);
#6878=VERTEX_POINT('',#15704);
#6879=VERTEX_POINT('',#15708);
#6880=VERTEX_POINT('',#15710);
#6881=VERTEX_POINT('',#15714);
#6882=VERTEX_POINT('',#15716);
#6883=VERTEX_POINT('',#15720);
#6884=VERTEX_POINT('',#15722);
#6885=VERTEX_POINT('',#15726);
#6886=VERTEX_POINT('',#15728);
#6887=VERTEX_POINT('',#15732);
#6888=VERTEX_POINT('',#15734);
#6889=VERTEX_POINT('',#15738);
#6890=VERTEX_POINT('',#15740);
#6891=VERTEX_POINT('',#15744);
#6892=VERTEX_POINT('',#15745);
#6893=VERTEX_POINT('',#15747);
#6894=VERTEX_POINT('',#15749);
#6895=VERTEX_POINT('',#15753);
#6896=VERTEX_POINT('',#15755);
#6897=VERTEX_POINT('',#15759);
#6898=VERTEX_POINT('',#15760);
#6899=VERTEX_POINT('',#15762);
#6900=VERTEX_POINT('',#15764);
#6901=VERTEX_POINT('',#15768);
#6902=VERTEX_POINT('',#15770);
#6903=VERTEX_POINT('',#15774);
#6904=VERTEX_POINT('',#15776);
#6905=VERTEX_POINT('',#15780);
#6906=VERTEX_POINT('',#15782);
#6907=VERTEX_POINT('',#15786);
#6908=VERTEX_POINT('',#15788);
#6909=VERTEX_POINT('',#15792);
#6910=VERTEX_POINT('',#15794);
#6911=VERTEX_POINT('',#15798);
#6912=VERTEX_POINT('',#15800);
#6913=VERTEX_POINT('',#15804);
#6914=VERTEX_POINT('',#15806);
#6915=VERTEX_POINT('',#15810);
#6916=VERTEX_POINT('',#15812);
#6917=VERTEX_POINT('',#15816);
#6918=VERTEX_POINT('',#15818);
#6919=VERTEX_POINT('',#15822);
#6920=VERTEX_POINT('',#15824);
#6921=VERTEX_POINT('',#15828);
#6922=VERTEX_POINT('',#15830);
#6923=VERTEX_POINT('',#15834);
#6924=VERTEX_POINT('',#15836);
#6925=VERTEX_POINT('',#15840);
#6926=VERTEX_POINT('',#15842);
#6927=VERTEX_POINT('',#15846);
#6928=VERTEX_POINT('',#15848);
#6929=VERTEX_POINT('',#15852);
#6930=VERTEX_POINT('',#15854);
#6931=VERTEX_POINT('',#15858);
#6932=VERTEX_POINT('',#15860);
#6933=VERTEX_POINT('',#15864);
#6934=VERTEX_POINT('',#15866);
#6935=VERTEX_POINT('',#15870);
#6936=VERTEX_POINT('',#15872);
#6937=VERTEX_POINT('',#15876);
#6938=VERTEX_POINT('',#15878);
#6939=VERTEX_POINT('',#15882);
#6940=VERTEX_POINT('',#15884);
#6941=VERTEX_POINT('',#15888);
#6942=VERTEX_POINT('',#15890);
#6943=VERTEX_POINT('',#15894);
#6944=VERTEX_POINT('',#15896);
#6945=VERTEX_POINT('',#15900);
#6946=VERTEX_POINT('',#15902);
#6947=VERTEX_POINT('',#15906);
#6948=VERTEX_POINT('',#15908);
#6949=VERTEX_POINT('',#15912);
#6950=VERTEX_POINT('',#15914);
#6951=VERTEX_POINT('',#15918);
#6952=VERTEX_POINT('',#15920);
#6953=VERTEX_POINT('',#15924);
#6954=VERTEX_POINT('',#15926);
#6955=VERTEX_POINT('',#15930);
#6956=VERTEX_POINT('',#15932);
#6957=VERTEX_POINT('',#15936);
#6958=VERTEX_POINT('',#15938);
#6959=VERTEX_POINT('',#15942);
#6960=VERTEX_POINT('',#15944);
#6961=VERTEX_POINT('',#15948);
#6962=VERTEX_POINT('',#15950);
#6963=VERTEX_POINT('',#15954);
#6964=VERTEX_POINT('',#15956);
#6965=VERTEX_POINT('',#15960);
#6966=VERTEX_POINT('',#15962);
#6967=VERTEX_POINT('',#15966);
#6968=VERTEX_POINT('',#15968);
#6969=VERTEX_POINT('',#15972);
#6970=VERTEX_POINT('',#15974);
#6971=VERTEX_POINT('',#15978);
#6972=VERTEX_POINT('',#15980);
#6973=VERTEX_POINT('',#15984);
#6974=VERTEX_POINT('',#15986);
#6975=VERTEX_POINT('',#15990);
#6976=VERTEX_POINT('',#15992);
#6977=VERTEX_POINT('',#15996);
#6978=VERTEX_POINT('',#16000);
#6979=VERTEX_POINT('',#16004);
#6980=VERTEX_POINT('',#16008);
#6981=VERTEX_POINT('',#16012);
#6982=VERTEX_POINT('',#16016);
#6983=VERTEX_POINT('',#16020);
#6984=VERTEX_POINT('',#16024);
#6985=VERTEX_POINT('',#16028);
#6986=VERTEX_POINT('',#16032);
#6987=VERTEX_POINT('',#16036);
#6988=VERTEX_POINT('',#16040);
#6989=VERTEX_POINT('',#16044);
#6990=VERTEX_POINT('',#16048);
#6991=VERTEX_POINT('',#16052);
#6992=VERTEX_POINT('',#16056);
#6993=VERTEX_POINT('',#16060);
#6994=VERTEX_POINT('',#16064);
#6995=VERTEX_POINT('',#16068);
#6996=VERTEX_POINT('',#16072);
#6997=VERTEX_POINT('',#16076);
#6998=VERTEX_POINT('',#16080);
#6999=VERTEX_POINT('',#16084);
#7000=VERTEX_POINT('',#16088);
#7001=VERTEX_POINT('',#16092);
#7002=VERTEX_POINT('',#16096);
#7003=VERTEX_POINT('',#16100);
#7004=VERTEX_POINT('',#16104);
#7005=VERTEX_POINT('',#16108);
#7006=VERTEX_POINT('',#16112);
#7007=VERTEX_POINT('',#16116);
#7008=VERTEX_POINT('',#16120);
#7009=VERTEX_POINT('',#16124);
#7010=VERTEX_POINT('',#16128);
#7011=VERTEX_POINT('',#16132);
#7012=VERTEX_POINT('',#16136);
#7013=VERTEX_POINT('',#16140);
#7014=VERTEX_POINT('',#16144);
#7015=VERTEX_POINT('',#16148);
#7016=VERTEX_POINT('',#16152);
#7017=VERTEX_POINT('',#16156);
#7018=VERTEX_POINT('',#16160);
#7019=VERTEX_POINT('',#16164);
#7020=VERTEX_POINT('',#16168);
#7021=VERTEX_POINT('',#16172);
#7022=VERTEX_POINT('',#16176);
#7023=VERTEX_POINT('',#16180);
#7024=VERTEX_POINT('',#16184);
#7025=VERTEX_POINT('',#16188);
#7026=VERTEX_POINT('',#16192);
#7027=VERTEX_POINT('',#16196);
#7028=VERTEX_POINT('',#16200);
#7029=VERTEX_POINT('',#16204);
#7030=VERTEX_POINT('',#16208);
#7031=VERTEX_POINT('',#16212);
#7032=VERTEX_POINT('',#16216);
#7033=VERTEX_POINT('',#16220);
#7034=VERTEX_POINT('',#16237);
#7035=VERTEX_POINT('',#16238);
#7036=VERTEX_POINT('',#16240);
#7037=VERTEX_POINT('',#16242);
#7038=VERTEX_POINT('',#16244);
#7039=VERTEX_POINT('',#16246);
#7040=VERTEX_POINT('',#16248);
#7041=VERTEX_POINT('',#16250);
#7042=VERTEX_POINT('',#16252);
#7043=VERTEX_POINT('',#16254);
#7044=VERTEX_POINT('',#16256);
#7045=VERTEX_POINT('',#16258);
#7046=VERTEX_POINT('',#16260);
#7047=VERTEX_POINT('',#16262);
#7048=VERTEX_POINT('',#16264);
#7049=VERTEX_POINT('',#16267);
#7050=VERTEX_POINT('',#16268);
#7051=VERTEX_POINT('',#16270);
#7052=VERTEX_POINT('',#16272);
#7053=VERTEX_POINT('',#16274);
#7054=VERTEX_POINT('',#16276);
#7055=VERTEX_POINT('',#16278);
#7056=VERTEX_POINT('',#16281);
#7057=VERTEX_POINT('',#16282);
#7058=VERTEX_POINT('',#16284);
#7059=VERTEX_POINT('',#16286);
#7060=VERTEX_POINT('',#16288);
#7061=VERTEX_POINT('',#16290);
#7062=VERTEX_POINT('',#16292);
#7063=VERTEX_POINT('',#16295);
#7064=VERTEX_POINT('',#16296);
#7065=VERTEX_POINT('',#16298);
#7066=VERTEX_POINT('',#16300);
#7067=VERTEX_POINT('',#16302);
#7068=VERTEX_POINT('',#16304);
#7069=VERTEX_POINT('',#16306);
#7070=VERTEX_POINT('',#16308);
#7071=VERTEX_POINT('',#16310);
#7072=VERTEX_POINT('',#16312);
#7073=VERTEX_POINT('',#16314);
#7074=VERTEX_POINT('',#16316);
#7075=VERTEX_POINT('',#16318);
#7076=VERTEX_POINT('',#16320);
#7077=VERTEX_POINT('',#16323);
#7078=VERTEX_POINT('',#16324);
#7079=VERTEX_POINT('',#16326);
#7080=VERTEX_POINT('',#16328);
#7081=VERTEX_POINT('',#16330);
#7082=VERTEX_POINT('',#16332);
#7083=VERTEX_POINT('',#16334);
#7084=VERTEX_POINT('',#16336);
#7085=VERTEX_POINT('',#16338);
#7086=VERTEX_POINT('',#16340);
#7087=VERTEX_POINT('',#16342);
#7088=VERTEX_POINT('',#16344);
#7089=VERTEX_POINT('',#16346);
#7090=VERTEX_POINT('',#16349);
#7091=VERTEX_POINT('',#16350);
#7092=VERTEX_POINT('',#16352);
#7093=VERTEX_POINT('',#16354);
#7094=VERTEX_POINT('',#16356);
#7095=VERTEX_POINT('',#16358);
#7096=VERTEX_POINT('',#16360);
#7097=VERTEX_POINT('',#16362);
#7098=VERTEX_POINT('',#16364);
#7099=VERTEX_POINT('',#16366);
#7100=VERTEX_POINT('',#16369);
#7101=VERTEX_POINT('',#16370);
#7102=VERTEX_POINT('',#16372);
#7103=VERTEX_POINT('',#16374);
#7104=VERTEX_POINT('',#16376);
#7105=VERTEX_POINT('',#16378);
#7106=VERTEX_POINT('',#16380);
#7107=VERTEX_POINT('',#16383);
#7108=VERTEX_POINT('',#16384);
#7109=VERTEX_POINT('',#16386);
#7110=VERTEX_POINT('',#16388);
#7111=VERTEX_POINT('',#16390);
#7112=VERTEX_POINT('',#16392);
#7113=VERTEX_POINT('',#16394);
#7114=VERTEX_POINT('',#16396);
#7115=VERTEX_POINT('',#16398);
#7116=VERTEX_POINT('',#16400);
#7117=VERTEX_POINT('',#16402);
#7118=VERTEX_POINT('',#16405);
#7119=VERTEX_POINT('',#16406);
#7120=VERTEX_POINT('',#16408);
#7121=VERTEX_POINT('',#16410);
#7122=VERTEX_POINT('',#16412);
#7123=VERTEX_POINT('',#16414);
#7124=VERTEX_POINT('',#16416);
#7125=VERTEX_POINT('',#16418);
#7126=VERTEX_POINT('',#16422);
#7127=VERTEX_POINT('',#16424);
#7128=VERTEX_POINT('',#16428);
#7129=VERTEX_POINT('',#16432);
#7130=VERTEX_POINT('',#16436);
#7131=VERTEX_POINT('',#16440);
#7132=VERTEX_POINT('',#16444);
#7133=VERTEX_POINT('',#16451);
#7134=VERTEX_POINT('',#16453);
#7135=VERTEX_POINT('',#16457);
#7136=VERTEX_POINT('',#16461);
#7137=VERTEX_POINT('',#16465);
#7138=VERTEX_POINT('',#16469);
#7139=VERTEX_POINT('',#16473);
#7140=VERTEX_POINT('',#16477);
#7141=VERTEX_POINT('',#16481);
#7142=VERTEX_POINT('',#16485);
#7143=VERTEX_POINT('',#16492);
#7144=VERTEX_POINT('',#16494);
#7145=VERTEX_POINT('',#16498);
#7146=VERTEX_POINT('',#16502);
#7147=VERTEX_POINT('',#16506);
#7148=VERTEX_POINT('',#16510);
#7149=VERTEX_POINT('',#16514);
#7150=VERTEX_POINT('',#16518);
#7151=VERTEX_POINT('',#16522);
#7152=VERTEX_POINT('',#16526);
#7153=VERTEX_POINT('',#16530);
#7154=VERTEX_POINT('',#16534);
#7155=VERTEX_POINT('',#16538);
#7156=VERTEX_POINT('',#16542);
#7157=VERTEX_POINT('',#16543);
#7158=VERTEX_POINT('',#16545);
#7159=VERTEX_POINT('',#16547);
#7160=VERTEX_POINT('',#16551);
#7161=VERTEX_POINT('',#16553);
#7162=VERTEX_POINT('',#16557);
#7163=VERTEX_POINT('',#16559);
#7164=VERTEX_POINT('',#16570);
#7165=VERTEX_POINT('',#16572);
#7166=VERTEX_POINT('',#16576);
#7167=VERTEX_POINT('',#16580);
#7168=VERTEX_POINT('',#16584);
#7169=VERTEX_POINT('',#16588);
#7170=VERTEX_POINT('',#16592);
#7171=VERTEX_POINT('',#16596);
#7172=VERTEX_POINT('',#16600);
#7173=VERTEX_POINT('',#16604);
#7174=VERTEX_POINT('',#16608);
#7175=VERTEX_POINT('',#16612);
#7176=VERTEX_POINT('',#16616);
#7177=VERTEX_POINT('',#16620);
#7178=VERTEX_POINT('',#16627);
#7179=VERTEX_POINT('',#16628);
#7180=VERTEX_POINT('',#16630);
#7181=VERTEX_POINT('',#16632);
#7182=VERTEX_POINT('',#16636);
#7183=VERTEX_POINT('',#16638);
#7184=VERTEX_POINT('',#16642);
#7185=VERTEX_POINT('',#16644);
#7186=VERTEX_POINT('',#16648);
#7187=VERTEX_POINT('',#16650);
#7188=VERTEX_POINT('',#16654);
#7189=VERTEX_POINT('',#16658);
#7190=VERTEX_POINT('',#16662);
#7191=VERTEX_POINT('',#16666);
#7192=VERTEX_POINT('',#16670);
#7193=VERTEX_POINT('',#16680);
#7194=VERTEX_POINT('',#16681);
#7195=VERTEX_POINT('',#16683);
#7196=VERTEX_POINT('',#16685);
#7197=VERTEX_POINT('',#16689);
#7198=VERTEX_POINT('',#16691);
#7199=VERTEX_POINT('',#16695);
#7200=VERTEX_POINT('',#16697);
#7201=VERTEX_POINT('',#16701);
#7202=VERTEX_POINT('',#16705);
#7203=VERTEX_POINT('',#16709);
#7204=VERTEX_POINT('',#16713);
#7205=VERTEX_POINT('',#16717);
#7206=VERTEX_POINT('',#16727);
#7207=VERTEX_POINT('',#16728);
#7208=VERTEX_POINT('',#16730);
#7209=VERTEX_POINT('',#16732);
#7210=VERTEX_POINT('',#16734);
#7211=VERTEX_POINT('',#16736);
#7212=VERTEX_POINT('',#16738);
#7213=VERTEX_POINT('',#16740);
#7214=VERTEX_POINT('',#16742);
#7215=VERTEX_POINT('',#16744);
#7216=VERTEX_POINT('',#16747);
#7217=VERTEX_POINT('',#16748);
#7218=VERTEX_POINT('',#16750);
#7219=VERTEX_POINT('',#16752);
#7220=VERTEX_POINT('',#16754);
#7221=VERTEX_POINT('',#16756);
#7222=VERTEX_POINT('',#16759);
#7223=VERTEX_POINT('',#16760);
#7224=VERTEX_POINT('',#16762);
#7225=VERTEX_POINT('',#16764);
#7226=VERTEX_POINT('',#16767);
#7227=VERTEX_POINT('',#16768);
#7228=VERTEX_POINT('',#16770);
#7229=VERTEX_POINT('',#16772);
#7230=VERTEX_POINT('',#16774);
#7231=VERTEX_POINT('',#16776);
#7232=VERTEX_POINT('',#16778);
#7233=VERTEX_POINT('',#16780);
#7234=VERTEX_POINT('',#16782);
#7235=VERTEX_POINT('',#16784);
#7236=VERTEX_POINT('',#16786);
#7237=VERTEX_POINT('',#16788);
#7238=VERTEX_POINT('',#16791);
#7239=VERTEX_POINT('',#16792);
#7240=VERTEX_POINT('',#16794);
#7241=VERTEX_POINT('',#16796);
#7242=VERTEX_POINT('',#16798);
#7243=VERTEX_POINT('',#16800);
#7244=VERTEX_POINT('',#16802);
#7245=VERTEX_POINT('',#16804);
#7246=VERTEX_POINT('',#16806);
#7247=VERTEX_POINT('',#16808);
#7248=VERTEX_POINT('',#16810);
#7249=VERTEX_POINT('',#16812);
#7250=VERTEX_POINT('',#16814);
#7251=VERTEX_POINT('',#16816);
#7252=VERTEX_POINT('',#16818);
#7253=VERTEX_POINT('',#16821);
#7254=VERTEX_POINT('',#16822);
#7255=VERTEX_POINT('',#16824);
#7256=VERTEX_POINT('',#16826);
#7257=VERTEX_POINT('',#16828);
#7258=VERTEX_POINT('',#16830);
#7259=VERTEX_POINT('',#16832);
#7260=VERTEX_POINT('',#16834);
#7261=VERTEX_POINT('',#16836);
#7262=VERTEX_POINT('',#16838);
#7263=VERTEX_POINT('',#16841);
#7264=VERTEX_POINT('',#16842);
#7265=VERTEX_POINT('',#16844);
#7266=VERTEX_POINT('',#16846);
#7267=VERTEX_POINT('',#16848);
#7268=VERTEX_POINT('',#16850);
#7269=VERTEX_POINT('',#16853);
#7270=VERTEX_POINT('',#16854);
#7271=VERTEX_POINT('',#16856);
#7272=VERTEX_POINT('',#16858);
#7273=VERTEX_POINT('',#16860);
#7274=VERTEX_POINT('',#16862);
#7275=VERTEX_POINT('',#16866);
#7276=VERTEX_POINT('',#16868);
#7277=VERTEX_POINT('',#16872);
#7278=VERTEX_POINT('',#16876);
#7279=VERTEX_POINT('',#16880);
#7280=VERTEX_POINT('',#16884);
#7281=VERTEX_POINT('',#16888);
#7282=VERTEX_POINT('',#16892);
#7283=VERTEX_POINT('',#16896);
#7284=VERTEX_POINT('',#16900);
#7285=VERTEX_POINT('',#16904);
#7286=VERTEX_POINT('',#16905);
#7287=VERTEX_POINT('',#16907);
#7288=VERTEX_POINT('',#16909);
#7289=VERTEX_POINT('',#16913);
#7290=VERTEX_POINT('',#16915);
#7291=VERTEX_POINT('',#16919);
#7292=VERTEX_POINT('',#16921);
#7293=VERTEX_POINT('',#16925);
#7294=VERTEX_POINT('',#16926);
#7295=VERTEX_POINT('',#16928);
#7296=VERTEX_POINT('',#16930);
#7297=VERTEX_POINT('',#16934);
#7298=VERTEX_POINT('',#16936);
#7299=VERTEX_POINT('',#16940);
#7300=VERTEX_POINT('',#16942);
#7301=VERTEX_POINT('',#16957);
#7302=VERTEX_POINT('',#16959);
#7303=VERTEX_POINT('',#16963);
#7304=VERTEX_POINT('',#16967);
#7305=VERTEX_POINT('',#16971);
#7306=VERTEX_POINT('',#16975);
#7307=VERTEX_POINT('',#16982);
#7308=VERTEX_POINT('',#16984);
#7309=VERTEX_POINT('',#16988);
#7310=VERTEX_POINT('',#16992);
#7311=VERTEX_POINT('',#16999);
#7312=VERTEX_POINT('',#17001);
#7313=VERTEX_POINT('',#17005);
#7314=VERTEX_POINT('',#17009);
#7315=VERTEX_POINT('',#17013);
#7316=VERTEX_POINT('',#17017);
#7317=VERTEX_POINT('',#17021);
#7318=VERTEX_POINT('',#17025);
#7319=VERTEX_POINT('',#17029);
#7320=VERTEX_POINT('',#17033);
#7321=VERTEX_POINT('',#17037);
#7322=VERTEX_POINT('',#17041);
#7323=VERTEX_POINT('',#17045);
#7324=VERTEX_POINT('',#17046);
#7325=VERTEX_POINT('',#17048);
#7326=VERTEX_POINT('',#17050);
#7327=VERTEX_POINT('',#17054);
#7328=VERTEX_POINT('',#17056);
#7329=VERTEX_POINT('',#17060);
#7330=VERTEX_POINT('',#17062);
#7331=VERTEX_POINT('',#17073);
#7332=VERTEX_POINT('',#17075);
#7333=VERTEX_POINT('',#17079);
#7334=VERTEX_POINT('',#17083);
#7335=VERTEX_POINT('',#17087);
#7336=VERTEX_POINT('',#17091);
#7337=VERTEX_POINT('',#17095);
#7338=VERTEX_POINT('',#17099);
#7339=VERTEX_POINT('',#17103);
#7340=VERTEX_POINT('',#17107);
#7341=VERTEX_POINT('',#17111);
#7342=VERTEX_POINT('',#17115);
#7343=VERTEX_POINT('',#17119);
#7344=VERTEX_POINT('',#17123);
#7345=VERTEX_POINT('',#17127);
#7346=VERTEX_POINT('',#17131);
#7347=VERTEX_POINT('',#17132);
#7348=VERTEX_POINT('',#17134);
#7349=VERTEX_POINT('',#17136);
#7350=VERTEX_POINT('',#17140);
#7351=VERTEX_POINT('',#17142);
#7352=VERTEX_POINT('',#17146);
#7353=VERTEX_POINT('',#17148);
#7354=VERTEX_POINT('',#17159);
#7355=VERTEX_POINT('',#17161);
#7356=VERTEX_POINT('',#17165);
#7357=VERTEX_POINT('',#17169);
#7358=VERTEX_POINT('',#17173);
#7359=VERTEX_POINT('',#17177);
#7360=VERTEX_POINT('',#17181);
#7361=VERTEX_POINT('',#17185);
#7362=VERTEX_POINT('',#17189);
#7363=VERTEX_POINT('',#17193);
#7364=VERTEX_POINT('',#17197);
#7365=VERTEX_POINT('',#17204);
#7366=VERTEX_POINT('',#17206);
#7367=VERTEX_POINT('',#17210);
#7368=VERTEX_POINT('',#17214);
#7369=VERTEX_POINT('',#17218);
#7370=VERTEX_POINT('',#17222);
#7371=VERTEX_POINT('',#17226);
#7372=VERTEX_POINT('',#17230);
#7373=VERTEX_POINT('',#17237);
#7374=VERTEX_POINT('',#17239);
#7375=VERTEX_POINT('',#17243);
#7376=VERTEX_POINT('',#17247);
#7377=VERTEX_POINT('',#17251);
#7378=VERTEX_POINT('',#17255);
#7379=VERTEX_POINT('',#17259);
#7380=VERTEX_POINT('',#17263);
#7381=VERTEX_POINT('',#17267);
#7382=VERTEX_POINT('',#17271);
#7383=VERTEX_POINT('',#17275);
#7384=VERTEX_POINT('',#17279);
#7385=VERTEX_POINT('',#17283);
#7386=VERTEX_POINT('',#17287);
#7387=VERTEX_POINT('',#17291);
#7388=VERTEX_POINT('',#17295);
#7389=VERTEX_POINT('',#17296);
#7390=VERTEX_POINT('',#17298);
#7391=VERTEX_POINT('',#17300);
#7392=VERTEX_POINT('',#17304);
#7393=VERTEX_POINT('',#17306);
#7394=VERTEX_POINT('',#17310);
#7395=VERTEX_POINT('',#17312);
#7396=VERTEX_POINT('',#17316);
#7397=VERTEX_POINT('',#17318);
#7398=VERTEX_POINT('',#17322);
#7399=VERTEX_POINT('',#17324);
#7400=VERTEX_POINT('',#17335);
#7401=VERTEX_POINT('',#17337);
#7402=VERTEX_POINT('',#17341);
#7403=VERTEX_POINT('',#17345);
#7404=VERTEX_POINT('',#17349);
#7405=VERTEX_POINT('',#17353);
#7406=VERTEX_POINT('',#17357);
#7407=VERTEX_POINT('',#17361);
#7408=VERTEX_POINT('',#17365);
#7409=VERTEX_POINT('',#17369);
#7410=VERTEX_POINT('',#17376);
#7411=VERTEX_POINT('',#17378);
#7412=VERTEX_POINT('',#17382);
#7413=VERTEX_POINT('',#17386);
#7414=VERTEX_POINT('',#17390);
#7415=VERTEX_POINT('',#17394);
#7416=VERTEX_POINT('',#17401);
#7417=VERTEX_POINT('',#17403);
#7418=VERTEX_POINT('',#17407);
#7419=VERTEX_POINT('',#17411);
#7420=VERTEX_POINT('',#17415);
#7421=VERTEX_POINT('',#17419);
#7422=CIRCLE('',#9985,0.602045594485057);
#7423=CIRCLE('',#9986,0.00914752003927266);
#7424=CIRCLE('',#9987,0.0196541459506877);
#7425=CIRCLE('',#9988,0.00557630482739827);
#7426=CIRCLE('',#9989,0.0119274958604365);
#7427=CIRCLE('',#9990,0.370879002810445);
#7428=CIRCLE('',#9991,0.015970780870049);
#7429=CIRCLE('',#9992,0.0150920278105704);
#7430=CIRCLE('',#9993,0.00611013477625469);
#7431=CIRCLE('',#9994,0.0093435306226983);
#7432=CIRCLE('',#9995,0.0216860241724371);
#7433=CIRCLE('',#9996,0.00856692809053323);
#7434=CIRCLE('',#9997,0.0270746907313654);
#7435=CIRCLE('',#9998,0.00816485350671247);
#7436=CIRCLE('',#9999,0.00121956029105633);
#7437=CIRCLE('',#10000,0.0031816935972703);
#7438=CIRCLE('',#10001,0.000537494798100719);
#7439=CIRCLE('',#10002,0.00203203958657201);
#7440=CIRCLE('',#10003,0.0094887582216511);
#7441=CIRCLE('',#10004,0.00447539722731201);
#7442=CIRCLE('',#10005,0.00905345741066099);
#7443=CIRCLE('',#10006,0.0297437561652867);
#7444=CIRCLE('',#10007,0.0140707791338976);
#7445=CIRCLE('',#10008,0.00104007109673671);
#7446=CIRCLE('',#10009,0.00206134749035197);
#7447=CIRCLE('',#10010,0.0266206166990955);
#7448=CIRCLE('',#10011,0.00589537988172804);
#7449=CIRCLE('',#10012,0.00683392322501371);
#7450=CIRCLE('',#10013,0.0063716732182345);
#7451=CIRCLE('',#10014,0.00813640242800743);
#7452=CIRCLE('',#10015,0.00641793352419596);
#7453=CIRCLE('',#10016,0.00380296660831186);
#7454=CIRCLE('',#10017,0.00387550031518743);
#7455=CIRCLE('',#10018,0.0277175816291385);
#7456=CIRCLE('',#10019,0.000339056672327461);
#7457=CIRCLE('',#10020,0.159438126536015);
#7458=CIRCLE('',#10021,0.0204988345915129);
#7459=CIRCLE('',#10022,0.0221585650286213);
#7460=CIRCLE('',#10023,0.065447928162299);
#7461=CIRCLE('',#10024,0.242979998966109);
#7462=CIRCLE('',#10025,0.0421593507783527);
#7463=CIRCLE('',#10026,0.0906303325031994);
#7464=CIRCLE('',#10027,0.11009554849717);
#7465=CIRCLE('',#10028,0.11153092213098);
#7466=CIRCLE('',#10029,0.0167802083153774);
#7467=CIRCLE('',#10030,0.0167636492542128);
#7468=CIRCLE('',#10031,0.0735285252670377);
#7469=CIRCLE('',#10032,0.10336035515167);
#7470=CIRCLE('',#10033,0.00154);
#7471=CIRCLE('',#10034,0.00154);
#7472=CIRCLE('',#10035,0.00154);
#7473=CIRCLE('',#10036,0.00154);
#7474=CIRCLE('',#10037,0.00154);
#7475=CIRCLE('',#10038,0.00154);
#7476=CIRCLE('',#10039,0.00154);
#7477=CIRCLE('',#10040,0.00154);
#7478=CIRCLE('',#10041,0.0167188820380682);
#7479=CIRCLE('',#10042,0.0157125803173503);
#7480=CIRCLE('',#10043,0.0159473929977402);
#7481=CIRCLE('',#10044,0.00551411031689234);
#7482=CIRCLE('',#10045,0.0110005777636557);
#7483=CIRCLE('',#10046,0.0273478963833141);
#7484=CIRCLE('',#10047,0.0169989980740647);
#7485=CIRCLE('',#10048,0.00992056191099214);
#7486=CIRCLE('',#10049,0.027421541320558);
#7487=CIRCLE('',#10050,0.00782970093673476);
#7488=CIRCLE('',#10051,0.0245933315760857);
#7489=CIRCLE('',#10052,0.124276381829808);
#7490=CIRCLE('',#10053,0.0340624330878021);
#7491=CIRCLE('',#10054,0.0159671814501605);
#7492=CIRCLE('',#10055,0.00910672853797136);
#7493=CIRCLE('',#10056,0.0378494363257486);
#7494=CIRCLE('',#10057,0.0290486984103425);
#7495=CIRCLE('',#10058,0.00944014426442071);
#7496=CIRCLE('',#10059,0.0960861702842632);
#7497=CIRCLE('',#10060,0.178003791599278);
#7498=CIRCLE('',#10061,0.00250027060993612);
#7499=CIRCLE('',#10062,0.00677729255891824);
#7500=CIRCLE('',#10063,0.00248968872733808);
#7501=CIRCLE('',#10064,0.00782081578462187);
#7502=CIRCLE('',#10065,0.00228043592624454);
#7503=CIRCLE('',#10066,0.00304055150916031);
#7504=CIRCLE('',#10067,0.00301322203587095);
#7505=CIRCLE('',#10068,0.00289717621719386);
#7506=CIRCLE('',#10069,0.00347365959564654);
#7507=CIRCLE('',#10070,0.0248414482361368);
#7508=CIRCLE('',#10071,0.00815321227771407);
#7509=CIRCLE('',#10072,0.00192984141012801);
#7510=CIRCLE('',#10073,0.00222156011708905);
#7511=CIRCLE('',#10074,0.0155717152501935);
#7512=CIRCLE('',#10075,0.110557971116368);
#7513=CIRCLE('',#10076,0.00753134806548305);
#7514=CIRCLE('',#10077,0.00367088797229706);
#7515=CIRCLE('',#10078,0.00553792700311545);
#7516=CIRCLE('',#10079,0.105548395700282);
#7517=CIRCLE('',#10080,0.00114387856765621);
#7518=CIRCLE('',#10081,0.00772237367195731);
#7519=CIRCLE('',#10082,0.0073366179029919);
#7520=CIRCLE('',#10083,0.161982702707803);
#7521=CIRCLE('',#10084,0.00764019441048542);
#7522=CIRCLE('',#10085,0.00721501612010625);
#7523=CIRCLE('',#10086,0.0285157543368773);
#7524=CIRCLE('',#10088,0.001);
#7525=CIRCLE('',#10089,0.001);
#7526=CIRCLE('',#10091,0.001);
#7527=CIRCLE('',#10092,0.00154);
#7528=CIRCLE('',#10093,0.0011);
#7529=CIRCLE('',#10103,0.0011);
#7530=CIRCLE('',#10104,0.00154);
#7531=CIRCLE('',#10110,0.00105);
#7532=CIRCLE('',#10111,0.00154);
#7533=CIRCLE('',#10115,0.0011);
#7534=CIRCLE('',#10116,0.00154);
#7535=CIRCLE('',#10120,0.00105);
#7536=CIRCLE('',#10121,0.00154);
#7537=CIRCLE('',#10123,0.0011);
#7538=CIRCLE('',#10124,0.00154);
#7539=CIRCLE('',#10126,0.0011);
#7540=CIRCLE('',#10127,0.00154);
#7541=CIRCLE('',#10128,0.00154);
#7542=CIRCLE('',#10140,0.00105);
#7543=CIRCLE('',#10141,0.00154);
#7544=CIRCLE('',#10144,0.00105);
#7545=CIRCLE('',#10145,0.00154);
#7546=CIRCLE('',#10146,0.00154);
#7547=CIRCLE('',#10148,0.001);
#7548=CIRCLE('',#10149,0.00154);
#7549=CIRCLE('',#10152,0.00105);
#7550=CIRCLE('',#10153,0.00154);
#7551=CIRCLE('',#10154,0.00154);
#7552=CIRCLE('',#10161,0.0011);
#7553=CIRCLE('',#10162,0.00154);
#7554=CIRCLE('',#10166,0.0011);
#7555=CIRCLE('',#10167,0.00154);
#7556=CIRCLE('',#10168,0.00105);
#7557=CIRCLE('',#10169,0.00154);
#7558=CIRCLE('',#10170,0.0011);
#7559=CIRCLE('',#10171,0.00154);
#7560=CIRCLE('',#10172,0.00105);
#7561=CIRCLE('',#10173,0.00154);
#7562=CIRCLE('',#10175,0.00105);
#7563=CIRCLE('',#10176,0.00154);
#7564=CIRCLE('',#10183,0.00154);
#7565=CIRCLE('',#10186,0.00154);
#7566=CIRCLE('',#10189,0.00154);
#7567=CIRCLE('',#10192,0.00154);
#7568=CIRCLE('',#10206,0.001);
#7569=CIRCLE('',#10208,0.001);
#7570=CIRCLE('',#10210,0.001);
#7571=CIRCLE('',#10212,0.001);
#7572=CIRCLE('',#10215,0.0204988345915129);
#7573=CIRCLE('',#10217,0.159438126536015);
#7574=CIRCLE('',#10219,0.10336035515167);
#7575=CIRCLE('',#10221,0.0735285252670377);
#7576=CIRCLE('',#10223,0.0167636492542128);
#7577=CIRCLE('',#10225,0.0167802083153774);
#7578=CIRCLE('',#10227,0.11153092213098);
#7579=CIRCLE('',#10229,0.11009554849717);
#7580=CIRCLE('',#10231,0.0906303325031994);
#7581=CIRCLE('',#10233,0.0421593507783527);
#7582=CIRCLE('',#10235,0.242979998966109);
#7583=CIRCLE('',#10237,0.065447928162299);
#7584=CIRCLE('',#10239,0.0221585650286213);
#7585=CIRCLE('',#10242,0.00447539722731201);
#7586=CIRCLE('',#10244,0.0094887582216511);
#7587=CIRCLE('',#10246,0.000339056672327461);
#7588=CIRCLE('',#10248,0.0277175816291385);
#7589=CIRCLE('',#10250,0.00387550031518743);
#7590=CIRCLE('',#10252,0.00380296660831186);
#7591=CIRCLE('',#10254,0.00641793352419596);
#7592=CIRCLE('',#10256,0.00813640242800743);
#7593=CIRCLE('',#10258,0.0063716732182345);
#7594=CIRCLE('',#10260,0.00683392322501371);
#7595=CIRCLE('',#10262,0.00589537988172804);
#7596=CIRCLE('',#10264,0.0266206166990955);
#7597=CIRCLE('',#10266,0.00206134749035197);
#7598=CIRCLE('',#10268,0.00104007109673671);
#7599=CIRCLE('',#10272,0.0140707791338976);
#7600=CIRCLE('',#10274,0.0297437561652867);
#7601=CIRCLE('',#10276,0.00186607463325251);
#7602=CIRCLE('',#10277,0.00186607463325251);
#7603=CIRCLE('',#10279,0.00113752374315028);
#7604=CIRCLE('',#10280,0.00113752374315028);
#7605=CIRCLE('',#10282,0.00119938858937403);
#7606=CIRCLE('',#10283,0.00119938858937403);
#7607=CIRCLE('',#10285,0.00136616214038194);
#7608=CIRCLE('',#10286,0.00136616214038194);
#7609=CIRCLE('',#10288,0.00112256848171162);
#7610=CIRCLE('',#10289,0.00112256848171162);
#7611=CIRCLE('',#10291,0.00905345741066099);
#7612=CIRCLE('',#10296,0.0216860241724371);
#7613=CIRCLE('',#10298,0.0093435306226983);
#7614=CIRCLE('',#10300,0.00203203958657201);
#7615=CIRCLE('',#10302,0.000537494798100719);
#7616=CIRCLE('',#10304,0.0031816935972703);
#7617=CIRCLE('',#10306,0.00121956029105633);
#7618=CIRCLE('',#10308,0.00816485350671247);
#7619=CIRCLE('',#10310,0.0270746907313654);
#7620=CIRCLE('',#10312,0.00856692809053323);
#7621=CIRCLE('',#10315,0.602045594485057);
#7622=CIRCLE('',#10317,0.00611013477625469);
#7623=CIRCLE('',#10319,0.0150920278105704);
#7624=CIRCLE('',#10321,0.015970780870049);
#7625=CIRCLE('',#10323,0.370879002810445);
#7626=CIRCLE('',#10325,0.0119274958604365);
#7627=CIRCLE('',#10327,0.00557630482739827);
#7628=CIRCLE('',#10329,0.0196541459506877);
#7629=CIRCLE('',#10331,0.0253357097186329);
#7630=CIRCLE('',#10332,0.0253357097186329);
#7631=CIRCLE('',#10334,0.000889500572155623);
#7632=CIRCLE('',#10335,0.000889500572155623);
#7633=CIRCLE('',#10337,0.0195889338168333);
#7634=CIRCLE('',#10338,0.0195889338168333);
#7635=CIRCLE('',#10340,0.000885750969773949);
#7636=CIRCLE('',#10341,0.000885750969773949);
#7637=CIRCLE('',#10343,0.00914752003927266);
#7638=CIRCLE('',#10347,0.0157125803173503);
#7639=CIRCLE('',#10349,0.0167188820380682);
#7640=CIRCLE('',#10351,0.00782970093673476);
#7641=CIRCLE('',#10353,0.027421541320558);
#7642=CIRCLE('',#10355,0.00992056191099214);
#7643=CIRCLE('',#10357,0.0169989980740647);
#7644=CIRCLE('',#10359,0.0273478963833141);
#7645=CIRCLE('',#10361,0.0110005777636557);
#7646=CIRCLE('',#10363,0.00551411031689234);
#7647=CIRCLE('',#10365,0.0247279714345925);
#7648=CIRCLE('',#10366,0.0247279714345925);
#7649=CIRCLE('',#10368,0.000656697250365997);
#7650=CIRCLE('',#10369,0.000656697250365997);
#7651=CIRCLE('',#10371,0.017309979875261);
#7652=CIRCLE('',#10372,0.017309979875261);
#7653=CIRCLE('',#10374,0.000926272930224974);
#7654=CIRCLE('',#10375,0.000926272930224974);
#7655=CIRCLE('',#10377,0.0159473929977402);
#7656=CIRCLE('',#10384,0.00301398780856033);
#7657=CIRCLE('',#10385,0.00301398780856033);
#7658=CIRCLE('',#10392,0.00228292048669275);
#7659=CIRCLE('',#10393,0.00228292048669275);
#7660=CIRCLE('',#10395,0.000889300599085497);
#7661=CIRCLE('',#10396,0.000889300599085497);
#7662=CIRCLE('',#10399,0.00607592231844888);
#7663=CIRCLE('',#10400,0.00607592231844888);
#7664=CIRCLE('',#10403,0.015956647300425);
#7665=CIRCLE('',#10404,0.015956647300425);
#7666=CIRCLE('',#10407,0.00136262283027926);
#7667=CIRCLE('',#10408,0.00136262283027926);
#7668=CIRCLE('',#10410,0.0034226182870141);
#7669=CIRCLE('',#10411,0.0034226182870141);
#7670=CIRCLE('',#10414,0.00131128510579178);
#7671=CIRCLE('',#10415,0.00131128510579178);
#7672=CIRCLE('',#10419,0.00528079875613167);
#7673=CIRCLE('',#10420,0.00528079875613167);
#7674=CIRCLE('',#10423,0.00289599469044248);
#7675=CIRCLE('',#10424,0.00289599469044248);
#7676=CIRCLE('',#10427,0.00947047854631379);
#7677=CIRCLE('',#10428,0.00947047854631379);
#7678=CIRCLE('',#10431,0.00453753437604368);
#7679=CIRCLE('',#10432,0.00453753437604368);
#7680=CIRCLE('',#10437,0.00371673960771733);
#7681=CIRCLE('',#10438,0.00371673960771733);
#7682=CIRCLE('',#10440,0.00468476293061456);
#7683=CIRCLE('',#10441,0.00468476293061456);
#7684=CIRCLE('',#10443,0.00295771318240483);
#7685=CIRCLE('',#10444,0.00295771318240483);
#7686=CIRCLE('',#10447,0.0539425733028638);
#7687=CIRCLE('',#10448,0.0539425733028638);
#7688=CIRCLE('',#10450,0.00242160833518628);
#7689=CIRCLE('',#10451,0.00242160833518628);
#7690=CIRCLE('',#10454,0.00166857397117155);
#7691=CIRCLE('',#10455,0.00166857397117155);
#7692=CIRCLE('',#10457,0.00322301510387106);
#7693=CIRCLE('',#10458,0.00322301510387106);
#7694=CIRCLE('',#10461,0.0273511432490234);
#7695=CIRCLE('',#10462,0.0273511432490234);
#7696=CIRCLE('',#10464,0.0194299380988614);
#7697=CIRCLE('',#10465,0.0194299380988614);
#7698=CIRCLE('',#10468,0.658467626455585);
#7699=CIRCLE('',#10469,0.658467626455585);
#7700=CIRCLE('',#10471,0.0447587480382271);
#7701=CIRCLE('',#10472,0.0447587480382271);
#7702=CIRCLE('',#10475,0.00325870855147163);
#7703=CIRCLE('',#10476,0.00325870855147163);
#7704=CIRCLE('',#10478,0.0299453881623156);
#7705=CIRCLE('',#10479,0.0299453881623156);
#7706=CIRCLE('',#10481,0.00167761455028926);
#7707=CIRCLE('',#10482,0.00167761455028926);
#7708=CIRCLE('',#10484,0.0382295982392065);
#7709=CIRCLE('',#10485,0.0382295982392065);
#7710=CIRCLE('',#10487,0.00834169668076921);
#7711=CIRCLE('',#10488,0.00834169668076921);
#7712=CIRCLE('',#10493,0.00341151166108537);
#7713=CIRCLE('',#10494,0.00341151166108537);
#7714=CIRCLE('',#10496,0.00224168101036978);
#7715=CIRCLE('',#10497,0.00224168101036978);
#7716=CIRCLE('',#10502,0.00123133720877717);
#7717=CIRCLE('',#10503,0.00123133720877717);
#7718=CIRCLE('',#10505,0.00321150090948787);
#7719=CIRCLE('',#10506,0.00321150090948787);
#7720=CIRCLE('',#10509,0.0034468143659043);
#7721=CIRCLE('',#10510,0.0034468143659043);
#7722=CIRCLE('',#10512,0.00201024392164003);
#7723=CIRCLE('',#10513,0.00201024392164003);
#7724=CIRCLE('',#10515,0.237525153380412);
#7725=CIRCLE('',#10516,0.237525153380412);
#7726=CIRCLE('',#10519,0.00832349195574539);
#7727=CIRCLE('',#10520,0.00832349195574539);
#7728=CIRCLE('',#10522,0.00139224585886354);
#7729=CIRCLE('',#10523,0.00139224585886354);
#7730=CIRCLE('',#10526,0.00324090063454425);
#7731=CIRCLE('',#10527,0.00324090063454425);
#7732=CIRCLE('',#10530,0.00669106907883906);
#7733=CIRCLE('',#10531,0.00669106907883906);
#7734=CIRCLE('',#10534,0.00961479205151328);
#7735=CIRCLE('',#10535,0.00961479205151328);
#7736=CIRCLE('',#10538,0.0308720204929055);
#7737=CIRCLE('',#10539,0.0308720204929055);
#7738=CIRCLE('',#10541,0.00118898515103256);
#7739=CIRCLE('',#10542,0.00118898515103256);
#7740=CIRCLE('',#10544,0.0168730320023301);
#7741=CIRCLE('',#10545,0.0168730320023301);
#7742=CIRCLE('',#10548,0.0438764258899701);
#7743=CIRCLE('',#10549,0.0438764258899701);
#7744=CIRCLE('',#10551,0.00297141540286545);
#7745=CIRCLE('',#10552,0.00297141540286545);
#7746=CIRCLE('',#10554,0.0173363701266914);
#7747=CIRCLE('',#10555,0.0173363701266914);
#7748=CIRCLE('',#10558,0.00185180963383588);
#7749=CIRCLE('',#10559,0.00185180963383588);
#7750=CIRCLE('',#10561,0.00245598929167236);
#7751=CIRCLE('',#10562,0.00245598929167236);
#7752=CIRCLE('',#10564,0.00123355869853165);
#7753=CIRCLE('',#10565,0.00123355869853165);
#7754=CIRCLE('',#10568,0.00436948886470266);
#7755=CIRCLE('',#10569,0.00436948886470266);
#7756=CIRCLE('',#10571,0.0023489976285271);
#7757=CIRCLE('',#10572,0.0023489976285271);
#7758=CIRCLE('',#10574,0.0245933315760857);
#7759=CIRCLE('',#10576,0.0285157543368773);
#7760=CIRCLE('',#10578,0.00721501612010625);
#7761=CIRCLE('',#10580,0.00764019441048542);
#7762=CIRCLE('',#10582,0.161982702707803);
#7763=CIRCLE('',#10584,0.0073366179029919);
#7764=CIRCLE('',#10588,0.00772237367195731);
#7765=CIRCLE('',#10591,0.00114387856765621);
#7766=CIRCLE('',#10595,0.105548395700282);
#7767=CIRCLE('',#10599,0.00553792700311545);
#7768=CIRCLE('',#10601,0.00367088797229706);
#7769=CIRCLE('',#10603,0.00753134806548305);
#7770=CIRCLE('',#10606,0.110557971116368);
#7771=CIRCLE('',#10608,0.0155717152501935);
#7772=CIRCLE('',#10611,0.00222156011708905);
#7773=CIRCLE('',#10613,0.00192984141012801);
#7774=CIRCLE('',#10616,0.00815321227771407);
#7775=CIRCLE('',#10618,0.0248414482361368);
#7776=CIRCLE('',#10621,0.00347365959564654);
#7777=CIRCLE('',#10623,0.00289717621719386);
#7778=CIRCLE('',#10625,0.00301322203587095);
#7779=CIRCLE('',#10628,0.00304055150916031);
#7780=CIRCLE('',#10631,0.00228043592624454);
#7781=CIRCLE('',#10634,0.00782081578462187);
#7782=CIRCLE('',#10637,0.00248968872733808);
#7783=CIRCLE('',#10640,0.00677729255891824);
#7784=CIRCLE('',#10643,0.00250027060993612);
#7785=CIRCLE('',#10647,0.178003791599278);
#7786=CIRCLE('',#10653,0.0960861702842632);
#7787=CIRCLE('',#10655,0.00944014426442071);
#7788=CIRCLE('',#10657,0.0290486984103425);
#7789=CIRCLE('',#10659,0.0378494363257486);
#7790=CIRCLE('',#10661,0.00910672853797136);
#7791=CIRCLE('',#10663,0.0159671814501605);
#7792=CIRCLE('',#10665,0.0340624330878021);
#7793=CIRCLE('',#10669,0.124276381829808);
#7794=CIRCLE('',#10674,0.00170933132954267);
#7795=CIRCLE('',#10675,0.00107754780457602);
#7796=CIRCLE('',#10676,0.00426329611814738);
#7797=CIRCLE('',#10677,0.00103968371541334);
#7798=CIRCLE('',#10678,0.0433045071608121);
#7799=CIRCLE('',#10679,0.00370999234719927);
#7800=CIRCLE('',#10680,0.0014299494879054);
#7801=CIRCLE('',#10681,0.0049136155165883);
#7802=CIRCLE('',#10682,0.0025108344418076);
#7803=CIRCLE('',#10683,0.0128172219082833);
#7804=CIRCLE('',#10684,0.00115064483000478);
#7805=CIRCLE('',#10685,0.0074178172650502);
#7806=CIRCLE('',#10686,0.0010029006388652);
#7807=CIRCLE('',#10687,0.00613749969054585);
#7808=CIRCLE('',#10688,0.00269552630256095);
#7809=CIRCLE('',#10689,0.00343854570899941);
#7810=CIRCLE('',#10690,0.00149508110778388);
#7811=CIRCLE('',#10691,0.00254547863815935);
#7812=CIRCLE('',#10692,0.00306172810480078);
#7813=CIRCLE('',#10693,0.00144118059779835);
#7814=CIRCLE('',#10694,0.00243405331463702);
#7815=CIRCLE('',#10695,0.000816180620459051);
#7816=CIRCLE('',#10696,0.00156853329124099);
#7817=CIRCLE('',#10697,0.00256623588357935);
#7818=CIRCLE('',#10698,0.00316332742541891);
#7819=CIRCLE('',#10710,0.000816180620459051);
#7820=CIRCLE('',#10715,0.00243405331463702);
#7821=CIRCLE('',#10722,0.00613749969054585);
#7822=CIRCLE('',#10725,0.00144118059779835);
#7823=CIRCLE('',#10728,0.00306172810480078);
#7824=CIRCLE('',#10732,0.00254547863815935);
#7825=CIRCLE('',#10734,0.00149508110778388);
#7826=CIRCLE('',#10736,0.00343854570899941);
#7827=CIRCLE('',#10739,0.0022594082026399);
#7828=CIRCLE('',#10740,0.0022594082026399);
#7829=CIRCLE('',#10742,0.00209145562537493);
#7830=CIRCLE('',#10743,0.00209145562537493);
#7831=CIRCLE('',#10745,0.0251340855622233);
#7832=CIRCLE('',#10746,0.0251340855622233);
#7833=CIRCLE('',#10748,0.00315329735424311);
#7834=CIRCLE('',#10749,0.00315329735424311);
#7835=CIRCLE('',#10751,0.00269552630256095);
#7836=CIRCLE('',#10757,0.0010029006388652);
#7837=CIRCLE('',#10759,0.0074178172650502);
#7838=CIRCLE('',#10761,0.00115064483000478);
#7839=CIRCLE('',#10773,0.0220046724435307);
#7840=CIRCLE('',#10774,0.0220046724435307);
#7841=CIRCLE('',#10777,0.0139503644749308);
#7842=CIRCLE('',#10778,0.0139503644749308);
#7843=CIRCLE('',#10782,0.0128172219082833);
#7844=CIRCLE('',#10784,0.0025108344418076);
#7845=CIRCLE('',#10789,0.000734374201295352);
#7846=CIRCLE('',#10790,0.000734374201295352);
#7847=CIRCLE('',#10804,0.047195405756468);
#7848=CIRCLE('',#10805,0.0193183737476985);
#7849=CIRCLE('',#10806,0.0014729280272813);
#7850=CIRCLE('',#10807,0.00574673458504935);
#7851=CIRCLE('',#10808,0.0192735511635262);
#7852=CIRCLE('',#10809,0.000988138294007058);
#7853=CIRCLE('',#10810,0.00227270251395689);
#7854=CIRCLE('',#10811,0.00394069087139178);
#7855=CIRCLE('',#10812,0.00293057065681643);
#7856=CIRCLE('',#10813,0.0207476062209439);
#7857=CIRCLE('',#10814,0.0277892644721619);
#7858=CIRCLE('',#10815,0.0192468630441427);
#7859=CIRCLE('',#10816,0.00260284143008027);
#7860=CIRCLE('',#10817,0.108404070966953);
#7861=CIRCLE('',#10818,0.0284701720411369);
#7862=CIRCLE('',#10819,0.00522245074263644);
#7863=CIRCLE('',#10820,0.0205024255664464);
#7864=CIRCLE('',#10821,0.00640415771934919);
#7865=CIRCLE('',#10822,0.0106640711666424);
#7866=CIRCLE('',#10823,0.0313087134265373);
#7867=CIRCLE('',#10824,0.0652599161790402);
#7868=CIRCLE('',#10825,0.00284151811803049);
#7869=CIRCLE('',#10826,0.00792183062454936);
#7870=CIRCLE('',#10827,0.00314726087889923);
#7871=CIRCLE('',#10828,0.00508941889200734);
#7872=CIRCLE('',#10829,0.0183575440662464);
#7873=CIRCLE('',#10830,0.00332201070302046);
#7874=CIRCLE('',#10831,0.0290685077859195);
#7875=CIRCLE('',#10832,0.0335723559140905);
#7876=CIRCLE('',#10833,0.0017711650997219);
#7877=CIRCLE('',#10834,0.000871853174111706);
#7878=CIRCLE('',#10835,0.00157560951154345);
#7879=CIRCLE('',#10836,0.00566754604605278);
#7880=CIRCLE('',#10837,0.00479258193135922);
#7881=CIRCLE('',#10838,0.00386886270077179);
#7882=CIRCLE('',#10839,0.00527109585663829);
#7883=CIRCLE('',#10840,0.0140720567315071);
#7884=CIRCLE('',#10841,0.000999115343718522);
#7885=CIRCLE('',#10842,0.0106114216631398);
#7886=CIRCLE('',#10843,0.0197381391064934);
#7887=CIRCLE('',#10844,0.0362245638048589);
#7888=CIRCLE('',#10845,0.00700762254731993);
#7889=CIRCLE('',#10846,0.00388413487654052);
#7890=CIRCLE('',#10847,0.0100533113809343);
#7891=CIRCLE('',#10848,0.0031249667320364);
#7892=CIRCLE('',#10849,0.00172272283433508);
#7893=CIRCLE('',#10850,0.00075152953347146);
#7894=CIRCLE('',#10851,0.00442339734670868);
#7895=CIRCLE('',#10852,0.0250244889699223);
#7896=CIRCLE('',#10853,0.00669016074360359);
#7897=CIRCLE('',#10854,0.00505883058816227);
#7898=CIRCLE('',#10855,0.0510641344153842);
#7899=CIRCLE('',#10856,0.00504391233098846);
#7900=CIRCLE('',#10857,0.102213680162038);
#7901=CIRCLE('',#10858,0.00256340337644078);
#7902=CIRCLE('',#10859,0.00400809206738954);
#7903=CIRCLE('',#10860,0.0220603767992296);
#7904=CIRCLE('',#10861,0.0327691082292742);
#7905=CIRCLE('',#10862,0.00752539086355254);
#7906=CIRCLE('',#10863,0.00393909887411144);
#7907=CIRCLE('',#10864,0.0165409833556973);
#7908=CIRCLE('',#10865,0.0126280428214107);
#7909=CIRCLE('',#10866,0.237368466111684);
#7910=CIRCLE('',#10867,0.0957245429132071);
#7911=CIRCLE('',#10868,0.0066080789571225);
#7912=CIRCLE('',#10869,1.80743503758433);
#7913=CIRCLE('',#10870,0.0204413750505041);
#7914=CIRCLE('',#10871,0.00983586372622975);
#7915=CIRCLE('',#10873,0.0193183737476985);
#7916=CIRCLE('',#10875,0.047195405756468);
#7917=CIRCLE('',#10877,0.0207476062209439);
#7918=CIRCLE('',#10879,0.00293057065681643);
#7919=CIRCLE('',#10881,0.00394069087139178);
#7920=CIRCLE('',#10883,0.00227270251395689);
#7921=CIRCLE('',#10885,0.000988138294007058);
#7922=CIRCLE('',#10887,0.0192735511635262);
#7923=CIRCLE('',#10889,0.00574673458504935);
#7924=CIRCLE('',#10891,0.00485831851300204);
#7925=CIRCLE('',#10892,0.00485831851300204);
#7926=CIRCLE('',#10894,0.000993040896569527);
#7927=CIRCLE('',#10895,0.000993040896569527);
#7928=CIRCLE('',#10897,0.00464050323743363);
#7929=CIRCLE('',#10898,0.00464050323743363);
#7930=CIRCLE('',#10900,0.00405401456218481);
#7931=CIRCLE('',#10901,0.00405401456218481);
#7932=CIRCLE('',#10903,0.000920411363224111);
#7933=CIRCLE('',#10904,0.000920411363224111);
#7934=CIRCLE('',#10906,0.00350552458725231);
#7935=CIRCLE('',#10907,0.00350552458725231);
#7936=CIRCLE('',#10909,0.00359213761005082);
#7937=CIRCLE('',#10910,0.00359213761005082);
#7938=CIRCLE('',#10912,0.00145489782548105);
#7939=CIRCLE('',#10913,0.00145489782548105);
#7940=CIRCLE('',#10915,0.0014729280272813);
#7941=CIRCLE('',#10920,0.0192468630441427);
#7942=CIRCLE('',#10922,0.0277892644721619);
#7943=CIRCLE('',#10924,0.00522245074263644);
#7944=CIRCLE('',#10926,0.0284701720411369);
#7945=CIRCLE('',#10928,0.108404070966953);
#7946=CIRCLE('',#10930,0.00260284143008027);
#7947=CIRCLE('',#10933,0.00640415771934919);
#7948=CIRCLE('',#10935,0.0205024255664464);
#7949=CIRCLE('',#10937,0.0313087134265373);
#7950=CIRCLE('',#10939,0.0106640711666424);
#7951=CIRCLE('',#10942,0.00284151811803049);
#7952=CIRCLE('',#10944,0.0652599161790402);
#7953=CIRCLE('',#10946,0.00157560951154345);
#7954=CIRCLE('',#10948,0.000871853174111706);
#7955=CIRCLE('',#10950,0.0017711650997219);
#7956=CIRCLE('',#10952,0.0335723559140905);
#7957=CIRCLE('',#10954,0.0290685077859195);
#7958=CIRCLE('',#10956,0.00332201070302046);
#7959=CIRCLE('',#10958,0.0183575440662464);
#7960=CIRCLE('',#10960,0.00508941889200734);
#7961=CIRCLE('',#10962,0.00314726087889923);
#7962=CIRCLE('',#10964,0.00508392364064733);
#7963=CIRCLE('',#10965,0.00508392364064733);
#7964=CIRCLE('',#10967,0.00595613601417025);
#7965=CIRCLE('',#10968,0.00595613601417025);
#7966=CIRCLE('',#10970,0.00618680385156425);
#7967=CIRCLE('',#10971,0.00618680385156425);
#7968=CIRCLE('',#10973,0.00746933722843995);
#7969=CIRCLE('',#10974,0.00746933722843995);
#7970=CIRCLE('',#10976,0.00792183062454936);
#7971=CIRCLE('',#10981,0.0049136155165883);
#7972=CIRCLE('',#10984,0.0014299494879054);
#7973=CIRCLE('',#10987,0.00370999234719927);
#7974=CIRCLE('',#10991,0.0433045071608121);
#7975=CIRCLE('',#10993,0.00103968371541334);
#7976=CIRCLE('',#10995,0.00426329611814738);
#7977=CIRCLE('',#10998,0.00107754780457602);
#7978=CIRCLE('',#11001,0.00565957172622162);
#7979=CIRCLE('',#11002,0.00565957172622162);
#7980=CIRCLE('',#11004,0.0014450901905146);
#7981=CIRCLE('',#11005,0.0014450901905146);
#7982=CIRCLE('',#11007,0.00286448707434928);
#7983=CIRCLE('',#11008,0.00286448707434928);
#7984=CIRCLE('',#11010,0.00204435583575717);
#7985=CIRCLE('',#11011,0.00204435583575717);
#7986=CIRCLE('',#11013,0.00170933132954267);
#7987=CIRCLE('',#11019,0.00156853329124099);
#7988=CIRCLE('',#11033,0.00316332742541891);
#7989=CIRCLE('',#11036,0.00256623588357935);
#7990=CIRCLE('',#11041,0.00479258193135922);
#7991=CIRCLE('',#11043,0.00566754604605278);
#7992=CIRCLE('',#11045,0.00075152953347146);
#7993=CIRCLE('',#11047,0.00172272283433508);
#7994=CIRCLE('',#11049,0.0031249667320364);
#7995=CIRCLE('',#11051,0.0100533113809343);
#7996=CIRCLE('',#11053,0.00388413487654052);
#7997=CIRCLE('',#11055,0.00700762254731993);
#7998=CIRCLE('',#11057,0.0362245638048589);
#7999=CIRCLE('',#11059,0.0197381391064934);
#8000=CIRCLE('',#11061,0.0106114216631398);
#8001=CIRCLE('',#11063,0.000999115343718522);
#8002=CIRCLE('',#11065,0.0140720567315071);
#8003=CIRCLE('',#11067,0.00527109585663829);
#8004=CIRCLE('',#11069,0.00503812908106586);
#8005=CIRCLE('',#11070,0.00503812908106586);
#8006=CIRCLE('',#11072,0.0011175353233098);
#8007=CIRCLE('',#11073,0.0011175353233098);
#8008=CIRCLE('',#11075,0.00744315029419679);
#8009=CIRCLE('',#11076,0.00744315029419679);
#8010=CIRCLE('',#11078,0.00923740868889363);
#8011=CIRCLE('',#11079,0.00923740868889363);
#8012=CIRCLE('',#11081,0.00998676948716897);
#8013=CIRCLE('',#11082,0.00998676948716897);
#8014=CIRCLE('',#11084,0.00881542348276637);
#8015=CIRCLE('',#11085,0.00881542348276637);
#8016=CIRCLE('',#11087,0.00386886270077179);
#8017=CIRCLE('',#11091,0.0250244889699223);
#8018=CIRCLE('',#11093,0.00442339734670868);
#8019=CIRCLE('',#11095,0.0220603767992296);
#8020=CIRCLE('',#11097,0.00400809206738954);
#8021=CIRCLE('',#11099,0.00256340337644078);
#8022=CIRCLE('',#11101,0.102213680162038);
#8023=CIRCLE('',#11103,0.00504391233098846);
#8024=CIRCLE('',#11105,0.0510641344153842);
#8025=CIRCLE('',#11107,0.00505883058816227);
#8026=CIRCLE('',#11109,0.00669016074360359);
#8027=CIRCLE('',#11112,0.0327691082292742);
#8028=CIRCLE('',#11115,0.0126280428214107);
#8029=CIRCLE('',#11117,0.0165409833556973);
#8030=CIRCLE('',#11119,0.00393909887411144);
#8031=CIRCLE('',#11121,0.00752539086355254);
#8032=CIRCLE('',#11124,0.237368466111684);
#8033=CIRCLE('',#11126,0.00983586372622975);
#8034=CIRCLE('',#11128,0.0204413750505041);
#8035=CIRCLE('',#11130,1.80743503758433);
#8036=CIRCLE('',#11132,0.0066080789571225);
#8037=CIRCLE('',#11134,0.0957245429132071);
#8038=EDGE_LOOP('',(#2015,#2016,#2017,#2018,#2019,#2020,#2021,#2022,#2023));
#8039=EDGE_LOOP('',(#2024,#2025,#2026,#2027,#2028,#2029,#2030,#2031,#2032));
#8040=EDGE_LOOP('',(#2033,#2034,#2035,#2036,#2037,#2038,#2039,#2040,#2041,
#2042,#2043,#2044,#2045,#2046,#2047,#2048,#2049,#2050,#2051));
#8041=EDGE_LOOP('',(#2052,#2053,#2054,#2055,#2056,#2057,#2058,#2059,#2060,
#2061,#2062,#2063,#2064));
#8042=EDGE_LOOP('',(#2065,#2066,#2067,#2068,#2069,#2070,#2071,#2072,#2073,
#2074,#2075,#2076));
#8043=EDGE_LOOP('',(#2077,#2078,#2079,#2080,#2081,#2082,#2083,#2084,#2085,
#2086));
#8044=EDGE_LOOP('',(#2087,#2088,#2089,#2090,#2091,#2092,#2093,#2094,#2095,
#2096,#2097,#2098,#2099,#2100,#2101,#2102,#2103,#2104,#2105,#2106,#2107,
#2108,#2109,#2110,#2111,#2112,#2113,#2114,#2115,#2116,#2117,#2118,#2119,
#2120,#2121,#2122,#2123,#2124,#2125,#2126,#2127,#2128,#2129,#2130,#2131,
#2132,#2133,#2134,#2135,#2136,#2137,#2138,#2139,#2140,#2141,#2142,#2143,
#2144,#2145));
#8045=EDGE_LOOP('',(#2146,#2147,#2148,#2149,#2150,#2151,#2152,#2153,#2154,
#2155));
#8046=EDGE_LOOP('',(#2156,#2157,#2158,#2159,#2160,#2161,#2162));
#8047=EDGE_LOOP('',(#2163,#2164,#2165,#2166));
#8048=EDGE_LOOP('',(#2167,#2168,#2169));
#8049=EDGE_LOOP('',(#2170,#2171,#2172,#2173));
#8050=EDGE_LOOP('',(#2174,#2175,#2176));
#8051=EDGE_LOOP('',(#2177,#2178,#2179,#2180));
#8052=EDGE_LOOP('',(#2181,#2182,#2183));
#8053=EDGE_LOOP('',(#2184,#2185,#2186,#2187));
#8054=EDGE_LOOP('',(#2188,#2189,#2190));
#8055=EDGE_LOOP('',(#2191,#2192,#2193,#2194));
#8056=EDGE_LOOP('',(#2195,#2196,#2197,#2198));
#8057=EDGE_LOOP('',(#2199,#2200,#2201,#2202));
#8058=EDGE_LOOP('',(#2203,#2204,#2205,#2206));
#8059=EDGE_LOOP('',(#2207,#2208,#2209,#2210));
#8060=EDGE_LOOP('',(#2211,#2212,#2213,#2214));
#8061=EDGE_LOOP('',(#2215,#2216,#2217,#2218,#2219,#2220,#2221,#2222));
#8062=EDGE_LOOP('',(#2223,#2224,#2225,#2226));
#8063=EDGE_LOOP('',(#2227,#2228,#2229,#2230));
#8064=EDGE_LOOP('',(#2231,#2232,#2233,#2234));
#8065=EDGE_LOOP('',(#2235,#2236,#2237,#2238));
#8066=EDGE_LOOP('',(#2239,#2240,#2241,#2242));
#8067=EDGE_LOOP('',(#2243,#2244,#2245,#2246));
#8068=EDGE_LOOP('',(#2247,#2248,#2249,#2250,#2251,#2252));
#8069=EDGE_LOOP('',(#2253,#2254,#2255,#2256));
#8070=EDGE_LOOP('',(#2257,#2258,#2259,#2260));
#8071=EDGE_LOOP('',(#2261,#2262,#2263,#2264));
#8072=EDGE_LOOP('',(#2265,#2266,#2267,#2268));
#8073=EDGE_LOOP('',(#2269,#2270,#2271,#2272));
#8074=EDGE_LOOP('',(#2273,#2274,#2275,#2276));
#8075=EDGE_LOOP('',(#2277,#2278,#2279,#2280));
#8076=EDGE_LOOP('',(#2281,#2282,#2283,#2284));
#8077=EDGE_LOOP('',(#2285,#2286,#2287,#2288));
#8078=EDGE_LOOP('',(#2289,#2290,#2291,#2292));
#8079=EDGE_LOOP('',(#2293,#2294,#2295,#2296));
#8080=EDGE_LOOP('',(#2297,#2298,#2299,#2300));
#8081=EDGE_LOOP('',(#2301,#2302,#2303,#2304,#2305,#2306));
#8082=EDGE_LOOP('',(#2307,#2308,#2309,#2310,#2311));
#8083=EDGE_LOOP('',(#2312,#2313,#2314,#2315));
#8084=EDGE_LOOP('',(#2316,#2317,#2318,#2319,#2320,#2321));
#8085=EDGE_LOOP('',(#2322,#2323,#2324,#2325));
#8086=EDGE_LOOP('',(#2326,#2327,#2328,#2329));
#8087=EDGE_LOOP('',(#2330,#2331,#2332,#2333));
#8088=EDGE_LOOP('',(#2334,#2335,#2336,#2337));
#8089=EDGE_LOOP('',(#2338,#2339,#2340,#2341));
#8090=EDGE_LOOP('',(#2342,#2343,#2344,#2345));
#8091=EDGE_LOOP('',(#2346,#2347,#2348,#2349));
#8092=EDGE_LOOP('',(#2350,#2351,#2352,#2353));
#8093=EDGE_LOOP('',(#2354,#2355,#2356,#2357,#2358,#2359,#2360,#2361,#2362,
#2363,#2364,#2365,#2366,#2367,#2368,#2369));
#8094=EDGE_LOOP('',(#2370,#2371,#2372,#2373));
#8095=EDGE_LOOP('',(#2374,#2375,#2376,#2377));
#8096=EDGE_LOOP('',(#2378,#2379,#2380,#2381));
#8097=EDGE_LOOP('',(#2382,#2383,#2384,#2385));
#8098=EDGE_LOOP('',(#2386,#2387,#2388,#2389));
#8099=EDGE_LOOP('',(#2390,#2391,#2392,#2393));
#8100=EDGE_LOOP('',(#2394,#2395,#2396,#2397));
#8101=EDGE_LOOP('',(#2398,#2399,#2400,#2401,#2402,#2403,#2404,#2405,#2406,
#2407,#2408,#2409,#2410,#2411,#2412,#2413,#2414,#2415,#2416,#2417));
#8102=EDGE_LOOP('',(#2418));
#8103=EDGE_LOOP('',(#2419));
#8104=EDGE_LOOP('',(#2420,#2421,#2422,#2423,#2424,#2425,#2426,#2427,#2428,
#2429,#2430,#2431,#2432,#2433,#2434,#2435,#2436,#2437,#2438,#2439));
#8105=EDGE_LOOP('',(#2440));
#8106=EDGE_LOOP('',(#2441));
#8107=EDGE_LOOP('',(#2442,#2443,#2444,#2445,#2446,#2447,#2448,#2449,#2450,
#2451,#2452,#2453,#2454,#2455,#2456,#2457,#2458,#2459,#2460,#2461));
#8108=EDGE_LOOP('',(#2462));
#8109=EDGE_LOOP('',(#2463));
#8110=EDGE_LOOP('',(#2464,#2465,#2466,#2467,#2468,#2469,#2470,#2471,#2472,
#2473,#2474,#2475,#2476,#2477,#2478,#2479,#2480,#2481,#2482,#2483));
#8111=EDGE_LOOP('',(#2484));
#8112=EDGE_LOOP('',(#2485));
#8113=EDGE_LOOP('',(#2486,#2487,#2488,#2489,#2490,#2491,#2492,#2493));
#8114=EDGE_LOOP('',(#2494,#2495,#2496,#2497,#2498,#2499,#2500,#2501));
#8115=EDGE_LOOP('',(#2502,#2503,#2504,#2505,#2506,#2507,#2508,#2509));
#8116=EDGE_LOOP('',(#2510,#2511,#2512,#2513,#2514,#2515,#2516,#2517));
#8117=EDGE_LOOP('',(#2518,#2519,#2520,#2521));
#8118=EDGE_LOOP('',(#2522,#2523,#2524,#2525));
#8119=EDGE_LOOP('',(#2526,#2527,#2528,#2529));
#8120=EDGE_LOOP('',(#2530,#2531,#2532,#2533));
#8121=EDGE_LOOP('',(#2534,#2535,#2536,#2537));
#8122=EDGE_LOOP('',(#2538,#2539,#2540,#2541));
#8123=EDGE_LOOP('',(#2542,#2543,#2544,#2545));
#8124=EDGE_LOOP('',(#2546,#2547,#2548,#2549));
#8125=EDGE_LOOP('',(#2550,#2551,#2552));
#8126=EDGE_LOOP('',(#2553,#2554,#2555,#2556));
#8127=EDGE_LOOP('',(#2557,#2558,#2559));
#8128=EDGE_LOOP('',(#2560,#2561,#2562,#2563));
#8129=EDGE_LOOP('',(#2564,#2565,#2566,#2567));
#8130=EDGE_LOOP('',(#2568,#2569,#2570,#2571));
#8131=EDGE_LOOP('',(#2572,#2573,#2574,#2575));
#8132=EDGE_LOOP('',(#2576,#2577,#2578,#2579));
#8133=EDGE_LOOP('',(#2580,#2581,#2582,#2583));
#8134=EDGE_LOOP('',(#2584,#2585,#2586,#2587));
#8135=EDGE_LOOP('',(#2588,#2589,#2590,#2591));
#8136=EDGE_LOOP('',(#2592,#2593,#2594,#2595));
#8137=EDGE_LOOP('',(#2596,#2597,#2598,#2599));
#8138=EDGE_LOOP('',(#2600,#2601,#2602,#2603));
#8139=EDGE_LOOP('',(#2604,#2605,#2606,#2607));
#8140=EDGE_LOOP('',(#2608,#2609,#2610,#2611));
#8141=EDGE_LOOP('',(#2612,#2613,#2614,#2615));
#8142=EDGE_LOOP('',(#2616,#2617,#2618,#2619,#2620,#2621,#2622,#2623,#2624,
#2625,#2626,#2627,#2628));
#8143=EDGE_LOOP('',(#2629,#2630,#2631,#2632));
#8144=EDGE_LOOP('',(#2633,#2634,#2635,#2636));
#8145=EDGE_LOOP('',(#2637,#2638,#2639,#2640));
#8146=EDGE_LOOP('',(#2641,#2642,#2643,#2644));
#8147=EDGE_LOOP('',(#2645,#2646,#2647,#2648));
#8148=EDGE_LOOP('',(#2649,#2650,#2651,#2652));
#8149=EDGE_LOOP('',(#2653,#2654,#2655,#2656));
#8150=EDGE_LOOP('',(#2657,#2658,#2659,#2660));
#8151=EDGE_LOOP('',(#2661,#2662,#2663,#2664));
#8152=EDGE_LOOP('',(#2665,#2666,#2667,#2668));
#8153=EDGE_LOOP('',(#2669,#2670,#2671,#2672));
#8154=EDGE_LOOP('',(#2673,#2674,#2675,#2676));
#8155=EDGE_LOOP('',(#2677,#2678,#2679,#2680));
#8156=EDGE_LOOP('',(#2681,#2682,#2683,#2684));
#8157=EDGE_LOOP('',(#2685,#2686,#2687,#2688));
#8158=EDGE_LOOP('',(#2689,#2690,#2691,#2692));
#8159=EDGE_LOOP('',(#2693,#2694,#2695,#2696));
#8160=EDGE_LOOP('',(#2697,#2698,#2699,#2700));
#8161=EDGE_LOOP('',(#2701,#2702,#2703,#2704));
#8162=EDGE_LOOP('',(#2705,#2706,#2707,#2708));
#8163=EDGE_LOOP('',(#2709,#2710,#2711,#2712));
#8164=EDGE_LOOP('',(#2713,#2714,#2715,#2716));
#8165=EDGE_LOOP('',(#2717,#2718,#2719,#2720));
#8166=EDGE_LOOP('',(#2721,#2722,#2723,#2724));
#8167=EDGE_LOOP('',(#2725,#2726));
#8168=EDGE_LOOP('',(#2727,#2728,#2729));
#8169=EDGE_LOOP('',(#2730,#2731,#2732,#2733,#2734,#2735,#2736,#2737,#2738,
#2739,#2740,#2741,#2742,#2743,#2744,#2745,#2746,#2747,#2748));
#8170=EDGE_LOOP('',(#2749,#2750));
#8171=EDGE_LOOP('',(#2751,#2752,#2753));
#8172=EDGE_LOOP('',(#2754,#2755,#2756,#2757));
#8173=EDGE_LOOP('',(#2758,#2759,#2760,#2761));
#8174=EDGE_LOOP('',(#2762,#2763,#2764,#2765));
#8175=EDGE_LOOP('',(#2766,#2767,#2768,#2769));
#8176=EDGE_LOOP('',(#2770,#2771,#2772,#2773));
#8177=EDGE_LOOP('',(#2774,#2775,#2776,#2777));
#8178=EDGE_LOOP('',(#2778,#2779,#2780,#2781));
#8179=EDGE_LOOP('',(#2782,#2783,#2784,#2785));
#8180=EDGE_LOOP('',(#2786,#2787,#2788,#2789));
#8181=EDGE_LOOP('',(#2790,#2791,#2792,#2793,#2794,#2795,#2796,#2797,#2798));
#8182=EDGE_LOOP('',(#2799,#2800,#2801,#2802));
#8183=EDGE_LOOP('',(#2803,#2804,#2805,#2806));
#8184=EDGE_LOOP('',(#2807,#2808,#2809,#2810));
#8185=EDGE_LOOP('',(#2811,#2812,#2813,#2814));
#8186=EDGE_LOOP('',(#2815,#2816,#2817,#2818));
#8187=EDGE_LOOP('',(#2819,#2820,#2821,#2822));
#8188=EDGE_LOOP('',(#2823,#2824,#2825,#2826));
#8189=EDGE_LOOP('',(#2827,#2828,#2829,#2830));
#8190=EDGE_LOOP('',(#2831,#2832,#2833,#2834));
#8191=EDGE_LOOP('',(#2835,#2836,#2837,#2838));
#8192=EDGE_LOOP('',(#2839,#2840,#2841,#2842));
#8193=EDGE_LOOP('',(#2843,#2844,#2845,#2846));
#8194=EDGE_LOOP('',(#2847,#2848,#2849,#2850));
#8195=EDGE_LOOP('',(#2851,#2852,#2853,#2854));
#8196=EDGE_LOOP('',(#2855,#2856,#2857,#2858,#2859,#2860,#2861,#2862,#2863));
#8197=EDGE_LOOP('',(#2864,#2865,#2866,#2867));
#8198=EDGE_LOOP('',(#2868,#2869,#2870,#2871));
#8199=EDGE_LOOP('',(#2872,#2873,#2874,#2875));
#8200=EDGE_LOOP('',(#2876,#2877,#2878,#2879));
#8201=EDGE_LOOP('',(#2880,#2881,#2882,#2883));
#8202=EDGE_LOOP('',(#2884,#2885,#2886,#2887));
#8203=EDGE_LOOP('',(#2888,#2889,#2890,#2891));
#8204=EDGE_LOOP('',(#2892,#2893,#2894,#2895));
#8205=EDGE_LOOP('',(#2896,#2897,#2898,#2899));
#8206=EDGE_LOOP('',(#2900,#2901,#2902,#2903));
#8207=EDGE_LOOP('',(#2904,#2905,#2906,#2907));
#8208=EDGE_LOOP('',(#2908,#2909,#2910,#2911));
#8209=EDGE_LOOP('',(#2912,#2913,#2914,#2915));
#8210=EDGE_LOOP('',(#2916,#2917,#2918,#2919));
#8211=EDGE_LOOP('',(#2920,#2921,#2922,#2923));
#8212=EDGE_LOOP('',(#2924,#2925,#2926,#2927));
#8213=EDGE_LOOP('',(#2928,#2929,#2930,#2931,#2932,#2933,#2934,#2935,#2936,
#2937));
#8214=EDGE_LOOP('',(#2938,#2939,#2940,#2941));
#8215=EDGE_LOOP('',(#2942,#2943,#2944,#2945));
#8216=EDGE_LOOP('',(#2946,#2947,#2948,#2949));
#8217=EDGE_LOOP('',(#2950,#2951,#2952,#2953));
#8218=EDGE_LOOP('',(#2954,#2955,#2956,#2957));
#8219=EDGE_LOOP('',(#2958,#2959,#2960,#2961));
#8220=EDGE_LOOP('',(#2962,#2963,#2964,#2965));
#8221=EDGE_LOOP('',(#2966,#2967,#2968,#2969));
#8222=EDGE_LOOP('',(#2970,#2971,#2972,#2973));
#8223=EDGE_LOOP('',(#2974,#2975,#2976,#2977));
#8224=EDGE_LOOP('',(#2978,#2979,#2980,#2981));
#8225=EDGE_LOOP('',(#2982,#2983,#2984,#2985));
#8226=EDGE_LOOP('',(#2986,#2987,#2988,#2989));
#8227=EDGE_LOOP('',(#2990,#2991,#2992,#2993));
#8228=EDGE_LOOP('',(#2994,#2995,#2996,#2997));
#8229=EDGE_LOOP('',(#2998,#2999,#3000,#3001));
#8230=EDGE_LOOP('',(#3002,#3003,#3004,#3005));
#8231=EDGE_LOOP('',(#3006,#3007,#3008,#3009));
#8232=EDGE_LOOP('',(#3010,#3011,#3012,#3013));
#8233=EDGE_LOOP('',(#3014,#3015,#3016,#3017));
#8234=EDGE_LOOP('',(#3018,#3019,#3020,#3021));
#8235=EDGE_LOOP('',(#3022,#3023,#3024,#3025));
#8236=EDGE_LOOP('',(#3026,#3027,#3028,#3029));
#8237=EDGE_LOOP('',(#3030,#3031,#3032,#3033));
#8238=EDGE_LOOP('',(#3034,#3035,#3036,#3037));
#8239=EDGE_LOOP('',(#3038,#3039,#3040,#3041));
#8240=EDGE_LOOP('',(#3042,#3043,#3044,#3045));
#8241=EDGE_LOOP('',(#3046,#3047,#3048,#3049));
#8242=EDGE_LOOP('',(#3050,#3051,#3052,#3053));
#8243=EDGE_LOOP('',(#3054,#3055,#3056,#3057));
#8244=EDGE_LOOP('',(#3058,#3059,#3060,#3061));
#8245=EDGE_LOOP('',(#3062,#3063,#3064,#3065));
#8246=EDGE_LOOP('',(#3066,#3067,#3068,#3069));
#8247=EDGE_LOOP('',(#3070,#3071,#3072,#3073));
#8248=EDGE_LOOP('',(#3074,#3075,#3076,#3077));
#8249=EDGE_LOOP('',(#3078,#3079,#3080,#3081));
#8250=EDGE_LOOP('',(#3082,#3083,#3084,#3085));
#8251=EDGE_LOOP('',(#3086,#3087,#3088,#3089));
#8252=EDGE_LOOP('',(#3090,#3091,#3092,#3093));
#8253=EDGE_LOOP('',(#3094,#3095,#3096,#3097));
#8254=EDGE_LOOP('',(#3098,#3099,#3100,#3101));
#8255=EDGE_LOOP('',(#3102,#3103,#3104,#3105));
#8256=EDGE_LOOP('',(#3106,#3107,#3108,#3109));
#8257=EDGE_LOOP('',(#3110,#3111,#3112,#3113));
#8258=EDGE_LOOP('',(#3114,#3115,#3116,#3117));
#8259=EDGE_LOOP('',(#3118,#3119,#3120,#3121));
#8260=EDGE_LOOP('',(#3122,#3123,#3124,#3125));
#8261=EDGE_LOOP('',(#3126,#3127,#3128,#3129));
#8262=EDGE_LOOP('',(#3130,#3131,#3132,#3133));
#8263=EDGE_LOOP('',(#3134,#3135,#3136,#3137));
#8264=EDGE_LOOP('',(#3138,#3139,#3140,#3141));
#8265=EDGE_LOOP('',(#3142,#3143,#3144,#3145));
#8266=EDGE_LOOP('',(#3146,#3147,#3148,#3149));
#8267=EDGE_LOOP('',(#3150,#3151,#3152,#3153));
#8268=EDGE_LOOP('',(#3154,#3155,#3156,#3157));
#8269=EDGE_LOOP('',(#3158,#3159,#3160,#3161));
#8270=EDGE_LOOP('',(#3162,#3163,#3164,#3165));
#8271=EDGE_LOOP('',(#3166,#3167,#3168,#3169));
#8272=EDGE_LOOP('',(#3170,#3171,#3172,#3173));
#8273=EDGE_LOOP('',(#3174,#3175,#3176,#3177));
#8274=EDGE_LOOP('',(#3178,#3179,#3180,#3181));
#8275=EDGE_LOOP('',(#3182,#3183,#3184,#3185));
#8276=EDGE_LOOP('',(#3186,#3187,#3188,#3189));
#8277=EDGE_LOOP('',(#3190,#3191,#3192,#3193));
#8278=EDGE_LOOP('',(#3194,#3195,#3196,#3197));
#8279=EDGE_LOOP('',(#3198,#3199,#3200,#3201));
#8280=EDGE_LOOP('',(#3202,#3203,#3204,#3205));
#8281=EDGE_LOOP('',(#3206,#3207,#3208,#3209));
#8282=EDGE_LOOP('',(#3210,#3211,#3212,#3213));
#8283=EDGE_LOOP('',(#3214,#3215,#3216,#3217));
#8284=EDGE_LOOP('',(#3218,#3219,#3220,#3221));
#8285=EDGE_LOOP('',(#3222,#3223,#3224,#3225));
#8286=EDGE_LOOP('',(#3226,#3227,#3228,#3229));
#8287=EDGE_LOOP('',(#3230,#3231,#3232,#3233));
#8288=EDGE_LOOP('',(#3234,#3235,#3236,#3237));
#8289=EDGE_LOOP('',(#3238,#3239,#3240,#3241));
#8290=EDGE_LOOP('',(#3242,#3243,#3244,#3245));
#8291=EDGE_LOOP('',(#3246,#3247,#3248,#3249));
#8292=EDGE_LOOP('',(#3250,#3251,#3252,#3253));
#8293=EDGE_LOOP('',(#3254,#3255,#3256,#3257));
#8294=EDGE_LOOP('',(#3258,#3259,#3260,#3261));
#8295=EDGE_LOOP('',(#3262,#3263,#3264,#3265));
#8296=EDGE_LOOP('',(#3266,#3267,#3268,#3269));
#8297=EDGE_LOOP('',(#3270,#3271,#3272,#3273));
#8298=EDGE_LOOP('',(#3274,#3275,#3276,#3277));
#8299=EDGE_LOOP('',(#3278,#3279,#3280,#3281));
#8300=EDGE_LOOP('',(#3282,#3283,#3284,#3285));
#8301=EDGE_LOOP('',(#3286,#3287,#3288,#3289));
#8302=EDGE_LOOP('',(#3290,#3291,#3292,#3293));
#8303=EDGE_LOOP('',(#3294,#3295,#3296,#3297));
#8304=EDGE_LOOP('',(#3298,#3299,#3300,#3301));
#8305=EDGE_LOOP('',(#3302,#3303,#3304,#3305));
#8306=EDGE_LOOP('',(#3306,#3307,#3308,#3309));
#8307=EDGE_LOOP('',(#3310,#3311,#3312,#3313));
#8308=EDGE_LOOP('',(#3314,#3315,#3316,#3317));
#8309=EDGE_LOOP('',(#3318,#3319,#3320,#3321));
#8310=EDGE_LOOP('',(#3322,#3323,#3324,#3325));
#8311=EDGE_LOOP('',(#3326,#3327,#3328,#3329));
#8312=EDGE_LOOP('',(#3330,#3331,#3332,#3333));
#8313=EDGE_LOOP('',(#3334,#3335,#3336,#3337));
#8314=EDGE_LOOP('',(#3338,#3339,#3340,#3341));
#8315=EDGE_LOOP('',(#3342,#3343,#3344,#3345));
#8316=EDGE_LOOP('',(#3346,#3347,#3348,#3349));
#8317=EDGE_LOOP('',(#3350,#3351,#3352,#3353));
#8318=EDGE_LOOP('',(#3354,#3355,#3356,#3357));
#8319=EDGE_LOOP('',(#3358,#3359,#3360,#3361));
#8320=EDGE_LOOP('',(#3362,#3363,#3364,#3365));
#8321=EDGE_LOOP('',(#3366,#3367,#3368,#3369));
#8322=EDGE_LOOP('',(#3370,#3371,#3372,#3373));
#8323=EDGE_LOOP('',(#3374,#3375,#3376,#3377));
#8324=EDGE_LOOP('',(#3378,#3379,#3380,#3381));
#8325=EDGE_LOOP('',(#3382,#3383,#3384,#3385));
#8326=EDGE_LOOP('',(#3386,#3387,#3388,#3389));
#8327=EDGE_LOOP('',(#3390,#3391,#3392,#3393));
#8328=EDGE_LOOP('',(#3394,#3395,#3396,#3397));
#8329=EDGE_LOOP('',(#3398,#3399,#3400,#3401));
#8330=EDGE_LOOP('',(#3402,#3403,#3404,#3405));
#8331=EDGE_LOOP('',(#3406,#3407,#3408,#3409));
#8332=EDGE_LOOP('',(#3410,#3411,#3412,#3413));
#8333=EDGE_LOOP('',(#3414,#3415,#3416,#3417));
#8334=EDGE_LOOP('',(#3418,#3419,#3420,#3421));
#8335=EDGE_LOOP('',(#3422,#3423,#3424,#3425));
#8336=EDGE_LOOP('',(#3426,#3427,#3428,#3429));
#8337=EDGE_LOOP('',(#3430,#3431,#3432,#3433));
#8338=EDGE_LOOP('',(#3434,#3435,#3436,#3437));
#8339=EDGE_LOOP('',(#3438,#3439,#3440,#3441));
#8340=EDGE_LOOP('',(#3442,#3443,#3444,#3445));
#8341=EDGE_LOOP('',(#3446,#3447,#3448,#3449));
#8342=EDGE_LOOP('',(#3450,#3451,#3452,#3453));
#8343=EDGE_LOOP('',(#3454,#3455,#3456,#3457));
#8344=EDGE_LOOP('',(#3458,#3459,#3460,#3461));
#8345=EDGE_LOOP('',(#3462,#3463,#3464,#3465));
#8346=EDGE_LOOP('',(#3466,#3467,#3468,#3469));
#8347=EDGE_LOOP('',(#3470,#3471,#3472,#3473));
#8348=EDGE_LOOP('',(#3474,#3475,#3476,#3477));
#8349=EDGE_LOOP('',(#3478,#3479,#3480,#3481));
#8350=EDGE_LOOP('',(#3482,#3483,#3484,#3485));
#8351=EDGE_LOOP('',(#3486,#3487,#3488,#3489));
#8352=EDGE_LOOP('',(#3490,#3491,#3492,#3493));
#8353=EDGE_LOOP('',(#3494,#3495,#3496,#3497));
#8354=EDGE_LOOP('',(#3498,#3499,#3500,#3501));
#8355=EDGE_LOOP('',(#3502,#3503,#3504,#3505));
#8356=EDGE_LOOP('',(#3506,#3507,#3508,#3509));
#8357=EDGE_LOOP('',(#3510,#3511,#3512,#3513));
#8358=EDGE_LOOP('',(#3514,#3515,#3516,#3517));
#8359=EDGE_LOOP('',(#3518,#3519,#3520,#3521));
#8360=EDGE_LOOP('',(#3522,#3523,#3524,#3525));
#8361=EDGE_LOOP('',(#3526,#3527,#3528,#3529));
#8362=EDGE_LOOP('',(#3530,#3531,#3532,#3533));
#8363=EDGE_LOOP('',(#3534,#3535,#3536,#3537));
#8364=EDGE_LOOP('',(#3538,#3539,#3540,#3541));
#8365=EDGE_LOOP('',(#3542,#3543,#3544,#3545));
#8366=EDGE_LOOP('',(#3546,#3547,#3548,#3549));
#8367=EDGE_LOOP('',(#3550,#3551,#3552,#3553));
#8368=EDGE_LOOP('',(#3554,#3555,#3556,#3557,#3558,#3559,#3560,#3561,#3562,
#3563,#3564,#3565,#3566,#3567,#3568,#3569,#3570,#3571,#3572,#3573,#3574,
#3575,#3576,#3577,#3578,#3579,#3580,#3581,#3582,#3583,#3584,#3585,#3586,
#3587,#3588,#3589,#3590,#3591,#3592,#3593,#3594,#3595,#3596,#3597,#3598,
#3599,#3600,#3601,#3602,#3603,#3604,#3605,#3606,#3607,#3608,#3609,#3610,
#3611,#3612));
#8369=EDGE_LOOP('',(#3613,#3614,#3615,#3616,#3617,#3618,#3619,#3620,#3621,
#3622,#3623,#3624,#3625,#3626,#3627,#3628,#3629,#3630,#3631,#3632,#3633,
#3634,#3635,#3636,#3637,#3638,#3639,#3640,#3641,#3642,#3643,#3644,#3645,
#3646,#3647,#3648,#3649,#3650,#3651));
#8370=EDGE_LOOP('',(#3652,#3653,#3654));
#8371=EDGE_LOOP('',(#3655,#3656,#3657,#3658,#3659,#3660,#3661,#3662,#3663,
#3664,#3665,#3666,#3667,#3668,#3669,#3670,#3671,#3672,#3673,#3674,#3675,
#3676,#3677,#3678,#3679,#3680,#3681,#3682,#3683,#3684,#3685,#3686,#3687,
#3688,#3689,#3690,#3691,#3692,#3693,#3694,#3695,#3696,#3697,#3698,#3699,
#3700,#3701,#3702,#3703,#3704,#3705,#3706));
#8372=EDGE_LOOP('',(#3707,#3708,#3709));
#8373=EDGE_LOOP('',(#3710,#3711,#3712,#3713,#3714,#3715,#3716,#3717,#3718,
#3719,#3720,#3721,#3722,#3723,#3724));
#8374=EDGE_LOOP('',(#3725,#3726,#3727,#3728,#3729,#3730,#3731));
#8375=EDGE_LOOP('',(#3732,#3733,#3734,#3735,#3736,#3737,#3738));
#8376=EDGE_LOOP('',(#3739,#3740,#3741,#3742,#3743,#3744,#3745,#3746,#3747,
#3748,#3749,#3750,#3751,#3752));
#8377=EDGE_LOOP('',(#3753,#3754,#3755,#3756,#3757,#3758,#3759,#3760,#3761,
#3762,#3763,#3764,#3765));
#8378=EDGE_LOOP('',(#3766,#3767,#3768,#3769,#3770,#3771,#3772,#3773,#3774,
#3775));
#8379=EDGE_LOOP('',(#3776,#3777,#3778,#3779,#3780,#3781,#3782));
#8380=EDGE_LOOP('',(#3783,#3784,#3785,#3786,#3787,#3788,#3789,#3790,#3791,
#3792,#3793,#3794,#3795,#3796,#3797,#3798,#3799,#3800,#3801,#3802,#3803,
#3804,#3805,#3806,#3807,#3808,#3809,#3810,#3811,#3812,#3813,#3814,#3815,
#3816,#3817,#3818,#3819,#3820,#3821,#3822,#3823,#3824,#3825,#3826,#3827,
#3828,#3829,#3830,#3831,#3832,#3833,#3834));
#8381=EDGE_LOOP('',(#3835,#3836,#3837,#3838,#3839,#3840,#3841,#3842,#3843,
#3844,#3845));
#8382=EDGE_LOOP('',(#3846,#3847,#3848,#3849,#3850,#3851,#3852,#3853));
#8383=EDGE_LOOP('',(#3854,#3855,#3856,#3857));
#8384=EDGE_LOOP('',(#3858,#3859,#3860,#3861));
#8385=EDGE_LOOP('',(#3862,#3863,#3864,#3865));
#8386=EDGE_LOOP('',(#3866,#3867,#3868,#3869));
#8387=EDGE_LOOP('',(#3870,#3871,#3872,#3873));
#8388=EDGE_LOOP('',(#3874,#3875,#3876,#3877));
#8389=EDGE_LOOP('',(#3878,#3879,#3880,#3881));
#8390=EDGE_LOOP('',(#3882,#3883,#3884,#3885,#3886,#3887,#3888));
#8391=EDGE_LOOP('',(#3889,#3890,#3891,#3892));
#8392=EDGE_LOOP('',(#3893,#3894,#3895,#3896));
#8393=EDGE_LOOP('',(#3897,#3898,#3899,#3900));
#8394=EDGE_LOOP('',(#3901,#3902,#3903,#3904));
#8395=EDGE_LOOP('',(#3905,#3906,#3907,#3908));
#8396=EDGE_LOOP('',(#3909,#3910,#3911,#3912));
#8397=EDGE_LOOP('',(#3913,#3914,#3915,#3916));
#8398=EDGE_LOOP('',(#3917,#3918,#3919,#3920));
#8399=EDGE_LOOP('',(#3921,#3922,#3923,#3924));
#8400=EDGE_LOOP('',(#3925,#3926,#3927,#3928));
#8401=EDGE_LOOP('',(#3929,#3930,#3931,#3932,#3933,#3934,#3935,#3936,#3937,
#3938));
#8402=EDGE_LOOP('',(#3939,#3940,#3941,#3942));
#8403=EDGE_LOOP('',(#3943,#3944,#3945,#3946));
#8404=EDGE_LOOP('',(#3947,#3948,#3949,#3950));
#8405=EDGE_LOOP('',(#3951,#3952,#3953,#3954));
#8406=EDGE_LOOP('',(#3955,#3956,#3957,#3958));
#8407=EDGE_LOOP('',(#3959,#3960,#3961,#3962));
#8408=EDGE_LOOP('',(#3963,#3964,#3965,#3966));
#8409=EDGE_LOOP('',(#3967,#3968,#3969,#3970));
#8410=EDGE_LOOP('',(#3971,#3972,#3973,#3974));
#8411=EDGE_LOOP('',(#3975,#3976,#3977,#3978));
#8412=EDGE_LOOP('',(#3979,#3980,#3981,#3982));
#8413=EDGE_LOOP('',(#3983,#3984,#3985,#3986));
#8414=EDGE_LOOP('',(#3987,#3988,#3989,#3990));
#8415=EDGE_LOOP('',(#3991,#3992,#3993,#3994));
#8416=EDGE_LOOP('',(#3995,#3996,#3997,#3998));
#8417=EDGE_LOOP('',(#3999,#4000,#4001,#4002));
#8418=EDGE_LOOP('',(#4003,#4004,#4005,#4006));
#8419=EDGE_LOOP('',(#4007,#4008,#4009,#4010));
#8420=EDGE_LOOP('',(#4011,#4012,#4013,#4014,#4015,#4016,#4017,#4018,#4019,
#4020,#4021,#4022,#4023));
#8421=EDGE_LOOP('',(#4024,#4025,#4026,#4027));
#8422=EDGE_LOOP('',(#4028,#4029,#4030,#4031));
#8423=EDGE_LOOP('',(#4032,#4033,#4034,#4035));
#8424=EDGE_LOOP('',(#4036,#4037,#4038,#4039));
#8425=EDGE_LOOP('',(#4040,#4041,#4042,#4043));
#8426=EDGE_LOOP('',(#4044,#4045,#4046,#4047));
#8427=EDGE_LOOP('',(#4048,#4049,#4050,#4051));
#8428=EDGE_LOOP('',(#4052,#4053,#4054,#4055));
#8429=EDGE_LOOP('',(#4056,#4057,#4058,#4059));
#8430=EDGE_LOOP('',(#4060,#4061,#4062,#4063));
#8431=EDGE_LOOP('',(#4064,#4065,#4066,#4067));
#8432=EDGE_LOOP('',(#4068,#4069,#4070,#4071));
#8433=EDGE_LOOP('',(#4072,#4073,#4074,#4075));
#8434=EDGE_LOOP('',(#4076,#4077,#4078,#4079));
#8435=EDGE_LOOP('',(#4080,#4081,#4082,#4083));
#8436=EDGE_LOOP('',(#4084,#4085,#4086,#4087,#4088,#4089,#4090,#4091,#4092,
#4093,#4094,#4095,#4096,#4097));
#8437=EDGE_LOOP('',(#4098,#4099,#4100,#4101));
#8438=EDGE_LOOP('',(#4102,#4103,#4104,#4105));
#8439=EDGE_LOOP('',(#4106,#4107,#4108,#4109));
#8440=EDGE_LOOP('',(#4110,#4111,#4112,#4113));
#8441=EDGE_LOOP('',(#4114,#4115,#4116,#4117));
#8442=EDGE_LOOP('',(#4118,#4119,#4120,#4121));
#8443=EDGE_LOOP('',(#4122,#4123,#4124,#4125));
#8444=EDGE_LOOP('',(#4126,#4127,#4128,#4129));
#8445=EDGE_LOOP('',(#4130,#4131,#4132,#4133));
#8446=EDGE_LOOP('',(#4134,#4135,#4136,#4137));
#8447=EDGE_LOOP('',(#4138,#4139,#4140,#4141));
#8448=EDGE_LOOP('',(#4142,#4143,#4144,#4145,#4146,#4147,#4148));
#8449=EDGE_LOOP('',(#4149,#4150,#4151,#4152));
#8450=EDGE_LOOP('',(#4153,#4154,#4155,#4156));
#8451=EDGE_LOOP('',(#4157,#4158,#4159,#4160));
#8452=EDGE_LOOP('',(#4161,#4162,#4163,#4164));
#8453=EDGE_LOOP('',(#4165,#4166,#4167,#4168));
#8454=EDGE_LOOP('',(#4169,#4170,#4171,#4172));
#8455=EDGE_LOOP('',(#4173,#4174,#4175,#4176));
#8456=EDGE_LOOP('',(#4177,#4178,#4179,#4180));
#8457=EDGE_LOOP('',(#4181,#4182,#4183,#4184));
#8458=EDGE_LOOP('',(#4185,#4186,#4187,#4188));
#8459=EDGE_LOOP('',(#4189,#4190,#4191,#4192));
#8460=EDGE_LOOP('',(#4193,#4194,#4195,#4196,#4197,#4198,#4199));
#8461=EDGE_LOOP('',(#4200,#4201,#4202));
#8462=EDGE_LOOP('',(#4203,#4204,#4205,#4206,#4207,#4208,#4209,#4210,#4211,
#4212,#4213,#4214,#4215,#4216,#4217,#4218,#4219,#4220,#4221,#4222,#4223,
#4224,#4225,#4226,#4227,#4228,#4229,#4230,#4231,#4232,#4233,#4234,#4235,
#4236,#4237,#4238,#4239,#4240,#4241));
#8463=EDGE_LOOP('',(#4242,#4243,#4244,#4245,#4246,#4247,#4248,#4249,#4250,
#4251));
#8464=EDGE_LOOP('',(#4252,#4253,#4254,#4255,#4256,#4257));
#8465=EDGE_LOOP('',(#4258,#4259,#4260,#4261));
#8466=EDGE_LOOP('',(#4262,#4263,#4264,#4265,#4266,#4267,#4268,#4269,#4270,
#4271,#4272,#4273));
#8467=EDGE_LOOP('',(#4274,#4275,#4276,#4277,#4278,#4279,#4280,#4281,#4282,
#4283,#4284,#4285,#4286,#4287,#4288));
#8468=EDGE_LOOP('',(#4289,#4290,#4291,#4292,#4293,#4294,#4295,#4296,#4297,
#4298));
#8469=EDGE_LOOP('',(#4299,#4300,#4301,#4302,#4303,#4304));
#8470=EDGE_LOOP('',(#4305,#4306,#4307,#4308,#4309,#4310));
#8471=EDGE_LOOP('',(#4311,#4312,#4313,#4314));
#8472=EDGE_LOOP('',(#4315,#4316,#4317,#4318));
#8473=EDGE_LOOP('',(#4319,#4320,#4321,#4322));
#8474=EDGE_LOOP('',(#4323,#4324,#4325,#4326));
#8475=EDGE_LOOP('',(#4327,#4328,#4329,#4330));
#8476=EDGE_LOOP('',(#4331,#4332,#4333,#4334));
#8477=EDGE_LOOP('',(#4335,#4336,#4337,#4338));
#8478=EDGE_LOOP('',(#4339,#4340,#4341,#4342));
#8479=EDGE_LOOP('',(#4343,#4344,#4345,#4346));
#8480=EDGE_LOOP('',(#4347,#4348,#4349,#4350));
#8481=EDGE_LOOP('',(#4351,#4352,#4353,#4354));
#8482=EDGE_LOOP('',(#4355,#4356,#4357,#4358));
#8483=EDGE_LOOP('',(#4359,#4360,#4361,#4362));
#8484=EDGE_LOOP('',(#4363,#4364,#4365,#4366));
#8485=EDGE_LOOP('',(#4367,#4368,#4369,#4370));
#8486=EDGE_LOOP('',(#4371,#4372,#4373,#4374));
#8487=EDGE_LOOP('',(#4375,#4376,#4377,#4378));
#8488=EDGE_LOOP('',(#4379,#4380,#4381,#4382));
#8489=EDGE_LOOP('',(#4383,#4384,#4385,#4386));
#8490=EDGE_LOOP('',(#4387,#4388,#4389,#4390));
#8491=EDGE_LOOP('',(#4391,#4392,#4393,#4394,#4395,#4396,#4397,#4398,#4399,
#4400));
#8492=EDGE_LOOP('',(#4401,#4402,#4403,#4404));
#8493=EDGE_LOOP('',(#4405,#4406,#4407,#4408));
#8494=EDGE_LOOP('',(#4409,#4410,#4411,#4412));
#8495=EDGE_LOOP('',(#4413,#4414,#4415,#4416));
#8496=EDGE_LOOP('',(#4417,#4418,#4419,#4420));
#8497=EDGE_LOOP('',(#4421,#4422,#4423,#4424));
#8498=EDGE_LOOP('',(#4425,#4426,#4427,#4428));
#8499=EDGE_LOOP('',(#4429,#4430,#4431,#4432));
#8500=EDGE_LOOP('',(#4433,#4434,#4435,#4436,#4437,#4438));
#8501=EDGE_LOOP('',(#4439,#4440,#4441,#4442));
#8502=EDGE_LOOP('',(#4443,#4444,#4445,#4446));
#8503=EDGE_LOOP('',(#4447,#4448,#4449,#4450));
#8504=EDGE_LOOP('',(#4451,#4452,#4453,#4454));
#8505=EDGE_LOOP('',(#4455,#4456,#4457,#4458));
#8506=EDGE_LOOP('',(#4459,#4460,#4461,#4462));
#8507=EDGE_LOOP('',(#4463,#4464,#4465,#4466));
#8508=EDGE_LOOP('',(#4467,#4468,#4469,#4470));
#8509=EDGE_LOOP('',(#4471,#4472,#4473,#4474));
#8510=EDGE_LOOP('',(#4475,#4476,#4477,#4478));
#8511=EDGE_LOOP('',(#4479,#4480,#4481,#4482));
#8512=EDGE_LOOP('',(#4483,#4484,#4485,#4486));
#8513=EDGE_LOOP('',(#4487,#4488,#4489,#4490));
#8514=EDGE_LOOP('',(#4491,#4492,#4493,#4494));
#8515=EDGE_LOOP('',(#4495,#4496,#4497,#4498));
#8516=EDGE_LOOP('',(#4499,#4500,#4501,#4502));
#8517=EDGE_LOOP('',(#4503,#4504,#4505,#4506));
#8518=EDGE_LOOP('',(#4507,#4508,#4509,#4510));
#8519=EDGE_LOOP('',(#4511,#4512,#4513,#4514));
#8520=EDGE_LOOP('',(#4515,#4516,#4517,#4518));
#8521=EDGE_LOOP('',(#4519,#4520,#4521,#4522));
#8522=EDGE_LOOP('',(#4523,#4524,#4525,#4526));
#8523=EDGE_LOOP('',(#4527,#4528,#4529,#4530,#4531,#4532,#4533,#4534,#4535,
#4536,#4537,#4538));
#8524=EDGE_LOOP('',(#4539,#4540,#4541,#4542));
#8525=EDGE_LOOP('',(#4543,#4544,#4545,#4546));
#8526=EDGE_LOOP('',(#4547,#4548,#4549,#4550));
#8527=EDGE_LOOP('',(#4551,#4552,#4553,#4554));
#8528=EDGE_LOOP('',(#4555,#4556,#4557,#4558));
#8529=EDGE_LOOP('',(#4559,#4560,#4561,#4562));
#8530=EDGE_LOOP('',(#4563,#4564,#4565,#4566));
#8531=EDGE_LOOP('',(#4567,#4568,#4569,#4570));
#8532=EDGE_LOOP('',(#4571,#4572,#4573,#4574));
#8533=EDGE_LOOP('',(#4575,#4576,#4577,#4578));
#8534=EDGE_LOOP('',(#4579,#4580,#4581,#4582));
#8535=EDGE_LOOP('',(#4583,#4584,#4585,#4586));
#8536=EDGE_LOOP('',(#4587,#4588,#4589,#4590));
#8537=EDGE_LOOP('',(#4591,#4592,#4593,#4594));
#8538=EDGE_LOOP('',(#4595,#4596,#4597,#4598));
#8539=EDGE_LOOP('',(#4599,#4600,#4601,#4602));
#8540=EDGE_LOOP('',(#4603,#4604,#4605,#4606));
#8541=EDGE_LOOP('',(#4607,#4608,#4609,#4610));
#8542=EDGE_LOOP('',(#4611,#4612,#4613,#4614));
#8543=EDGE_LOOP('',(#4615,#4616,#4617,#4618));
#8544=EDGE_LOOP('',(#4619,#4620,#4621,#4622));
#8545=EDGE_LOOP('',(#4623,#4624,#4625,#4626,#4627,#4628,#4629,#4630,#4631,
#4632,#4633,#4634,#4635,#4636,#4637));
#8546=EDGE_LOOP('',(#4638,#4639,#4640,#4641));
#8547=EDGE_LOOP('',(#4642,#4643,#4644,#4645));
#8548=EDGE_LOOP('',(#4646,#4647,#4648,#4649));
#8549=EDGE_LOOP('',(#4650,#4651,#4652,#4653));
#8550=EDGE_LOOP('',(#4654,#4655,#4656,#4657));
#8551=EDGE_LOOP('',(#4658,#4659,#4660,#4661));
#8552=EDGE_LOOP('',(#4662,#4663,#4664,#4665));
#8553=EDGE_LOOP('',(#4666,#4667,#4668,#4669));
#8554=EDGE_LOOP('',(#4670,#4671,#4672,#4673));
#8555=EDGE_LOOP('',(#4674,#4675,#4676,#4677));
#8556=EDGE_LOOP('',(#4678,#4679,#4680,#4681));
#8557=EDGE_LOOP('',(#4682,#4683,#4684,#4685));
#8558=EDGE_LOOP('',(#4686,#4687,#4688,#4689,#4690,#4691,#4692,#4693,#4694,
#4695,#4696));
#8559=EDGE_LOOP('',(#4697,#4698,#4699,#4700));
#8560=EDGE_LOOP('',(#4701,#4702,#4703,#4704));
#8561=EDGE_LOOP('',(#4705,#4706,#4707,#4708));
#8562=EDGE_LOOP('',(#4709,#4710,#4711,#4712));
#8563=EDGE_LOOP('',(#4713,#4714,#4715,#4716));
#8564=EDGE_LOOP('',(#4717,#4718,#4719,#4720));
#8565=EDGE_LOOP('',(#4721,#4722,#4723,#4724));
#8566=EDGE_LOOP('',(#4725,#4726,#4727,#4728));
#8567=EDGE_LOOP('',(#4729,#4730,#4731,#4732,#4733,#4734,#4735,#4736));
#8568=EDGE_LOOP('',(#4737,#4738,#4739,#4740));
#8569=EDGE_LOOP('',(#4741,#4742,#4743,#4744));
#8570=EDGE_LOOP('',(#4745,#4746,#4747,#4748));
#8571=EDGE_LOOP('',(#4749,#4750,#4751,#4752));
#8572=EDGE_LOOP('',(#4753,#4754,#4755,#4756));
#8573=EDGE_LOOP('',(#4757,#4758,#4759,#4760));
#8574=EDGE_LOOP('',(#4761,#4762,#4763,#4764));
#8575=EDGE_LOOP('',(#4765,#4766,#4767,#4768));
#8576=EDGE_LOOP('',(#4769,#4770,#4771,#4772));
#8577=EDGE_LOOP('',(#4773,#4774,#4775,#4776));
#8578=EDGE_LOOP('',(#4777,#4778,#4779,#4780));
#8579=EDGE_LOOP('',(#4781,#4782,#4783,#4784));
#8580=EDGE_LOOP('',(#4785,#4786,#4787,#4788));
#8581=EDGE_LOOP('',(#4789,#4790,#4791,#4792));
#8582=EDGE_LOOP('',(#4793,#4794,#4795,#4796));
#8583=EDGE_LOOP('',(#4797,#4798,#4799,#4800));
#8584=EDGE_LOOP('',(#4801,#4802,#4803,#4804));
#8585=EDGE_LOOP('',(#4805,#4806,#4807,#4808));
#8586=EDGE_LOOP('',(#4809,#4810,#4811,#4812));
#8587=EDGE_LOOP('',(#4813,#4814,#4815,#4816));
#8588=EDGE_LOOP('',(#4817,#4818,#4819,#4820));
#8589=EDGE_LOOP('',(#4821,#4822,#4823,#4824,#4825,#4826));
#8590=EDGE_LOOP('',(#4827,#4828,#4829,#4830,#4831,#4832,#4833,#4834,#4835,
#4836,#4837,#4838,#4839,#4840,#4841));
#8591=EDGE_LOOP('',(#4842,#4843,#4844,#4845,#4846,#4847));
#8592=EDGE_LOOP('',(#4848,#4849,#4850,#4851));
#8593=EDGE_LOOP('',(#4852,#4853,#4854,#4855));
#8594=EDGE_LOOP('',(#4856,#4857,#4858,#4859));
#8595=EDGE_LOOP('',(#4860,#4861,#4862,#4863));
#8596=EDGE_LOOP('',(#4864,#4865,#4866,#4867));
#8597=EDGE_LOOP('',(#4868,#4869,#4870,#4871));
#8598=EDGE_LOOP('',(#4872,#4873,#4874,#4875));
#8599=EDGE_LOOP('',(#4876,#4877,#4878,#4879));
#8600=EDGE_LOOP('',(#4880,#4881,#4882,#4883));
#8601=EDGE_LOOP('',(#4884,#4885,#4886,#4887));
#8602=EDGE_LOOP('',(#4888,#4889,#4890,#4891,#4892,#4893,#4894,#4895,#4896,
#4897));
#8603=EDGE_LOOP('',(#4898,#4899,#4900,#4901));
#8604=EDGE_LOOP('',(#4902,#4903,#4904,#4905));
#8605=EDGE_LOOP('',(#4906,#4907,#4908,#4909));
#8606=EDGE_LOOP('',(#4910,#4911,#4912,#4913));
#8607=EDGE_LOOP('',(#4914,#4915,#4916,#4917));
#8608=EDGE_LOOP('',(#4918,#4919,#4920,#4921));
#8609=EDGE_LOOP('',(#4922,#4923,#4924,#4925,#4926,#4927));
#8610=EDGE_LOOP('',(#4928,#4929,#4930,#4931));
#8611=EDGE_LOOP('',(#4932,#4933,#4934,#4935));
#8612=EDGE_LOOP('',(#4936,#4937,#4938,#4939));
#8613=EDGE_LOOP('',(#4940,#4941,#4942,#4943));
#8614=EDGE_LOOP('',(#4944,#4945,#4946,#4947));
#8615=EDGE_LOOP('',(#4948,#4949,#4950,#4951));
#8616=EDGE_LOOP('',(#4952,#4953,#4954,#4955,#4956,#4957));
#8617=EDGE_LOOP('',(#4958,#4959,#4960,#4961));
#8618=EDGE_LOOP('',(#4962,#4963,#4964));
#8619=FACE_BOUND('',#8038,.T.);
#8620=FACE_BOUND('',#8039,.T.);
#8621=FACE_BOUND('',#8040,.T.);
#8622=FACE_BOUND('',#8041,.T.);
#8623=FACE_BOUND('',#8042,.T.);
#8624=FACE_BOUND('',#8043,.T.);
#8625=FACE_BOUND('',#8044,.T.);
#8626=FACE_BOUND('',#8045,.T.);
#8627=FACE_BOUND('',#8046,.T.);
#8628=FACE_BOUND('',#8047,.T.);
#8629=FACE_BOUND('',#8048,.T.);
#8630=FACE_BOUND('',#8049,.T.);
#8631=FACE_BOUND('',#8050,.T.);
#8632=FACE_BOUND('',#8051,.T.);
#8633=FACE_BOUND('',#8052,.T.);
#8634=FACE_BOUND('',#8053,.T.);
#8635=FACE_BOUND('',#8054,.T.);
#8636=FACE_BOUND('',#8055,.T.);
#8637=FACE_BOUND('',#8056,.T.);
#8638=FACE_BOUND('',#8057,.T.);
#8639=FACE_BOUND('',#8058,.T.);
#8640=FACE_BOUND('',#8059,.T.);
#8641=FACE_BOUND('',#8060,.T.);
#8642=FACE_BOUND('',#8061,.T.);
#8643=FACE_BOUND('',#8062,.T.);
#8644=FACE_BOUND('',#8063,.T.);
#8645=FACE_BOUND('',#8064,.T.);
#8646=FACE_BOUND('',#8065,.T.);
#8647=FACE_BOUND('',#8066,.T.);
#8648=FACE_BOUND('',#8067,.T.);
#8649=FACE_BOUND('',#8068,.T.);
#8650=FACE_BOUND('',#8069,.T.);
#8651=FACE_BOUND('',#8070,.T.);
#8652=FACE_BOUND('',#8071,.T.);
#8653=FACE_BOUND('',#8072,.T.);
#8654=FACE_BOUND('',#8073,.T.);
#8655=FACE_BOUND('',#8074,.T.);
#8656=FACE_BOUND('',#8075,.T.);
#8657=FACE_BOUND('',#8076,.T.);
#8658=FACE_BOUND('',#8077,.T.);
#8659=FACE_BOUND('',#8078,.T.);
#8660=FACE_BOUND('',#8079,.T.);
#8661=FACE_BOUND('',#8080,.T.);
#8662=FACE_BOUND('',#8081,.T.);
#8663=FACE_BOUND('',#8082,.T.);
#8664=FACE_BOUND('',#8083,.T.);
#8665=FACE_BOUND('',#8084,.T.);
#8666=FACE_BOUND('',#8085,.T.);
#8667=FACE_BOUND('',#8086,.T.);
#8668=FACE_BOUND('',#8087,.T.);
#8669=FACE_BOUND('',#8088,.T.);
#8670=FACE_BOUND('',#8089,.T.);
#8671=FACE_BOUND('',#8090,.T.);
#8672=FACE_BOUND('',#8091,.T.);
#8673=FACE_BOUND('',#8092,.T.);
#8674=FACE_BOUND('',#8093,.T.);
#8675=FACE_BOUND('',#8094,.T.);
#8676=FACE_BOUND('',#8095,.T.);
#8677=FACE_BOUND('',#8096,.T.);
#8678=FACE_BOUND('',#8097,.T.);
#8679=FACE_BOUND('',#8098,.T.);
#8680=FACE_BOUND('',#8099,.T.);
#8681=FACE_BOUND('',#8100,.T.);
#8682=FACE_BOUND('',#8101,.T.);
#8683=FACE_BOUND('',#8102,.T.);
#8684=FACE_BOUND('',#8103,.T.);
#8685=FACE_BOUND('',#8104,.T.);
#8686=FACE_BOUND('',#8105,.T.);
#8687=FACE_BOUND('',#8106,.T.);
#8688=FACE_BOUND('',#8107,.T.);
#8689=FACE_BOUND('',#8108,.T.);
#8690=FACE_BOUND('',#8109,.T.);
#8691=FACE_BOUND('',#8110,.T.);
#8692=FACE_BOUND('',#8111,.T.);
#8693=FACE_BOUND('',#8112,.T.);
#8694=FACE_BOUND('',#8113,.T.);
#8695=FACE_BOUND('',#8114,.T.);
#8696=FACE_BOUND('',#8115,.T.);
#8697=FACE_BOUND('',#8116,.T.);
#8698=FACE_BOUND('',#8117,.T.);
#8699=FACE_BOUND('',#8118,.T.);
#8700=FACE_BOUND('',#8119,.T.);
#8701=FACE_BOUND('',#8120,.T.);
#8702=FACE_BOUND('',#8121,.T.);
#8703=FACE_BOUND('',#8122,.T.);
#8704=FACE_BOUND('',#8123,.T.);
#8705=FACE_BOUND('',#8124,.T.);
#8706=FACE_BOUND('',#8125,.T.);
#8707=FACE_BOUND('',#8126,.T.);
#8708=FACE_BOUND('',#8127,.T.);
#8709=FACE_BOUND('',#8128,.T.);
#8710=FACE_BOUND('',#8129,.T.);
#8711=FACE_BOUND('',#8130,.T.);
#8712=FACE_BOUND('',#8131,.T.);
#8713=FACE_BOUND('',#8132,.T.);
#8714=FACE_BOUND('',#8133,.T.);
#8715=FACE_BOUND('',#8134,.T.);
#8716=FACE_BOUND('',#8135,.T.);
#8717=FACE_BOUND('',#8136,.T.);
#8718=FACE_BOUND('',#8137,.T.);
#8719=FACE_BOUND('',#8138,.T.);
#8720=FACE_BOUND('',#8139,.T.);
#8721=FACE_BOUND('',#8140,.T.);
#8722=FACE_BOUND('',#8141,.T.);
#8723=FACE_BOUND('',#8142,.T.);
#8724=FACE_BOUND('',#8143,.T.);
#8725=FACE_BOUND('',#8144,.T.);
#8726=FACE_BOUND('',#8145,.T.);
#8727=FACE_BOUND('',#8146,.T.);
#8728=FACE_BOUND('',#8147,.T.);
#8729=FACE_BOUND('',#8148,.T.);
#8730=FACE_BOUND('',#8149,.T.);
#8731=FACE_BOUND('',#8150,.T.);
#8732=FACE_BOUND('',#8151,.T.);
#8733=FACE_BOUND('',#8152,.T.);
#8734=FACE_BOUND('',#8153,.T.);
#8735=FACE_BOUND('',#8154,.T.);
#8736=FACE_BOUND('',#8155,.T.);
#8737=FACE_BOUND('',#8156,.T.);
#8738=FACE_BOUND('',#8157,.T.);
#8739=FACE_BOUND('',#8158,.T.);
#8740=FACE_BOUND('',#8159,.T.);
#8741=FACE_BOUND('',#8160,.T.);
#8742=FACE_BOUND('',#8161,.T.);
#8743=FACE_BOUND('',#8162,.T.);
#8744=FACE_BOUND('',#8163,.T.);
#8745=FACE_BOUND('',#8164,.T.);
#8746=FACE_BOUND('',#8165,.T.);
#8747=FACE_BOUND('',#8166,.T.);
#8748=FACE_BOUND('',#8167,.T.);
#8749=FACE_BOUND('',#8168,.T.);
#8750=FACE_BOUND('',#8169,.T.);
#8751=FACE_BOUND('',#8170,.T.);
#8752=FACE_BOUND('',#8171,.T.);
#8753=FACE_BOUND('',#8172,.T.);
#8754=FACE_BOUND('',#8173,.T.);
#8755=FACE_BOUND('',#8174,.T.);
#8756=FACE_BOUND('',#8175,.T.);
#8757=FACE_BOUND('',#8176,.T.);
#8758=FACE_BOUND('',#8177,.T.);
#8759=FACE_BOUND('',#8178,.T.);
#8760=FACE_BOUND('',#8179,.T.);
#8761=FACE_BOUND('',#8180,.T.);
#8762=FACE_BOUND('',#8181,.T.);
#8763=FACE_BOUND('',#8182,.T.);
#8764=FACE_BOUND('',#8183,.T.);
#8765=FACE_BOUND('',#8184,.T.);
#8766=FACE_BOUND('',#8185,.T.);
#8767=FACE_BOUND('',#8186,.T.);
#8768=FACE_BOUND('',#8187,.T.);
#8769=FACE_BOUND('',#8188,.T.);
#8770=FACE_BOUND('',#8189,.T.);
#8771=FACE_BOUND('',#8190,.T.);
#8772=FACE_BOUND('',#8191,.T.);
#8773=FACE_BOUND('',#8192,.T.);
#8774=FACE_BOUND('',#8193,.T.);
#8775=FACE_BOUND('',#8194,.T.);
#8776=FACE_BOUND('',#8195,.T.);
#8777=FACE_BOUND('',#8196,.T.);
#8778=FACE_BOUND('',#8197,.T.);
#8779=FACE_BOUND('',#8198,.T.);
#8780=FACE_BOUND('',#8199,.T.);
#8781=FACE_BOUND('',#8200,.T.);
#8782=FACE_BOUND('',#8201,.T.);
#8783=FACE_BOUND('',#8202,.T.);
#8784=FACE_BOUND('',#8203,.T.);
#8785=FACE_BOUND('',#8204,.T.);
#8786=FACE_BOUND('',#8205,.T.);
#8787=FACE_BOUND('',#8206,.T.);
#8788=FACE_BOUND('',#8207,.T.);
#8789=FACE_BOUND('',#8208,.T.);
#8790=FACE_BOUND('',#8209,.T.);
#8791=FACE_BOUND('',#8210,.T.);
#8792=FACE_BOUND('',#8211,.T.);
#8793=FACE_BOUND('',#8212,.T.);
#8794=FACE_BOUND('',#8213,.T.);
#8795=FACE_BOUND('',#8214,.T.);
#8796=FACE_BOUND('',#8215,.T.);
#8797=FACE_BOUND('',#8216,.T.);
#8798=FACE_BOUND('',#8217,.T.);
#8799=FACE_BOUND('',#8218,.T.);
#8800=FACE_BOUND('',#8219,.T.);
#8801=FACE_BOUND('',#8220,.T.);
#8802=FACE_BOUND('',#8221,.T.);
#8803=FACE_BOUND('',#8222,.T.);
#8804=FACE_BOUND('',#8223,.T.);
#8805=FACE_BOUND('',#8224,.T.);
#8806=FACE_BOUND('',#8225,.T.);
#8807=FACE_BOUND('',#8226,.T.);
#8808=FACE_BOUND('',#8227,.T.);
#8809=FACE_BOUND('',#8228,.T.);
#8810=FACE_BOUND('',#8229,.T.);
#8811=FACE_BOUND('',#8230,.T.);
#8812=FACE_BOUND('',#8231,.T.);
#8813=FACE_BOUND('',#8232,.T.);
#8814=FACE_BOUND('',#8233,.T.);
#8815=FACE_BOUND('',#8234,.T.);
#8816=FACE_BOUND('',#8235,.T.);
#8817=FACE_BOUND('',#8236,.T.);
#8818=FACE_BOUND('',#8237,.T.);
#8819=FACE_BOUND('',#8238,.T.);
#8820=FACE_BOUND('',#8239,.T.);
#8821=FACE_BOUND('',#8240,.T.);
#8822=FACE_BOUND('',#8241,.T.);
#8823=FACE_BOUND('',#8242,.T.);
#8824=FACE_BOUND('',#8243,.T.);
#8825=FACE_BOUND('',#8244,.T.);
#8826=FACE_BOUND('',#8245,.T.);
#8827=FACE_BOUND('',#8246,.T.);
#8828=FACE_BOUND('',#8247,.T.);
#8829=FACE_BOUND('',#8248,.T.);
#8830=FACE_BOUND('',#8249,.T.);
#8831=FACE_BOUND('',#8250,.T.);
#8832=FACE_BOUND('',#8251,.T.);
#8833=FACE_BOUND('',#8252,.T.);
#8834=FACE_BOUND('',#8253,.T.);
#8835=FACE_BOUND('',#8254,.T.);
#8836=FACE_BOUND('',#8255,.T.);
#8837=FACE_BOUND('',#8256,.T.);
#8838=FACE_BOUND('',#8257,.T.);
#8839=FACE_BOUND('',#8258,.T.);
#8840=FACE_BOUND('',#8259,.T.);
#8841=FACE_BOUND('',#8260,.T.);
#8842=FACE_BOUND('',#8261,.T.);
#8843=FACE_BOUND('',#8262,.T.);
#8844=FACE_BOUND('',#8263,.T.);
#8845=FACE_BOUND('',#8264,.T.);
#8846=FACE_BOUND('',#8265,.T.);
#8847=FACE_BOUND('',#8266,.T.);
#8848=FACE_BOUND('',#8267,.T.);
#8849=FACE_BOUND('',#8268,.T.);
#8850=FACE_BOUND('',#8269,.T.);
#8851=FACE_BOUND('',#8270,.T.);
#8852=FACE_BOUND('',#8271,.T.);
#8853=FACE_BOUND('',#8272,.T.);
#8854=FACE_BOUND('',#8273,.T.);
#8855=FACE_BOUND('',#8274,.T.);
#8856=FACE_BOUND('',#8275,.T.);
#8857=FACE_BOUND('',#8276,.T.);
#8858=FACE_BOUND('',#8277,.T.);
#8859=FACE_BOUND('',#8278,.T.);
#8860=FACE_BOUND('',#8279,.T.);
#8861=FACE_BOUND('',#8280,.T.);
#8862=FACE_BOUND('',#8281,.T.);
#8863=FACE_BOUND('',#8282,.T.);
#8864=FACE_BOUND('',#8283,.T.);
#8865=FACE_BOUND('',#8284,.T.);
#8866=FACE_BOUND('',#8285,.T.);
#8867=FACE_BOUND('',#8286,.T.);
#8868=FACE_BOUND('',#8287,.T.);
#8869=FACE_BOUND('',#8288,.T.);
#8870=FACE_BOUND('',#8289,.T.);
#8871=FACE_BOUND('',#8290,.T.);
#8872=FACE_BOUND('',#8291,.T.);
#8873=FACE_BOUND('',#8292,.T.);
#8874=FACE_BOUND('',#8293,.T.);
#8875=FACE_BOUND('',#8294,.T.);
#8876=FACE_BOUND('',#8295,.T.);
#8877=FACE_BOUND('',#8296,.T.);
#8878=FACE_BOUND('',#8297,.T.);
#8879=FACE_BOUND('',#8298,.T.);
#8880=FACE_BOUND('',#8299,.T.);
#8881=FACE_BOUND('',#8300,.T.);
#8882=FACE_BOUND('',#8301,.T.);
#8883=FACE_BOUND('',#8302,.T.);
#8884=FACE_BOUND('',#8303,.T.);
#8885=FACE_BOUND('',#8304,.T.);
#8886=FACE_BOUND('',#8305,.T.);
#8887=FACE_BOUND('',#8306,.T.);
#8888=FACE_BOUND('',#8307,.T.);
#8889=FACE_BOUND('',#8308,.T.);
#8890=FACE_BOUND('',#8309,.T.);
#8891=FACE_BOUND('',#8310,.T.);
#8892=FACE_BOUND('',#8311,.T.);
#8893=FACE_BOUND('',#8312,.T.);
#8894=FACE_BOUND('',#8313,.T.);
#8895=FACE_BOUND('',#8314,.T.);
#8896=FACE_BOUND('',#8315,.T.);
#8897=FACE_BOUND('',#8316,.T.);
#8898=FACE_BOUND('',#8317,.T.);
#8899=FACE_BOUND('',#8318,.T.);
#8900=FACE_BOUND('',#8319,.T.);
#8901=FACE_BOUND('',#8320,.T.);
#8902=FACE_BOUND('',#8321,.T.);
#8903=FACE_BOUND('',#8322,.T.);
#8904=FACE_BOUND('',#8323,.T.);
#8905=FACE_BOUND('',#8324,.T.);
#8906=FACE_BOUND('',#8325,.T.);
#8907=FACE_BOUND('',#8326,.T.);
#8908=FACE_BOUND('',#8327,.T.);
#8909=FACE_BOUND('',#8328,.T.);
#8910=FACE_BOUND('',#8329,.T.);
#8911=FACE_BOUND('',#8330,.T.);
#8912=FACE_BOUND('',#8331,.T.);
#8913=FACE_BOUND('',#8332,.T.);
#8914=FACE_BOUND('',#8333,.T.);
#8915=FACE_BOUND('',#8334,.T.);
#8916=FACE_BOUND('',#8335,.T.);
#8917=FACE_BOUND('',#8336,.T.);
#8918=FACE_BOUND('',#8337,.T.);
#8919=FACE_BOUND('',#8338,.T.);
#8920=FACE_BOUND('',#8339,.T.);
#8921=FACE_BOUND('',#8340,.T.);
#8922=FACE_BOUND('',#8341,.T.);
#8923=FACE_BOUND('',#8342,.T.);
#8924=FACE_BOUND('',#8343,.T.);
#8925=FACE_BOUND('',#8344,.T.);
#8926=FACE_BOUND('',#8345,.T.);
#8927=FACE_BOUND('',#8346,.T.);
#8928=FACE_BOUND('',#8347,.T.);
#8929=FACE_BOUND('',#8348,.T.);
#8930=FACE_BOUND('',#8349,.T.);
#8931=FACE_BOUND('',#8350,.T.);
#8932=FACE_BOUND('',#8351,.T.);
#8933=FACE_BOUND('',#8352,.T.);
#8934=FACE_BOUND('',#8353,.T.);
#8935=FACE_BOUND('',#8354,.T.);
#8936=FACE_BOUND('',#8355,.T.);
#8937=FACE_BOUND('',#8356,.T.);
#8938=FACE_BOUND('',#8357,.T.);
#8939=FACE_BOUND('',#8358,.T.);
#8940=FACE_BOUND('',#8359,.T.);
#8941=FACE_BOUND('',#8360,.T.);
#8942=FACE_BOUND('',#8361,.T.);
#8943=FACE_BOUND('',#8362,.T.);
#8944=FACE_BOUND('',#8363,.T.);
#8945=FACE_BOUND('',#8364,.T.);
#8946=FACE_BOUND('',#8365,.T.);
#8947=FACE_BOUND('',#8366,.T.);
#8948=FACE_BOUND('',#8367,.T.);
#8949=FACE_BOUND('',#8368,.T.);
#8950=FACE_BOUND('',#8369,.T.);
#8951=FACE_BOUND('',#8370,.T.);
#8952=FACE_BOUND('',#8371,.T.);
#8953=FACE_BOUND('',#8372,.T.);
#8954=FACE_BOUND('',#8373,.T.);
#8955=FACE_BOUND('',#8374,.T.);
#8956=FACE_BOUND('',#8375,.T.);
#8957=FACE_BOUND('',#8376,.T.);
#8958=FACE_BOUND('',#8377,.T.);
#8959=FACE_BOUND('',#8378,.T.);
#8960=FACE_BOUND('',#8379,.T.);
#8961=FACE_BOUND('',#8380,.T.);
#8962=FACE_BOUND('',#8381,.T.);
#8963=FACE_BOUND('',#8382,.T.);
#8964=FACE_BOUND('',#8383,.T.);
#8965=FACE_BOUND('',#8384,.T.);
#8966=FACE_BOUND('',#8385,.T.);
#8967=FACE_BOUND('',#8386,.T.);
#8968=FACE_BOUND('',#8387,.T.);
#8969=FACE_BOUND('',#8388,.T.);
#8970=FACE_BOUND('',#8389,.T.);
#8971=FACE_BOUND('',#8390,.T.);
#8972=FACE_BOUND('',#8391,.T.);
#8973=FACE_BOUND('',#8392,.T.);
#8974=FACE_BOUND('',#8393,.T.);
#8975=FACE_BOUND('',#8394,.T.);
#8976=FACE_BOUND('',#8395,.T.);
#8977=FACE_BOUND('',#8396,.T.);
#8978=FACE_BOUND('',#8397,.T.);
#8979=FACE_BOUND('',#8398,.T.);
#8980=FACE_BOUND('',#8399,.T.);
#8981=FACE_BOUND('',#8400,.T.);
#8982=FACE_BOUND('',#8401,.T.);
#8983=FACE_BOUND('',#8402,.T.);
#8984=FACE_BOUND('',#8403,.T.);
#8985=FACE_BOUND('',#8404,.T.);
#8986=FACE_BOUND('',#8405,.T.);
#8987=FACE_BOUND('',#8406,.T.);
#8988=FACE_BOUND('',#8407,.T.);
#8989=FACE_BOUND('',#8408,.T.);
#8990=FACE_BOUND('',#8409,.T.);
#8991=FACE_BOUND('',#8410,.T.);
#8992=FACE_BOUND('',#8411,.T.);
#8993=FACE_BOUND('',#8412,.T.);
#8994=FACE_BOUND('',#8413,.T.);
#8995=FACE_BOUND('',#8414,.T.);
#8996=FACE_BOUND('',#8415,.T.);
#8997=FACE_BOUND('',#8416,.T.);
#8998=FACE_BOUND('',#8417,.T.);
#8999=FACE_BOUND('',#8418,.T.);
#9000=FACE_BOUND('',#8419,.T.);
#9001=FACE_BOUND('',#8420,.T.);
#9002=FACE_BOUND('',#8421,.T.);
#9003=FACE_BOUND('',#8422,.T.);
#9004=FACE_BOUND('',#8423,.T.);
#9005=FACE_BOUND('',#8424,.T.);
#9006=FACE_BOUND('',#8425,.T.);
#9007=FACE_BOUND('',#8426,.T.);
#9008=FACE_BOUND('',#8427,.T.);
#9009=FACE_BOUND('',#8428,.T.);
#9010=FACE_BOUND('',#8429,.T.);
#9011=FACE_BOUND('',#8430,.T.);
#9012=FACE_BOUND('',#8431,.T.);
#9013=FACE_BOUND('',#8432,.T.);
#9014=FACE_BOUND('',#8433,.T.);
#9015=FACE_BOUND('',#8434,.T.);
#9016=FACE_BOUND('',#8435,.T.);
#9017=FACE_BOUND('',#8436,.T.);
#9018=FACE_BOUND('',#8437,.T.);
#9019=FACE_BOUND('',#8438,.T.);
#9020=FACE_BOUND('',#8439,.T.);
#9021=FACE_BOUND('',#8440,.T.);
#9022=FACE_BOUND('',#8441,.T.);
#9023=FACE_BOUND('',#8442,.T.);
#9024=FACE_BOUND('',#8443,.T.);
#9025=FACE_BOUND('',#8444,.T.);
#9026=FACE_BOUND('',#8445,.T.);
#9027=FACE_BOUND('',#8446,.T.);
#9028=FACE_BOUND('',#8447,.T.);
#9029=FACE_BOUND('',#8448,.T.);
#9030=FACE_BOUND('',#8449,.T.);
#9031=FACE_BOUND('',#8450,.T.);
#9032=FACE_BOUND('',#8451,.T.);
#9033=FACE_BOUND('',#8452,.T.);
#9034=FACE_BOUND('',#8453,.T.);
#9035=FACE_BOUND('',#8454,.T.);
#9036=FACE_BOUND('',#8455,.T.);
#9037=FACE_BOUND('',#8456,.T.);
#9038=FACE_BOUND('',#8457,.T.);
#9039=FACE_BOUND('',#8458,.T.);
#9040=FACE_BOUND('',#8459,.T.);
#9041=FACE_BOUND('',#8460,.T.);
#9042=FACE_BOUND('',#8461,.T.);
#9043=FACE_BOUND('',#8462,.T.);
#9044=FACE_BOUND('',#8463,.T.);
#9045=FACE_BOUND('',#8464,.T.);
#9046=FACE_BOUND('',#8465,.T.);
#9047=FACE_BOUND('',#8466,.T.);
#9048=FACE_BOUND('',#8467,.T.);
#9049=FACE_BOUND('',#8468,.T.);
#9050=FACE_BOUND('',#8469,.T.);
#9051=FACE_BOUND('',#8470,.T.);
#9052=FACE_BOUND('',#8471,.T.);
#9053=FACE_BOUND('',#8472,.T.);
#9054=FACE_BOUND('',#8473,.T.);
#9055=FACE_BOUND('',#8474,.T.);
#9056=FACE_BOUND('',#8475,.T.);
#9057=FACE_BOUND('',#8476,.T.);
#9058=FACE_BOUND('',#8477,.T.);
#9059=FACE_BOUND('',#8478,.T.);
#9060=FACE_BOUND('',#8479,.T.);
#9061=FACE_BOUND('',#8480,.T.);
#9062=FACE_BOUND('',#8481,.T.);
#9063=FACE_BOUND('',#8482,.T.);
#9064=FACE_BOUND('',#8483,.T.);
#9065=FACE_BOUND('',#8484,.T.);
#9066=FACE_BOUND('',#8485,.T.);
#9067=FACE_BOUND('',#8486,.T.);
#9068=FACE_BOUND('',#8487,.T.);
#9069=FACE_BOUND('',#8488,.T.);
#9070=FACE_BOUND('',#8489,.T.);
#9071=FACE_BOUND('',#8490,.T.);
#9072=FACE_BOUND('',#8491,.T.);
#9073=FACE_BOUND('',#8492,.T.);
#9074=FACE_BOUND('',#8493,.T.);
#9075=FACE_BOUND('',#8494,.T.);
#9076=FACE_BOUND('',#8495,.T.);
#9077=FACE_BOUND('',#8496,.T.);
#9078=FACE_BOUND('',#8497,.T.);
#9079=FACE_BOUND('',#8498,.T.);
#9080=FACE_BOUND('',#8499,.T.);
#9081=FACE_BOUND('',#8500,.T.);
#9082=FACE_BOUND('',#8501,.T.);
#9083=FACE_BOUND('',#8502,.T.);
#9084=FACE_BOUND('',#8503,.T.);
#9085=FACE_BOUND('',#8504,.T.);
#9086=FACE_BOUND('',#8505,.T.);
#9087=FACE_BOUND('',#8506,.T.);
#9088=FACE_BOUND('',#8507,.T.);
#9089=FACE_BOUND('',#8508,.T.);
#9090=FACE_BOUND('',#8509,.T.);
#9091=FACE_BOUND('',#8510,.T.);
#9092=FACE_BOUND('',#8511,.T.);
#9093=FACE_BOUND('',#8512,.T.);
#9094=FACE_BOUND('',#8513,.T.);
#9095=FACE_BOUND('',#8514,.T.);
#9096=FACE_BOUND('',#8515,.T.);
#9097=FACE_BOUND('',#8516,.T.);
#9098=FACE_BOUND('',#8517,.T.);
#9099=FACE_BOUND('',#8518,.T.);
#9100=FACE_BOUND('',#8519,.T.);
#9101=FACE_BOUND('',#8520,.T.);
#9102=FACE_BOUND('',#8521,.T.);
#9103=FACE_BOUND('',#8522,.T.);
#9104=FACE_BOUND('',#8523,.T.);
#9105=FACE_BOUND('',#8524,.T.);
#9106=FACE_BOUND('',#8525,.T.);
#9107=FACE_BOUND('',#8526,.T.);
#9108=FACE_BOUND('',#8527,.T.);
#9109=FACE_BOUND('',#8528,.T.);
#9110=FACE_BOUND('',#8529,.T.);
#9111=FACE_BOUND('',#8530,.T.);
#9112=FACE_BOUND('',#8531,.T.);
#9113=FACE_BOUND('',#8532,.T.);
#9114=FACE_BOUND('',#8533,.T.);
#9115=FACE_BOUND('',#8534,.T.);
#9116=FACE_BOUND('',#8535,.T.);
#9117=FACE_BOUND('',#8536,.T.);
#9118=FACE_BOUND('',#8537,.T.);
#9119=FACE_BOUND('',#8538,.T.);
#9120=FACE_BOUND('',#8539,.T.);
#9121=FACE_BOUND('',#8540,.T.);
#9122=FACE_BOUND('',#8541,.T.);
#9123=FACE_BOUND('',#8542,.T.);
#9124=FACE_BOUND('',#8543,.T.);
#9125=FACE_BOUND('',#8544,.T.);
#9126=FACE_BOUND('',#8545,.T.);
#9127=FACE_BOUND('',#8546,.T.);
#9128=FACE_BOUND('',#8547,.T.);
#9129=FACE_BOUND('',#8548,.T.);
#9130=FACE_BOUND('',#8549,.T.);
#9131=FACE_BOUND('',#8550,.T.);
#9132=FACE_BOUND('',#8551,.T.);
#9133=FACE_BOUND('',#8552,.T.);
#9134=FACE_BOUND('',#8553,.T.);
#9135=FACE_BOUND('',#8554,.T.);
#9136=FACE_BOUND('',#8555,.T.);
#9137=FACE_BOUND('',#8556,.T.);
#9138=FACE_BOUND('',#8557,.T.);
#9139=FACE_BOUND('',#8558,.T.);
#9140=FACE_BOUND('',#8559,.T.);
#9141=FACE_BOUND('',#8560,.T.);
#9142=FACE_BOUND('',#8561,.T.);
#9143=FACE_BOUND('',#8562,.T.);
#9144=FACE_BOUND('',#8563,.T.);
#9145=FACE_BOUND('',#8564,.T.);
#9146=FACE_BOUND('',#8565,.T.);
#9147=FACE_BOUND('',#8566,.T.);
#9148=FACE_BOUND('',#8567,.T.);
#9149=FACE_BOUND('',#8568,.T.);
#9150=FACE_BOUND('',#8569,.T.);
#9151=FACE_BOUND('',#8570,.T.);
#9152=FACE_BOUND('',#8571,.T.);
#9153=FACE_BOUND('',#8572,.T.);
#9154=FACE_BOUND('',#8573,.T.);
#9155=FACE_BOUND('',#8574,.T.);
#9156=FACE_BOUND('',#8575,.T.);
#9157=FACE_BOUND('',#8576,.T.);
#9158=FACE_BOUND('',#8577,.T.);
#9159=FACE_BOUND('',#8578,.T.);
#9160=FACE_BOUND('',#8579,.T.);
#9161=FACE_BOUND('',#8580,.T.);
#9162=FACE_BOUND('',#8581,.T.);
#9163=FACE_BOUND('',#8582,.T.);
#9164=FACE_BOUND('',#8583,.T.);
#9165=FACE_BOUND('',#8584,.T.);
#9166=FACE_BOUND('',#8585,.T.);
#9167=FACE_BOUND('',#8586,.T.);
#9168=FACE_BOUND('',#8587,.T.);
#9169=FACE_BOUND('',#8588,.T.);
#9170=FACE_BOUND('',#8589,.T.);
#9171=FACE_BOUND('',#8590,.T.);
#9172=FACE_BOUND('',#8591,.T.);
#9173=FACE_BOUND('',#8592,.T.);
#9174=FACE_BOUND('',#8593,.T.);
#9175=FACE_BOUND('',#8594,.T.);
#9176=FACE_BOUND('',#8595,.T.);
#9177=FACE_BOUND('',#8596,.T.);
#9178=FACE_BOUND('',#8597,.T.);
#9179=FACE_BOUND('',#8598,.T.);
#9180=FACE_BOUND('',#8599,.T.);
#9181=FACE_BOUND('',#8600,.T.);
#9182=FACE_BOUND('',#8601,.T.);
#9183=FACE_BOUND('',#8602,.T.);
#9184=FACE_BOUND('',#8603,.T.);
#9185=FACE_BOUND('',#8604,.T.);
#9186=FACE_BOUND('',#8605,.T.);
#9187=FACE_BOUND('',#8606,.T.);
#9188=FACE_BOUND('',#8607,.T.);
#9189=FACE_BOUND('',#8608,.T.);
#9190=FACE_BOUND('',#8609,.T.);
#9191=FACE_BOUND('',#8610,.T.);
#9192=FACE_BOUND('',#8611,.T.);
#9193=FACE_BOUND('',#8612,.T.);
#9194=FACE_BOUND('',#8613,.T.);
#9195=FACE_BOUND('',#8614,.T.);
#9196=FACE_BOUND('',#8615,.T.);
#9197=FACE_BOUND('',#8616,.T.);
#9198=FACE_BOUND('',#8617,.T.);
#9199=FACE_BOUND('',#8618,.T.);
#9200=PLANE('',#9984);
#9201=PLANE('',#10087);
#9202=PLANE('',#10090);
#9203=PLANE('',#10102);
#9204=PLANE('',#10105);
#9205=PLANE('',#10106);
#9206=PLANE('',#10107);
#9207=PLANE('',#10108);
#9208=PLANE('',#10109);
#9209=PLANE('',#10112);
#9210=PLANE('',#10113);
#9211=PLANE('',#10114);
#9212=PLANE('',#10117);
#9213=PLANE('',#10118);
#9214=PLANE('',#10119);
#9215=PLANE('',#10122);
#9216=PLANE('',#10125);
#9217=PLANE('',#10129);
#9218=PLANE('',#10130);
#9219=PLANE('',#10131);
#9220=PLANE('',#10132);
#9221=PLANE('',#10133);
#9222=PLANE('',#10134);
#9223=PLANE('',#10135);
#9224=PLANE('',#10136);
#9225=PLANE('',#10137);
#9226=PLANE('',#10138);
#9227=PLANE('',#10139);
#9228=PLANE('',#10142);
#9229=PLANE('',#10143);
#9230=PLANE('',#10147);
#9231=PLANE('',#10150);
#9232=PLANE('',#10151);
#9233=PLANE('',#10155);
#9234=PLANE('',#10156);
#9235=PLANE('',#10157);
#9236=PLANE('',#10158);
#9237=PLANE('',#10159);
#9238=PLANE('',#10160);
#9239=PLANE('',#10163);
#9240=PLANE('',#10164);
#9241=PLANE('',#10165);
#9242=PLANE('',#10174);
#9243=PLANE('',#10177);
#9244=PLANE('',#10178);
#9245=PLANE('',#10179);
#9246=PLANE('',#10180);
#9247=PLANE('',#10181);
#9248=PLANE('',#10184);
#9249=PLANE('',#10187);
#9250=PLANE('',#10190);
#9251=PLANE('',#10193);
#9252=PLANE('',#10202);
#9253=PLANE('',#10203);
#9254=PLANE('',#10204);
#9255=PLANE('',#10240);
#9256=PLANE('',#10269);
#9257=PLANE('',#10270);
#9258=PLANE('',#10292);
#9259=PLANE('',#10293);
#9260=PLANE('',#10294);
#9261=PLANE('',#10313);
#9262=PLANE('',#10344);
#9263=PLANE('',#10345);
#9264=PLANE('',#10378);
#9265=PLANE('',#10379);
#9266=PLANE('',#10380);
#9267=PLANE('',#10381);
#9268=PLANE('',#10382);
#9269=PLANE('',#10386);
#9270=PLANE('',#10387);
#9271=PLANE('',#10388);
#9272=PLANE('',#10389);
#9273=PLANE('',#10390);
#9274=PLANE('',#10397);
#9275=PLANE('',#10401);
#9276=PLANE('',#10405);
#9277=PLANE('',#10412);
#9278=PLANE('',#10416);
#9279=PLANE('',#10417);
#9280=PLANE('',#10421);
#9281=PLANE('',#10425);
#9282=PLANE('',#10429);
#9283=PLANE('',#10433);
#9284=PLANE('',#10434);
#9285=PLANE('',#10435);
#9286=PLANE('',#10445);
#9287=PLANE('',#10452);
#9288=PLANE('',#10459);
#9289=PLANE('',#10466);
#9290=PLANE('',#10473);
#9291=PLANE('',#10489);
#9292=PLANE('',#10490);
#9293=PLANE('',#10491);
#9294=PLANE('',#10498);
#9295=PLANE('',#10499);
#9296=PLANE('',#10500);
#9297=PLANE('',#10507);
#9298=PLANE('',#10517);
#9299=PLANE('',#10524);
#9300=PLANE('',#10528);
#9301=PLANE('',#10532);
#9302=PLANE('',#10536);
#9303=PLANE('',#10546);
#9304=PLANE('',#10556);
#9305=PLANE('',#10566);
#9306=PLANE('',#10585);
#9307=PLANE('',#10586);
#9308=PLANE('',#10589);
#9309=PLANE('',#10592);
#9310=PLANE('',#10593);
#9311=PLANE('',#10596);
#9312=PLANE('',#10597);
#9313=PLANE('',#10604);
#9314=PLANE('',#10609);
#9315=PLANE('',#10614);
#9316=PLANE('',#10619);
#9317=PLANE('',#10626);
#9318=PLANE('',#10629);
#9319=PLANE('',#10632);
#9320=PLANE('',#10635);
#9321=PLANE('',#10638);
#9322=PLANE('',#10641);
#9323=PLANE('',#10644);
#9324=PLANE('',#10645);
#9325=PLANE('',#10648);
#9326=PLANE('',#10649);
#9327=PLANE('',#10650);
#9328=PLANE('',#10651);
#9329=PLANE('',#10666);
#9330=PLANE('',#10667);
#9331=PLANE('',#10670);
#9332=PLANE('',#10671);
#9333=PLANE('',#10672);
#9334=PLANE('',#10673);
#9335=PLANE('',#10699);
#9336=PLANE('',#10700);
#9337=PLANE('',#10701);
#9338=PLANE('',#10702);
#9339=PLANE('',#10703);
#9340=PLANE('',#10704);
#9341=PLANE('',#10705);
#9342=PLANE('',#10706);
#9343=PLANE('',#10707);
#9344=PLANE('',#10708);
#9345=PLANE('',#10711);
#9346=PLANE('',#10712);
#9347=PLANE('',#10713);
#9348=PLANE('',#10716);
#9349=PLANE('',#10717);
#9350=PLANE('',#10718);
#9351=PLANE('',#10719);
#9352=PLANE('',#10720);
#9353=PLANE('',#10723);
#9354=PLANE('',#10726);
#9355=PLANE('',#10729);
#9356=PLANE('',#10730);
#9357=PLANE('',#10737);
#9358=PLANE('',#10752);
#9359=PLANE('',#10753);
#9360=PLANE('',#10754);
#9361=PLANE('',#10755);
#9362=PLANE('',#10762);
#9363=PLANE('',#10763);
#9364=PLANE('',#10764);
#9365=PLANE('',#10765);
#9366=PLANE('',#10766);
#9367=PLANE('',#10767);
#9368=PLANE('',#10768);
#9369=PLANE('',#10769);
#9370=PLANE('',#10770);
#9371=PLANE('',#10771);
#9372=PLANE('',#10775);
#9373=PLANE('',#10779);
#9374=PLANE('',#10780);
#9375=PLANE('',#10785);
#9376=PLANE('',#10786);
#9377=PLANE('',#10787);
#9378=PLANE('',#10791);
#9379=PLANE('',#10792);
#9380=PLANE('',#10793);
#9381=PLANE('',#10794);
#9382=PLANE('',#10795);
#9383=PLANE('',#10796);
#9384=PLANE('',#10797);
#9385=PLANE('',#10798);
#9386=PLANE('',#10799);
#9387=PLANE('',#10800);
#9388=PLANE('',#10801);
#9389=PLANE('',#10802);
#9390=PLANE('',#10803);
#9391=PLANE('',#10916);
#9392=PLANE('',#10917);
#9393=PLANE('',#10918);
#9394=PLANE('',#10931);
#9395=PLANE('',#10940);
#9396=PLANE('',#10977);
#9397=PLANE('',#10978);
#9398=PLANE('',#10979);
#9399=PLANE('',#10982);
#9400=PLANE('',#10985);
#9401=PLANE('',#10988);
#9402=PLANE('',#10989);
#9403=PLANE('',#10996);
#9404=PLANE('',#10999);
#9405=PLANE('',#11014);
#9406=PLANE('',#11015);
#9407=PLANE('',#11016);
#9408=PLANE('',#11017);
#9409=PLANE('',#11020);
#9410=PLANE('',#11021);
#9411=PLANE('',#11022);
#9412=PLANE('',#11023);
#9413=PLANE('',#11024);
#9414=PLANE('',#11025);
#9415=PLANE('',#11026);
#9416=PLANE('',#11027);
#9417=PLANE('',#11028);
#9418=PLANE('',#11029);
#9419=PLANE('',#11030);
#9420=PLANE('',#11031);
#9421=PLANE('',#11034);
#9422=PLANE('',#11037);
#9423=PLANE('',#11038);
#9424=PLANE('',#11039);
#9425=PLANE('',#11088);
#9426=PLANE('',#11089);
#9427=PLANE('',#11110);
#9428=PLANE('',#11113);
#9429=PLANE('',#11122);
#9430=PLANE('',#11135);
#9431=PLANE('',#11136);
#9432=PLANE('',#11137);
#9433=ADVANCED_FACE('',(#8619,#8620,#8621,#8622,#8623,#8624,#8625),#9200,
 .F.);
#9434=ADVANCED_FACE('',(#8626),#9201,.F.);
#9435=ADVANCED_FACE('',(#8627),#9202,.T.);
#9436=ADVANCED_FACE('',(#8628),#329,.T.);
#9437=ADVANCED_FACE('',(#8629),#330,.T.);
#9438=ADVANCED_FACE('',(#8630),#331,.T.);
#9439=ADVANCED_FACE('',(#8631),#332,.T.);
#9440=ADVANCED_FACE('',(#8632),#333,.T.);
#9441=ADVANCED_FACE('',(#8633),#334,.T.);
#9442=ADVANCED_FACE('',(#8634),#335,.T.);
#9443=ADVANCED_FACE('',(#8635),#336,.T.);
#9444=ADVANCED_FACE('',(#8636),#9203,.T.);
#9445=ADVANCED_FACE('',(#8637),#9204,.F.);
#9446=ADVANCED_FACE('',(#8638),#9205,.F.);
#9447=ADVANCED_FACE('',(#8639),#9206,.T.);
#9448=ADVANCED_FACE('',(#8640),#9207,.T.);
#9449=ADVANCED_FACE('',(#8641),#9208,.T.);
#9450=ADVANCED_FACE('',(#8642),#9209,.T.);
#9451=ADVANCED_FACE('',(#8643),#9210,.T.);
#9452=ADVANCED_FACE('',(#8644),#9211,.T.);
#9453=ADVANCED_FACE('',(#8645),#9212,.F.);
#9454=ADVANCED_FACE('',(#8646),#9213,.F.);
#9455=ADVANCED_FACE('',(#8647),#9214,.T.);
#9456=ADVANCED_FACE('',(#8648),#9215,.T.);
#9457=ADVANCED_FACE('',(#8649),#9216,.T.);
#9458=ADVANCED_FACE('',(#8650),#9217,.F.);
#9459=ADVANCED_FACE('',(#8651),#9218,.F.);
#9460=ADVANCED_FACE('',(#8652),#9219,.T.);
#9461=ADVANCED_FACE('',(#8653),#9220,.T.);
#9462=ADVANCED_FACE('',(#8654),#9221,.T.);
#9463=ADVANCED_FACE('',(#8655),#9222,.T.);
#9464=ADVANCED_FACE('',(#8656),#9223,.F.);
#9465=ADVANCED_FACE('',(#8657),#9224,.F.);
#9466=ADVANCED_FACE('',(#8658),#9225,.F.);
#9467=ADVANCED_FACE('',(#8659),#9226,.T.);
#9468=ADVANCED_FACE('',(#8660),#9227,.T.);
#9469=ADVANCED_FACE('',(#8661),#9228,.T.);
#9470=ADVANCED_FACE('',(#8662),#9229,.T.);
#9471=ADVANCED_FACE('',(#8663),#9230,.T.);
#9472=ADVANCED_FACE('',(#8664),#9231,.F.);
#9473=ADVANCED_FACE('',(#8665),#9232,.T.);
#9474=ADVANCED_FACE('',(#8666),#9233,.T.);
#9475=ADVANCED_FACE('',(#8667),#9234,.T.);
#9476=ADVANCED_FACE('',(#8668),#9235,.F.);
#9477=ADVANCED_FACE('',(#8669),#9236,.F.);
#9478=ADVANCED_FACE('',(#8670),#9237,.F.);
#9479=ADVANCED_FACE('',(#8671),#9238,.T.);
#9480=ADVANCED_FACE('',(#8672),#9239,.T.);
#9481=ADVANCED_FACE('',(#8673),#9240,.T.);
#9482=ADVANCED_FACE('',(#8674,#8675),#9241,.T.);
#9483=ADVANCED_FACE('',(#8676),#9242,.T.);
#9484=ADVANCED_FACE('',(#8677),#9243,.T.);
#9485=ADVANCED_FACE('',(#8678),#9244,.T.);
#9486=ADVANCED_FACE('',(#8679),#9245,.F.);
#9487=ADVANCED_FACE('',(#8680),#9246,.F.);
#9488=ADVANCED_FACE('',(#8681),#9247,.T.);
#9489=ADVANCED_FACE('',(#8682,#8683),#14,.T.);
#9490=ADVANCED_FACE('',(#8684),#9248,.T.);
#9491=ADVANCED_FACE('',(#8685,#8686),#15,.T.);
#9492=ADVANCED_FACE('',(#8687),#9249,.T.);
#9493=ADVANCED_FACE('',(#8688,#8689),#16,.T.);
#9494=ADVANCED_FACE('',(#8690),#9250,.T.);
#9495=ADVANCED_FACE('',(#8691,#8692),#17,.T.);
#9496=ADVANCED_FACE('',(#8693),#9251,.T.);
#9497=ADVANCED_FACE('',(#8694),#18,.T.);
#9498=ADVANCED_FACE('',(#8695),#19,.T.);
#9499=ADVANCED_FACE('',(#8696),#20,.T.);
#9500=ADVANCED_FACE('',(#8697),#21,.T.);
#9501=ADVANCED_FACE('',(#8698),#22,.T.);
#9502=ADVANCED_FACE('',(#8699),#23,.T.);
#9503=ADVANCED_FACE('',(#8700),#24,.T.);
#9504=ADVANCED_FACE('',(#8701),#25,.T.);
#9505=ADVANCED_FACE('',(#8702),#9252,.F.);
#9506=ADVANCED_FACE('',(#8703),#9253,.F.);
#9507=ADVANCED_FACE('',(#8704),#9254,.T.);
#9508=ADVANCED_FACE('',(#8705),#26,.T.);
#9509=ADVANCED_FACE('',(#8706),#12,.T.);
#9510=ADVANCED_FACE('',(#8707),#27,.T.);
#9511=ADVANCED_FACE('',(#8708),#13,.T.);
#9512=ADVANCED_FACE('',(#8709),#28,.T.);
#9513=ADVANCED_FACE('',(#8710),#29,.F.);
#9514=ADVANCED_FACE('',(#8711),#30,.F.);
#9515=ADVANCED_FACE('',(#8712),#31,.F.);
#9516=ADVANCED_FACE('',(#8713),#32,.T.);
#9517=ADVANCED_FACE('',(#8714),#33,.T.);
#9518=ADVANCED_FACE('',(#8715),#34,.T.);
#9519=ADVANCED_FACE('',(#8716),#35,.F.);
#9520=ADVANCED_FACE('',(#8717),#36,.T.);
#9521=ADVANCED_FACE('',(#8718),#37,.F.);
#9522=ADVANCED_FACE('',(#8719),#38,.F.);
#9523=ADVANCED_FACE('',(#8720),#39,.F.);
#9524=ADVANCED_FACE('',(#8721),#40,.F.);
#9525=ADVANCED_FACE('',(#8722),#41,.F.);
#9526=ADVANCED_FACE('',(#8723),#9255,.T.);
#9527=ADVANCED_FACE('',(#8724),#42,.F.);
#9528=ADVANCED_FACE('',(#8725),#43,.F.);
#9529=ADVANCED_FACE('',(#8726),#44,.T.);
#9530=ADVANCED_FACE('',(#8727),#45,.F.);
#9531=ADVANCED_FACE('',(#8728),#46,.F.);
#9532=ADVANCED_FACE('',(#8729),#47,.F.);
#9533=ADVANCED_FACE('',(#8730),#48,.F.);
#9534=ADVANCED_FACE('',(#8731),#49,.F.);
#9535=ADVANCED_FACE('',(#8732),#50,.F.);
#9536=ADVANCED_FACE('',(#8733),#51,.F.);
#9537=ADVANCED_FACE('',(#8734),#52,.F.);
#9538=ADVANCED_FACE('',(#8735),#53,.T.);
#9539=ADVANCED_FACE('',(#8736),#54,.F.);
#9540=ADVANCED_FACE('',(#8737),#55,.F.);
#9541=ADVANCED_FACE('',(#8738),#9256,.F.);
#9542=ADVANCED_FACE('',(#8739),#9257,.F.);
#9543=ADVANCED_FACE('',(#8740),#56,.F.);
#9544=ADVANCED_FACE('',(#8741),#57,.F.);
#9545=ADVANCED_FACE('',(#8742),#58,.T.);
#9546=ADVANCED_FACE('',(#8743),#59,.T.);
#9547=ADVANCED_FACE('',(#8744),#60,.T.);
#9548=ADVANCED_FACE('',(#8745),#61,.T.);
#9549=ADVANCED_FACE('',(#8746),#62,.T.);
#9550=ADVANCED_FACE('',(#8747),#63,.F.);
#9551=ADVANCED_FACE('',(#8748,#8749,#8750),#9258,.T.);
#9552=ADVANCED_FACE('',(#8751),#9259,.F.);
#9553=ADVANCED_FACE('',(#8752),#9260,.F.);
#9554=ADVANCED_FACE('',(#8753),#64,.F.);
#9555=ADVANCED_FACE('',(#8754),#65,.F.);
#9556=ADVANCED_FACE('',(#8755),#66,.F.);
#9557=ADVANCED_FACE('',(#8756),#67,.T.);
#9558=ADVANCED_FACE('',(#8757),#68,.F.);
#9559=ADVANCED_FACE('',(#8758),#69,.F.);
#9560=ADVANCED_FACE('',(#8759),#70,.F.);
#9561=ADVANCED_FACE('',(#8760),#71,.F.);
#9562=ADVANCED_FACE('',(#8761),#72,.F.);
#9563=ADVANCED_FACE('',(#8762),#9261,.T.);
#9564=ADVANCED_FACE('',(#8763),#73,.T.);
#9565=ADVANCED_FACE('',(#8764),#74,.F.);
#9566=ADVANCED_FACE('',(#8765),#75,.F.);
#9567=ADVANCED_FACE('',(#8766),#76,.F.);
#9568=ADVANCED_FACE('',(#8767),#77,.F.);
#9569=ADVANCED_FACE('',(#8768),#78,.F.);
#9570=ADVANCED_FACE('',(#8769),#79,.F.);
#9571=ADVANCED_FACE('',(#8770),#80,.F.);
#9572=ADVANCED_FACE('',(#8771),#81,.T.);
#9573=ADVANCED_FACE('',(#8772),#82,.T.);
#9574=ADVANCED_FACE('',(#8773),#83,.T.);
#9575=ADVANCED_FACE('',(#8774),#84,.T.);
#9576=ADVANCED_FACE('',(#8775),#85,.F.);
#9577=ADVANCED_FACE('',(#8776,#8777),#9262,.T.);
#9578=ADVANCED_FACE('',(#8778),#9263,.F.);
#9579=ADVANCED_FACE('',(#8779),#86,.F.);
#9580=ADVANCED_FACE('',(#8780),#87,.F.);
#9581=ADVANCED_FACE('',(#8781),#88,.F.);
#9582=ADVANCED_FACE('',(#8782),#89,.F.);
#9583=ADVANCED_FACE('',(#8783),#90,.F.);
#9584=ADVANCED_FACE('',(#8784),#91,.F.);
#9585=ADVANCED_FACE('',(#8785),#92,.F.);
#9586=ADVANCED_FACE('',(#8786),#93,.F.);
#9587=ADVANCED_FACE('',(#8787),#94,.F.);
#9588=ADVANCED_FACE('',(#8788),#95,.T.);
#9589=ADVANCED_FACE('',(#8789),#96,.T.);
#9590=ADVANCED_FACE('',(#8790),#97,.T.);
#9591=ADVANCED_FACE('',(#8791),#98,.T.);
#9592=ADVANCED_FACE('',(#8792),#99,.F.);
#9593=ADVANCED_FACE('',(#8793,#8794),#9264,.T.);
#9594=ADVANCED_FACE('',(#8795),#9265,.F.);
#9595=ADVANCED_FACE('',(#8796),#9266,.T.);
#9596=ADVANCED_FACE('',(#8797),#9267,.T.);
#9597=ADVANCED_FACE('',(#8798),#9268,.T.);
#9598=ADVANCED_FACE('',(#8799),#100,.T.);
#9599=ADVANCED_FACE('',(#8800),#9269,.T.);
#9600=ADVANCED_FACE('',(#8801),#9270,.T.);
#9601=ADVANCED_FACE('',(#8802),#9271,.T.);
#9602=ADVANCED_FACE('',(#8803),#9272,.T.);
#9603=ADVANCED_FACE('',(#8804),#9273,.T.);
#9604=ADVANCED_FACE('',(#8805),#101,.T.);
#9605=ADVANCED_FACE('',(#8806),#102,.T.);
#9606=ADVANCED_FACE('',(#8807),#9274,.T.);
#9607=ADVANCED_FACE('',(#8808),#103,.T.);
#9608=ADVANCED_FACE('',(#8809),#9275,.T.);
#9609=ADVANCED_FACE('',(#8810),#104,.T.);
#9610=ADVANCED_FACE('',(#8811),#9276,.T.);
#9611=ADVANCED_FACE('',(#8812),#105,.T.);
#9612=ADVANCED_FACE('',(#8813),#106,.F.);
#9613=ADVANCED_FACE('',(#8814),#9277,.T.);
#9614=ADVANCED_FACE('',(#8815),#107,.T.);
#9615=ADVANCED_FACE('',(#8816),#9278,.T.);
#9616=ADVANCED_FACE('',(#8817),#9279,.T.);
#9617=ADVANCED_FACE('',(#8818),#108,.T.);
#9618=ADVANCED_FACE('',(#8819),#9280,.T.);
#9619=ADVANCED_FACE('',(#8820),#109,.T.);
#9620=ADVANCED_FACE('',(#8821),#9281,.T.);
#9621=ADVANCED_FACE('',(#8822),#110,.T.);
#9622=ADVANCED_FACE('',(#8823),#9282,.T.);
#9623=ADVANCED_FACE('',(#8824),#111,.T.);
#9624=ADVANCED_FACE('',(#8825),#9283,.T.);
#9625=ADVANCED_FACE('',(#8826),#9284,.T.);
#9626=ADVANCED_FACE('',(#8827),#9285,.T.);
#9627=ADVANCED_FACE('',(#8828),#112,.T.);
#9628=ADVANCED_FACE('',(#8829),#113,.F.);
#9629=ADVANCED_FACE('',(#8830),#114,.T.);
#9630=ADVANCED_FACE('',(#8831),#9286,.T.);
#9631=ADVANCED_FACE('',(#8832),#115,.T.);
#9632=ADVANCED_FACE('',(#8833),#116,.F.);
#9633=ADVANCED_FACE('',(#8834),#9287,.T.);
#9634=ADVANCED_FACE('',(#8835),#117,.F.);
#9635=ADVANCED_FACE('',(#8836),#118,.F.);
#9636=ADVANCED_FACE('',(#8837),#9288,.T.);
#9637=ADVANCED_FACE('',(#8838),#119,.T.);
#9638=ADVANCED_FACE('',(#8839),#120,.T.);
#9639=ADVANCED_FACE('',(#8840),#9289,.T.);
#9640=ADVANCED_FACE('',(#8841),#121,.F.);
#9641=ADVANCED_FACE('',(#8842),#122,.T.);
#9642=ADVANCED_FACE('',(#8843),#9290,.T.);
#9643=ADVANCED_FACE('',(#8844),#123,.T.);
#9644=ADVANCED_FACE('',(#8845),#124,.T.);
#9645=ADVANCED_FACE('',(#8846),#125,.T.);
#9646=ADVANCED_FACE('',(#8847),#126,.T.);
#9647=ADVANCED_FACE('',(#8848),#127,.F.);
#9648=ADVANCED_FACE('',(#8849),#9291,.T.);
#9649=ADVANCED_FACE('',(#8850),#9292,.F.);
#9650=ADVANCED_FACE('',(#8851),#9293,.F.);
#9651=ADVANCED_FACE('',(#8852),#128,.T.);
#9652=ADVANCED_FACE('',(#8853),#129,.T.);
#9653=ADVANCED_FACE('',(#8854),#9294,.F.);
#9654=ADVANCED_FACE('',(#8855),#9295,.F.);
#9655=ADVANCED_FACE('',(#8856),#9296,.F.);
#9656=ADVANCED_FACE('',(#8857),#130,.T.);
#9657=ADVANCED_FACE('',(#8858),#131,.T.);
#9658=ADVANCED_FACE('',(#8859),#9297,.F.);
#9659=ADVANCED_FACE('',(#8860),#132,.T.);
#9660=ADVANCED_FACE('',(#8861),#133,.T.);
#9661=ADVANCED_FACE('',(#8862),#134,.T.);
#9662=ADVANCED_FACE('',(#8863),#9298,.T.);
#9663=ADVANCED_FACE('',(#8864),#135,.T.);
#9664=ADVANCED_FACE('',(#8865),#136,.T.);
#9665=ADVANCED_FACE('',(#8866),#9299,.T.);
#9666=ADVANCED_FACE('',(#8867),#137,.T.);
#9667=ADVANCED_FACE('',(#8868),#9300,.T.);
#9668=ADVANCED_FACE('',(#8869),#138,.T.);
#9669=ADVANCED_FACE('',(#8870),#9301,.T.);
#9670=ADVANCED_FACE('',(#8871),#139,.T.);
#9671=ADVANCED_FACE('',(#8872),#9302,.T.);
#9672=ADVANCED_FACE('',(#8873),#140,.T.);
#9673=ADVANCED_FACE('',(#8874),#141,.F.);
#9674=ADVANCED_FACE('',(#8875),#142,.F.);
#9675=ADVANCED_FACE('',(#8876),#9303,.T.);
#9676=ADVANCED_FACE('',(#8877),#143,.T.);
#9677=ADVANCED_FACE('',(#8878),#144,.F.);
#9678=ADVANCED_FACE('',(#8879),#145,.F.);
#9679=ADVANCED_FACE('',(#8880),#9304,.T.);
#9680=ADVANCED_FACE('',(#8881),#146,.T.);
#9681=ADVANCED_FACE('',(#8882),#147,.T.);
#9682=ADVANCED_FACE('',(#8883),#148,.T.);
#9683=ADVANCED_FACE('',(#8884),#9305,.T.);
#9684=ADVANCED_FACE('',(#8885),#149,.T.);
#9685=ADVANCED_FACE('',(#8886),#150,.T.);
#9686=ADVANCED_FACE('',(#8887),#151,.T.);
#9687=ADVANCED_FACE('',(#8888),#152,.T.);
#9688=ADVANCED_FACE('',(#8889),#153,.T.);
#9689=ADVANCED_FACE('',(#8890),#154,.T.);
#9690=ADVANCED_FACE('',(#8891),#155,.T.);
#9691=ADVANCED_FACE('',(#8892),#156,.F.);
#9692=ADVANCED_FACE('',(#8893),#9306,.T.);
#9693=ADVANCED_FACE('',(#8894),#9307,.T.);
#9694=ADVANCED_FACE('',(#8895),#157,.F.);
#9695=ADVANCED_FACE('',(#8896),#9308,.T.);
#9696=ADVANCED_FACE('',(#8897),#158,.T.);
#9697=ADVANCED_FACE('',(#8898),#9309,.T.);
#9698=ADVANCED_FACE('',(#8899),#9310,.T.);
#9699=ADVANCED_FACE('',(#8900),#159,.T.);
#9700=ADVANCED_FACE('',(#8901),#9311,.T.);
#9701=ADVANCED_FACE('',(#8902),#9312,.T.);
#9702=ADVANCED_FACE('',(#8903),#160,.F.);
#9703=ADVANCED_FACE('',(#8904),#161,.T.);
#9704=ADVANCED_FACE('',(#8905),#162,.F.);
#9705=ADVANCED_FACE('',(#8906),#9313,.T.);
#9706=ADVANCED_FACE('',(#8907),#163,.F.);
#9707=ADVANCED_FACE('',(#8908),#164,.F.);
#9708=ADVANCED_FACE('',(#8909),#9314,.T.);
#9709=ADVANCED_FACE('',(#8910),#165,.T.);
#9710=ADVANCED_FACE('',(#8911),#166,.F.);
#9711=ADVANCED_FACE('',(#8912),#9315,.T.);
#9712=ADVANCED_FACE('',(#8913),#167,.T.);
#9713=ADVANCED_FACE('',(#8914),#168,.T.);
#9714=ADVANCED_FACE('',(#8915),#9316,.T.);
#9715=ADVANCED_FACE('',(#8916),#169,.T.);
#9716=ADVANCED_FACE('',(#8917),#170,.T.);
#9717=ADVANCED_FACE('',(#8918),#171,.F.);
#9718=ADVANCED_FACE('',(#8919),#9317,.T.);
#9719=ADVANCED_FACE('',(#8920),#172,.F.);
#9720=ADVANCED_FACE('',(#8921),#9318,.T.);
#9721=ADVANCED_FACE('',(#8922),#173,.F.);
#9722=ADVANCED_FACE('',(#8923),#9319,.T.);
#9723=ADVANCED_FACE('',(#8924),#174,.F.);
#9724=ADVANCED_FACE('',(#8925),#9320,.T.);
#9725=ADVANCED_FACE('',(#8926),#175,.F.);
#9726=ADVANCED_FACE('',(#8927),#9321,.T.);
#9727=ADVANCED_FACE('',(#8928),#176,.F.);
#9728=ADVANCED_FACE('',(#8929),#9322,.T.);
#9729=ADVANCED_FACE('',(#8930),#177,.F.);
#9730=ADVANCED_FACE('',(#8931),#9323,.T.);
#9731=ADVANCED_FACE('',(#8932),#9324,.T.);
#9732=ADVANCED_FACE('',(#8933),#178,.T.);
#9733=ADVANCED_FACE('',(#8934),#9325,.F.);
#9734=ADVANCED_FACE('',(#8935),#9326,.F.);
#9735=ADVANCED_FACE('',(#8936),#9327,.F.);
#9736=ADVANCED_FACE('',(#8937),#9328,.F.);
#9737=ADVANCED_FACE('',(#8938),#179,.F.);
#9738=ADVANCED_FACE('',(#8939),#180,.F.);
#9739=ADVANCED_FACE('',(#8940),#181,.F.);
#9740=ADVANCED_FACE('',(#8941),#182,.F.);
#9741=ADVANCED_FACE('',(#8942),#183,.T.);
#9742=ADVANCED_FACE('',(#8943),#184,.F.);
#9743=ADVANCED_FACE('',(#8944),#185,.F.);
#9744=ADVANCED_FACE('',(#8945),#9329,.T.);
#9745=ADVANCED_FACE('',(#8946),#9330,.T.);
#9746=ADVANCED_FACE('',(#8947),#186,.T.);
#9747=ADVANCED_FACE('',(#8948),#9331,.T.);
#9748=ADVANCED_FACE('',(#8949,#8950,#8951,#8952),#9332,.T.);
#9749=ADVANCED_FACE('',(#8953),#9333,.F.);
#9750=ADVANCED_FACE('',(#8954,#8955,#8956,#8957,#8958,#8959,#8960,#8961,
#8962,#8963),#9334,.F.);
#9751=ADVANCED_FACE('',(#8964),#9335,.F.);
#9752=ADVANCED_FACE('',(#8965),#9336,.F.);
#9753=ADVANCED_FACE('',(#8966),#9337,.F.);
#9754=ADVANCED_FACE('',(#8967),#9338,.F.);
#9755=ADVANCED_FACE('',(#8968),#9339,.F.);
#9756=ADVANCED_FACE('',(#8969),#9340,.F.);
#9757=ADVANCED_FACE('',(#8970),#9341,.F.);
#9758=ADVANCED_FACE('',(#8971),#9342,.T.);
#9759=ADVANCED_FACE('',(#8972),#9343,.F.);
#9760=ADVANCED_FACE('',(#8973),#9344,.F.);
#9761=ADVANCED_FACE('',(#8974),#187,.T.);
#9762=ADVANCED_FACE('',(#8975),#9345,.F.);
#9763=ADVANCED_FACE('',(#8976),#9346,.F.);
#9764=ADVANCED_FACE('',(#8977),#9347,.F.);
#9765=ADVANCED_FACE('',(#8978),#188,.F.);
#9766=ADVANCED_FACE('',(#8979),#9348,.F.);
#9767=ADVANCED_FACE('',(#8980),#9349,.F.);
#9768=ADVANCED_FACE('',(#8981),#9350,.F.);
#9769=ADVANCED_FACE('',(#8982),#9351,.T.);
#9770=ADVANCED_FACE('',(#8983),#9352,.F.);
#9771=ADVANCED_FACE('',(#8984),#189,.F.);
#9772=ADVANCED_FACE('',(#8985),#9353,.F.);
#9773=ADVANCED_FACE('',(#8986),#190,.F.);
#9774=ADVANCED_FACE('',(#8987),#9354,.F.);
#9775=ADVANCED_FACE('',(#8988),#191,.F.);
#9776=ADVANCED_FACE('',(#8989),#9355,.F.);
#9777=ADVANCED_FACE('',(#8990),#9356,.F.);
#9778=ADVANCED_FACE('',(#8991),#192,.T.);
#9779=ADVANCED_FACE('',(#8992),#193,.T.);
#9780=ADVANCED_FACE('',(#8993),#194,.T.);
#9781=ADVANCED_FACE('',(#8994),#9357,.F.);
#9782=ADVANCED_FACE('',(#8995),#195,.T.);
#9783=ADVANCED_FACE('',(#8996),#196,.T.);
#9784=ADVANCED_FACE('',(#8997),#197,.F.);
#9785=ADVANCED_FACE('',(#8998),#198,.T.);
#9786=ADVANCED_FACE('',(#8999),#199,.F.);
#9787=ADVANCED_FACE('',(#9000,#9001),#9358,.T.);
#9788=ADVANCED_FACE('',(#9002),#9359,.F.);
#9789=ADVANCED_FACE('',(#9003),#9360,.F.);
#9790=ADVANCED_FACE('',(#9004),#9361,.F.);
#9791=ADVANCED_FACE('',(#9005),#200,.F.);
#9792=ADVANCED_FACE('',(#9006),#201,.F.);
#9793=ADVANCED_FACE('',(#9007),#202,.F.);
#9794=ADVANCED_FACE('',(#9008),#9362,.F.);
#9795=ADVANCED_FACE('',(#9009),#9363,.F.);
#9796=ADVANCED_FACE('',(#9010),#9364,.F.);
#9797=ADVANCED_FACE('',(#9011),#9365,.F.);
#9798=ADVANCED_FACE('',(#9012),#9366,.F.);
#9799=ADVANCED_FACE('',(#9013),#9367,.F.);
#9800=ADVANCED_FACE('',(#9014),#9368,.F.);
#9801=ADVANCED_FACE('',(#9015),#9369,.F.);
#9802=ADVANCED_FACE('',(#9016),#9370,.F.);
#9803=ADVANCED_FACE('',(#9017),#9371,.T.);
#9804=ADVANCED_FACE('',(#9018),#203,.T.);
#9805=ADVANCED_FACE('',(#9019),#9372,.F.);
#9806=ADVANCED_FACE('',(#9020),#204,.T.);
#9807=ADVANCED_FACE('',(#9021),#9373,.T.);
#9808=ADVANCED_FACE('',(#9022),#9374,.T.);
#9809=ADVANCED_FACE('',(#9023),#205,.F.);
#9810=ADVANCED_FACE('',(#9024),#206,.F.);
#9811=ADVANCED_FACE('',(#9025),#9375,.T.);
#9812=ADVANCED_FACE('',(#9026),#9376,.T.);
#9813=ADVANCED_FACE('',(#9027),#9377,.T.);
#9814=ADVANCED_FACE('',(#9028),#207,.T.);
#9815=ADVANCED_FACE('',(#9029,#9030),#9378,.T.);
#9816=ADVANCED_FACE('',(#9031),#9379,.F.);
#9817=ADVANCED_FACE('',(#9032),#9380,.F.);
#9818=ADVANCED_FACE('',(#9033),#9381,.F.);
#9819=ADVANCED_FACE('',(#9034),#9382,.F.);
#9820=ADVANCED_FACE('',(#9035),#9383,.F.);
#9821=ADVANCED_FACE('',(#9036),#9384,.F.);
#9822=ADVANCED_FACE('',(#9037),#9385,.F.);
#9823=ADVANCED_FACE('',(#9038),#9386,.F.);
#9824=ADVANCED_FACE('',(#9039),#9387,.F.);
#9825=ADVANCED_FACE('',(#9040),#9388,.F.);
#9826=ADVANCED_FACE('',(#9041,#9042),#9389,.T.);
#9827=ADVANCED_FACE('',(#9043,#9044,#9045,#9046,#9047,#9048,#9049,#9050,
#9051),#9390,.F.);
#9828=ADVANCED_FACE('',(#9052),#208,.F.);
#9829=ADVANCED_FACE('',(#9053),#209,.F.);
#9830=ADVANCED_FACE('',(#9054),#210,.F.);
#9831=ADVANCED_FACE('',(#9055),#211,.F.);
#9832=ADVANCED_FACE('',(#9056),#212,.F.);
#9833=ADVANCED_FACE('',(#9057),#213,.F.);
#9834=ADVANCED_FACE('',(#9058),#214,.T.);
#9835=ADVANCED_FACE('',(#9059),#215,.F.);
#9836=ADVANCED_FACE('',(#9060),#216,.F.);
#9837=ADVANCED_FACE('',(#9061),#217,.T.);
#9838=ADVANCED_FACE('',(#9062),#218,.T.);
#9839=ADVANCED_FACE('',(#9063),#219,.T.);
#9840=ADVANCED_FACE('',(#9064),#220,.T.);
#9841=ADVANCED_FACE('',(#9065),#221,.T.);
#9842=ADVANCED_FACE('',(#9066),#222,.T.);
#9843=ADVANCED_FACE('',(#9067),#223,.T.);
#9844=ADVANCED_FACE('',(#9068),#224,.T.);
#9845=ADVANCED_FACE('',(#9069),#225,.F.);
#9846=ADVANCED_FACE('',(#9070,#9071,#9072),#9391,.T.);
#9847=ADVANCED_FACE('',(#9073),#9392,.F.);
#9848=ADVANCED_FACE('',(#9074),#9393,.F.);
#9849=ADVANCED_FACE('',(#9075),#226,.F.);
#9850=ADVANCED_FACE('',(#9076),#227,.F.);
#9851=ADVANCED_FACE('',(#9077),#228,.F.);
#9852=ADVANCED_FACE('',(#9078),#229,.F.);
#9853=ADVANCED_FACE('',(#9079),#230,.T.);
#9854=ADVANCED_FACE('',(#9080),#231,.F.);
#9855=ADVANCED_FACE('',(#9081),#9394,.T.);
#9856=ADVANCED_FACE('',(#9082),#232,.F.);
#9857=ADVANCED_FACE('',(#9083),#233,.F.);
#9858=ADVANCED_FACE('',(#9084),#234,.F.);
#9859=ADVANCED_FACE('',(#9085),#235,.F.);
#9860=ADVANCED_FACE('',(#9086),#9395,.T.);
#9861=ADVANCED_FACE('',(#9087),#236,.F.);
#9862=ADVANCED_FACE('',(#9088),#237,.F.);
#9863=ADVANCED_FACE('',(#9089),#238,.T.);
#9864=ADVANCED_FACE('',(#9090),#239,.T.);
#9865=ADVANCED_FACE('',(#9091),#240,.T.);
#9866=ADVANCED_FACE('',(#9092),#241,.F.);
#9867=ADVANCED_FACE('',(#9093),#242,.F.);
#9868=ADVANCED_FACE('',(#9094),#243,.F.);
#9869=ADVANCED_FACE('',(#9095),#244,.F.);
#9870=ADVANCED_FACE('',(#9096),#245,.F.);
#9871=ADVANCED_FACE('',(#9097),#246,.F.);
#9872=ADVANCED_FACE('',(#9098),#247,.T.);
#9873=ADVANCED_FACE('',(#9099),#248,.T.);
#9874=ADVANCED_FACE('',(#9100),#249,.T.);
#9875=ADVANCED_FACE('',(#9101),#250,.T.);
#9876=ADVANCED_FACE('',(#9102),#251,.F.);
#9877=ADVANCED_FACE('',(#9103,#9104),#9396,.T.);
#9878=ADVANCED_FACE('',(#9105),#9397,.F.);
#9879=ADVANCED_FACE('',(#9106),#9398,.T.);
#9880=ADVANCED_FACE('',(#9107),#252,.F.);
#9881=ADVANCED_FACE('',(#9108),#9399,.T.);
#9882=ADVANCED_FACE('',(#9109),#253,.F.);
#9883=ADVANCED_FACE('',(#9110),#9400,.T.);
#9884=ADVANCED_FACE('',(#9111),#254,.F.);
#9885=ADVANCED_FACE('',(#9112),#9401,.T.);
#9886=ADVANCED_FACE('',(#9113),#9402,.T.);
#9887=ADVANCED_FACE('',(#9114),#255,.T.);
#9888=ADVANCED_FACE('',(#9115),#256,.T.);
#9889=ADVANCED_FACE('',(#9116),#257,.T.);
#9890=ADVANCED_FACE('',(#9117),#9403,.T.);
#9891=ADVANCED_FACE('',(#9118),#258,.F.);
#9892=ADVANCED_FACE('',(#9119),#9404,.T.);
#9893=ADVANCED_FACE('',(#9120),#259,.T.);
#9894=ADVANCED_FACE('',(#9121),#260,.T.);
#9895=ADVANCED_FACE('',(#9122),#261,.T.);
#9896=ADVANCED_FACE('',(#9123),#262,.T.);
#9897=ADVANCED_FACE('',(#9124),#263,.F.);
#9898=ADVANCED_FACE('',(#9125,#9126),#9405,.T.);
#9899=ADVANCED_FACE('',(#9127),#9406,.F.);
#9900=ADVANCED_FACE('',(#9128),#9407,.F.);
#9901=ADVANCED_FACE('',(#9129),#9408,.F.);
#9902=ADVANCED_FACE('',(#9130),#264,.F.);
#9903=ADVANCED_FACE('',(#9131),#9409,.F.);
#9904=ADVANCED_FACE('',(#9132),#9410,.F.);
#9905=ADVANCED_FACE('',(#9133),#9411,.F.);
#9906=ADVANCED_FACE('',(#9134),#9412,.F.);
#9907=ADVANCED_FACE('',(#9135),#9413,.F.);
#9908=ADVANCED_FACE('',(#9136),#9414,.F.);
#9909=ADVANCED_FACE('',(#9137),#9415,.F.);
#9910=ADVANCED_FACE('',(#9138),#9416,.F.);
#9911=ADVANCED_FACE('',(#9139),#9417,.T.);
#9912=ADVANCED_FACE('',(#9140),#9418,.T.);
#9913=ADVANCED_FACE('',(#9141),#9419,.T.);
#9914=ADVANCED_FACE('',(#9142),#9420,.T.);
#9915=ADVANCED_FACE('',(#9143),#265,.T.);
#9916=ADVANCED_FACE('',(#9144),#9421,.T.);
#9917=ADVANCED_FACE('',(#9145),#266,.F.);
#9918=ADVANCED_FACE('',(#9146),#9422,.T.);
#9919=ADVANCED_FACE('',(#9147),#9423,.T.);
#9920=ADVANCED_FACE('',(#9148),#9424,.T.);
#9921=ADVANCED_FACE('',(#9149),#267,.F.);
#9922=ADVANCED_FACE('',(#9150),#268,.F.);
#9923=ADVANCED_FACE('',(#9151),#269,.T.);
#9924=ADVANCED_FACE('',(#9152),#270,.T.);
#9925=ADVANCED_FACE('',(#9153),#271,.T.);
#9926=ADVANCED_FACE('',(#9154),#272,.T.);
#9927=ADVANCED_FACE('',(#9155),#273,.F.);
#9928=ADVANCED_FACE('',(#9156),#274,.F.);
#9929=ADVANCED_FACE('',(#9157),#275,.F.);
#9930=ADVANCED_FACE('',(#9158),#276,.F.);
#9931=ADVANCED_FACE('',(#9159),#277,.F.);
#9932=ADVANCED_FACE('',(#9160),#278,.F.);
#9933=ADVANCED_FACE('',(#9161),#279,.F.);
#9934=ADVANCED_FACE('',(#9162),#280,.F.);
#9935=ADVANCED_FACE('',(#9163),#281,.T.);
#9936=ADVANCED_FACE('',(#9164),#282,.T.);
#9937=ADVANCED_FACE('',(#9165),#283,.F.);
#9938=ADVANCED_FACE('',(#9166),#284,.F.);
#9939=ADVANCED_FACE('',(#9167),#285,.T.);
#9940=ADVANCED_FACE('',(#9168),#286,.T.);
#9941=ADVANCED_FACE('',(#9169),#287,.F.);
#9942=ADVANCED_FACE('',(#9170,#9171),#9425,.T.);
#9943=ADVANCED_FACE('',(#9172),#9426,.F.);
#9944=ADVANCED_FACE('',(#9173),#288,.F.);
#9945=ADVANCED_FACE('',(#9174),#289,.F.);
#9946=ADVANCED_FACE('',(#9175),#290,.F.);
#9947=ADVANCED_FACE('',(#9176),#291,.F.);
#9948=ADVANCED_FACE('',(#9177),#292,.F.);
#9949=ADVANCED_FACE('',(#9178),#293,.T.);
#9950=ADVANCED_FACE('',(#9179),#294,.F.);
#9951=ADVANCED_FACE('',(#9180),#295,.F.);
#9952=ADVANCED_FACE('',(#9181),#296,.F.);
#9953=ADVANCED_FACE('',(#9182),#297,.T.);
#9954=ADVANCED_FACE('',(#9183),#9427,.T.);
#9955=ADVANCED_FACE('',(#9184),#298,.F.);
#9956=ADVANCED_FACE('',(#9185),#9428,.F.);
#9957=ADVANCED_FACE('',(#9186),#299,.F.);
#9958=ADVANCED_FACE('',(#9187),#300,.T.);
#9959=ADVANCED_FACE('',(#9188),#301,.T.);
#9960=ADVANCED_FACE('',(#9189),#302,.F.);
#9961=ADVANCED_FACE('',(#9190),#9429,.T.);
#9962=ADVANCED_FACE('',(#9191),#303,.T.);
#9963=ADVANCED_FACE('',(#9192),#304,.F.);
#9964=ADVANCED_FACE('',(#9193),#305,.T.);
#9965=ADVANCED_FACE('',(#9194),#306,.F.);
#9966=ADVANCED_FACE('',(#9195),#307,.F.);
#9967=ADVANCED_FACE('',(#9196),#308,.F.);
#9968=ADVANCED_FACE('',(#9197),#9430,.T.);
#9969=ADVANCED_FACE('',(#9198),#9431,.F.);
#9970=ADVANCED_FACE('',(#9199),#9432,.F.);
#9971=CLOSED_SHELL('',(#9433,#9434,#9435,#9436,#9437,#9438,#9439,#9440,
#9441,#9442,#9443,#9444,#9445,#9446,#9447,#9448,#9449,#9450,#9451,#9452,
#9453,#9454,#9455,#9456,#9457,#9458,#9459,#9460,#9461,#9462,#9463,#9464,
#9465,#9466,#9467,#9468,#9469,#9470,#9471,#9472,#9473,#9474,#9475,#9476,
#9477,#9478,#9479,#9480,#9481,#9482,#9483,#9484,#9485,#9486,#9487,#9488,
#9489,#9490,#9491,#9492,#9493,#9494,#9495,#9496,#9497,#9498,#9499,#9500,
#9501,#9502,#9503,#9504,#9505,#9506,#9507,#9508,#9509,#9510,#9511,#9512,
#9513,#9514,#9515,#9516,#9517,#9518,#9519,#9520,#9521,#9522,#9523,#9524,
#9525,#9526,#9527,#9528,#9529,#9530,#9531,#9532,#9533,#9534,#9535,#9536,
#9537,#9538,#9539,#9540,#9541,#9542,#9543,#9544,#9545,#9546,#9547,#9548,
#9549,#9550,#9551,#9552,#9553,#9554,#9555,#9556,#9557,#9558,#9559,#9560,
#9561,#9562,#9563,#9564,#9565,#9566,#9567,#9568,#9569,#9570,#9571,#9572,
#9573,#9574,#9575,#9576,#9577,#9578,#9579,#9580,#9581,#9582,#9583,#9584,
#9585,#9586,#9587,#9588,#9589,#9590,#9591,#9592,#9593,#9594,#9595,#9596,
#9597,#9598,#9599,#9600,#9601,#9602,#9603,#9604,#9605,#9606,#9607,#9608,
#9609,#9610,#9611,#9612,#9613,#9614,#9615,#9616,#9617,#9618,#9619,#9620,
#9621,#9622,#9623,#9624,#9625,#9626,#9627,#9628,#9629,#9630,#9631,#9632,
#9633,#9634,#9635,#9636,#9637,#9638,#9639,#9640,#9641,#9642,#9643,#9644,
#9645,#9646,#9647,#9648,#9649,#9650,#9651,#9652,#9653,#9654,#9655,#9656,
#9657,#9658,#9659,#9660,#9661,#9662,#9663,#9664,#9665,#9666,#9667,#9668,
#9669,#9670,#9671,#9672,#9673,#9674,#9675,#9676,#9677,#9678,#9679,#9680,
#9681,#9682,#9683,#9684,#9685,#9686,#9687,#9688,#9689,#9690,#9691,#9692,
#9693,#9694,#9695,#9696,#9697,#9698,#9699,#9700,#9701,#9702,#9703,#9704,
#9705,#9706,#9707,#9708,#9709,#9710,#9711,#9712,#9713,#9714,#9715,#9716,
#9717,#9718,#9719,#9720,#9721,#9722,#9723,#9724,#9725,#9726,#9727,#9728,
#9729,#9730,#9731,#9732,#9733,#9734,#9735,#9736,#9737,#9738,#9739,#9740,
#9741,#9742,#9743,#9744,#9745,#9746,#9747,#9748,#9749,#9750,#9751,#9752,
#9753,#9754,#9755,#9756,#9757,#9758,#9759,#9760,#9761,#9762,#9763,#9764,
#9765,#9766,#9767,#9768,#9769,#9770,#9771,#9772,#9773,#9774,#9775,#9776,
#9777,#9778,#9779,#9780,#9781,#9782,#9783,#9784,#9785,#9786,#9787,#9788,
#9789,#9790,#9791,#9792,#9793,#9794,#9795,#9796,#9797,#9798,#9799,#9800,
#9801,#9802,#9803,#9804,#9805,#9806,#9807,#9808,#9809,#9810,#9811,#9812,
#9813,#9814,#9815,#9816,#9817,#9818,#9819,#9820,#9821,#9822,#9823,#9824,
#9825,#9826,#9827,#9828,#9829,#9830,#9831,#9832,#9833,#9834,#9835,#9836,
#9837,#9838,#9839,#9840,#9841,#9842,#9843,#9844,#9845,#9846,#9847,#9848,
#9849,#9850,#9851,#9852,#9853,#9854,#9855,#9856,#9857,#9858,#9859,#9860,
#9861,#9862,#9863,#9864,#9865,#9866,#9867,#9868,#9869,#9870,#9871,#9872,
#9873,#9874,#9875,#9876,#9877,#9878,#9879,#9880,#9881,#9882,#9883,#9884,
#9885,#9886,#9887,#9888,#9889,#9890,#9891,#9892,#9893,#9894,#9895,#9896,
#9897,#9898,#9899,#9900,#9901,#9902,#9903,#9904,#9905,#9906,#9907,#9908,
#9909,#9910,#9911,#9912,#9913,#9914,#9915,#9916,#9917,#9918,#9919,#9920,
#9921,#9922,#9923,#9924,#9925,#9926,#9927,#9928,#9929,#9930,#9931,#9932,
#9933,#9934,#9935,#9936,#9937,#9938,#9939,#9940,#9941,#9942,#9943,#9944,
#9945,#9946,#9947,#9948,#9949,#9950,#9951,#9952,#9953,#9954,#9955,#9956,
#9957,#9958,#9959,#9960,#9961,#9962,#9963,#9964,#9965,#9966,#9967,#9968,
#9969,#9970));
#9972=STYLED_ITEM('',(#9973),#9980);
#9973=PRESENTATION_STYLE_ASSIGNMENT((#9974));
#9974=SURFACE_STYLE_USAGE(.BOTH.,#9975);
#9975=SURFACE_SIDE_STYLE('',(#9976));
#9976=SURFACE_STYLE_FILL_AREA(#9977);
#9977=FILL_AREA_STYLE('',(#9978));
#9978=FILL_AREA_STYLE_COLOUR('',#9979);
#9979=COLOUR_RGB('',0.984313725490196,0.768627450980392,0.188235294117647);
#9980=MANIFOLD_SOLID_BREP('Part 1',#9971);
#9981=SHAPE_DEFINITION_REPRESENTATION(#17432,#9982);
#9982=SHAPE_REPRESENTATION('Part 1',(#9983),#17427);
#9983=AXIS2_PLACEMENT_3D('',#14287,#11138,#11139);
#9984=AXIS2_PLACEMENT_3D('',#14288,#11140,#11141);
#9985=AXIS2_PLACEMENT_3D('',#14289,#11142,#11143);
#9986=AXIS2_PLACEMENT_3D('',#14292,#11144,#11145);
#9987=AXIS2_PLACEMENT_3D('',#14294,#11146,#11147);
#9988=AXIS2_PLACEMENT_3D('',#14296,#11148,#11149);
#9989=AXIS2_PLACEMENT_3D('',#14298,#11150,#11151);
#9990=AXIS2_PLACEMENT_3D('',#14300,#11152,#11153);
#9991=AXIS2_PLACEMENT_3D('',#14302,#11154,#11155);
#9992=AXIS2_PLACEMENT_3D('',#14304,#11156,#11157);
#9993=AXIS2_PLACEMENT_3D('',#14306,#11158,#11159);
#9994=AXIS2_PLACEMENT_3D('',#14307,#11160,#11161);
#9995=AXIS2_PLACEMENT_3D('',#14310,#11162,#11163);
#9996=AXIS2_PLACEMENT_3D('',#14312,#11164,#11165);
#9997=AXIS2_PLACEMENT_3D('',#14314,#11166,#11167);
#9998=AXIS2_PLACEMENT_3D('',#14316,#11168,#11169);
#9999=AXIS2_PLACEMENT_3D('',#14318,#11170,#11171);
#10000=AXIS2_PLACEMENT_3D('',#14320,#11172,#11173);
#10001=AXIS2_PLACEMENT_3D('',#14322,#11174,#11175);
#10002=AXIS2_PLACEMENT_3D('',#14324,#11176,#11177);
#10003=AXIS2_PLACEMENT_3D('',#14325,#11178,#11179);
#10004=AXIS2_PLACEMENT_3D('',#14328,#11180,#11181);
#10005=AXIS2_PLACEMENT_3D('',#14330,#11182,#11183);
#10006=AXIS2_PLACEMENT_3D('',#14332,#11184,#11185);
#10007=AXIS2_PLACEMENT_3D('',#14334,#11186,#11187);
#10008=AXIS2_PLACEMENT_3D('',#14340,#11190,#11191);
#10009=AXIS2_PLACEMENT_3D('',#14342,#11192,#11193);
#10010=AXIS2_PLACEMENT_3D('',#14344,#11194,#11195);
#10011=AXIS2_PLACEMENT_3D('',#14346,#11196,#11197);
#10012=AXIS2_PLACEMENT_3D('',#14348,#11198,#11199);
#10013=AXIS2_PLACEMENT_3D('',#14350,#11200,#11201);
#10014=AXIS2_PLACEMENT_3D('',#14352,#11202,#11203);
#10015=AXIS2_PLACEMENT_3D('',#14354,#11204,#11205);
#10016=AXIS2_PLACEMENT_3D('',#14356,#11206,#11207);
#10017=AXIS2_PLACEMENT_3D('',#14358,#11208,#11209);
#10018=AXIS2_PLACEMENT_3D('',#14360,#11210,#11211);
#10019=AXIS2_PLACEMENT_3D('',#14362,#11212,#11213);
#10020=AXIS2_PLACEMENT_3D('',#14363,#11214,#11215);
#10021=AXIS2_PLACEMENT_3D('',#14366,#11216,#11217);
#10022=AXIS2_PLACEMENT_3D('',#14368,#11218,#11219);
#10023=AXIS2_PLACEMENT_3D('',#14370,#11220,#11221);
#10024=AXIS2_PLACEMENT_3D('',#14372,#11222,#11223);
#10025=AXIS2_PLACEMENT_3D('',#14374,#11224,#11225);
#10026=AXIS2_PLACEMENT_3D('',#14376,#11226,#11227);
#10027=AXIS2_PLACEMENT_3D('',#14378,#11228,#11229);
#10028=AXIS2_PLACEMENT_3D('',#14380,#11230,#11231);
#10029=AXIS2_PLACEMENT_3D('',#14382,#11232,#11233);
#10030=AXIS2_PLACEMENT_3D('',#14384,#11234,#11235);
#10031=AXIS2_PLACEMENT_3D('',#14386,#11236,#11237);
#10032=AXIS2_PLACEMENT_3D('',#14388,#11238,#11239);
#10033=AXIS2_PLACEMENT_3D('',#14389,#11240,#11241);
#10034=AXIS2_PLACEMENT_3D('',#14392,#11242,#11243);
#10035=AXIS2_PLACEMENT_3D('',#14396,#11245,#11246);
#10036=AXIS2_PLACEMENT_3D('',#14398,#11247,#11248);
#10037=AXIS2_PLACEMENT_3D('',#14402,#11250,#11251);
#10038=AXIS2_PLACEMENT_3D('',#14404,#11252,#11253);
#10039=AXIS2_PLACEMENT_3D('',#14408,#11255,#11256);
#10040=AXIS2_PLACEMENT_3D('',#14410,#11257,#11258);
#10041=AXIS2_PLACEMENT_3D('',#14413,#11260,#11261);
#10042=AXIS2_PLACEMENT_3D('',#14416,#11262,#11263);
#10043=AXIS2_PLACEMENT_3D('',#14418,#11264,#11265);
#10044=AXIS2_PLACEMENT_3D('',#14420,#11266,#11267);
#10045=AXIS2_PLACEMENT_3D('',#14422,#11268,#11269);
#10046=AXIS2_PLACEMENT_3D('',#14424,#11270,#11271);
#10047=AXIS2_PLACEMENT_3D('',#14426,#11272,#11273);
#10048=AXIS2_PLACEMENT_3D('',#14428,#11274,#11275);
#10049=AXIS2_PLACEMENT_3D('',#14430,#11276,#11277);
#10050=AXIS2_PLACEMENT_3D('',#14432,#11278,#11279);
#10051=AXIS2_PLACEMENT_3D('',#14433,#11280,#11281);
#10052=AXIS2_PLACEMENT_3D('',#14436,#11282,#11283);
#10053=AXIS2_PLACEMENT_3D('',#14438,#11284,#11285);
#10054=AXIS2_PLACEMENT_3D('',#14440,#11286,#11287);
#10055=AXIS2_PLACEMENT_3D('',#14442,#11288,#11289);
#10056=AXIS2_PLACEMENT_3D('',#14444,#11290,#11291);
#10057=AXIS2_PLACEMENT_3D('',#14446,#11292,#11293);
#10058=AXIS2_PLACEMENT_3D('',#14448,#11294,#11295);
#10059=AXIS2_PLACEMENT_3D('',#14450,#11296,#11297);
#10060=AXIS2_PLACEMENT_3D('',#14460,#11302,#11303);
#10061=AXIS2_PLACEMENT_3D('',#14466,#11306,#11307);
#10062=AXIS2_PLACEMENT_3D('',#14470,#11309,#11310);
#10063=AXIS2_PLACEMENT_3D('',#14474,#11312,#11313);
#10064=AXIS2_PLACEMENT_3D('',#14478,#11315,#11316);
#10065=AXIS2_PLACEMENT_3D('',#14482,#11318,#11319);
#10066=AXIS2_PLACEMENT_3D('',#14486,#11321,#11322);
#10067=AXIS2_PLACEMENT_3D('',#14490,#11324,#11325);
#10068=AXIS2_PLACEMENT_3D('',#14492,#11326,#11327);
#10069=AXIS2_PLACEMENT_3D('',#14494,#11328,#11329);
#10070=AXIS2_PLACEMENT_3D('',#14498,#11331,#11332);
#10071=AXIS2_PLACEMENT_3D('',#14500,#11333,#11334);
#10072=AXIS2_PLACEMENT_3D('',#14504,#11336,#11337);
#10073=AXIS2_PLACEMENT_3D('',#14506,#11338,#11339);
#10074=AXIS2_PLACEMENT_3D('',#14510,#11341,#11342);
#10075=AXIS2_PLACEMENT_3D('',#14512,#11343,#11344);
#10076=AXIS2_PLACEMENT_3D('',#14516,#11346,#11347);
#10077=AXIS2_PLACEMENT_3D('',#14518,#11348,#11349);
#10078=AXIS2_PLACEMENT_3D('',#14520,#11350,#11351);
#10079=AXIS2_PLACEMENT_3D('',#14526,#11354,#11355);
#10080=AXIS2_PLACEMENT_3D('',#14532,#11358,#11359);
#10081=AXIS2_PLACEMENT_3D('',#14536,#11361,#11362);
#10082=AXIS2_PLACEMENT_3D('',#14542,#11365,#11366);
#10083=AXIS2_PLACEMENT_3D('',#14544,#11367,#11368);
#10084=AXIS2_PLACEMENT_3D('',#14546,#11369,#11370);
#10085=AXIS2_PLACEMENT_3D('',#14548,#11371,#11372);
#10086=AXIS2_PLACEMENT_3D('',#14550,#11373,#11374);
#10087=AXIS2_PLACEMENT_3D('',#14551,#11375,#11376);
#10088=AXIS2_PLACEMENT_3D('',#14557,#11379,#11380);
#10089=AXIS2_PLACEMENT_3D('',#14561,#11382,#11383);
#10090=AXIS2_PLACEMENT_3D('',#14572,#11389,#11390);
#10091=AXIS2_PLACEMENT_3D('',#14576,#11392,#11393);
#10092=AXIS2_PLACEMENT_3D('',#14577,#11394,#11395);
#10093=AXIS2_PLACEMENT_3D('',#14581,#11397,#11398);
#10094=AXIS2_PLACEMENT_3D('',#14584,#11400,#11401);
#10095=AXIS2_PLACEMENT_3D('',#14604,#11404,#11405);
#10096=AXIS2_PLACEMENT_3D('',#14621,#11408,#11409);
#10097=AXIS2_PLACEMENT_3D('',#14641,#11412,#11413);
#10098=AXIS2_PLACEMENT_3D('',#14658,#11416,#11417);
#10099=AXIS2_PLACEMENT_3D('',#14678,#11420,#11421);
#10100=AXIS2_PLACEMENT_3D('',#14695,#11424,#11425);
#10101=AXIS2_PLACEMENT_3D('',#14715,#11428,#11429);
#10102=AXIS2_PLACEMENT_3D('',#14732,#11432,#11433);
#10103=AXIS2_PLACEMENT_3D('',#14733,#11434,#11435);
#10104=AXIS2_PLACEMENT_3D('',#14738,#11437,#11438);
#10105=AXIS2_PLACEMENT_3D('',#14741,#11440,#11441);
#10106=AXIS2_PLACEMENT_3D('',#14747,#11445,#11446);
#10107=AXIS2_PLACEMENT_3D('',#14756,#11451,#11452);
#10108=AXIS2_PLACEMENT_3D('',#14765,#11457,#11458);
#10109=AXIS2_PLACEMENT_3D('',#14774,#11463,#11464);
#10110=AXIS2_PLACEMENT_3D('',#14775,#11465,#11466);
#10111=AXIS2_PLACEMENT_3D('',#14779,#11468,#11469);
#10112=AXIS2_PLACEMENT_3D('',#14780,#11470,#11471);
#10113=AXIS2_PLACEMENT_3D('',#14794,#11479,#11480);
#10114=AXIS2_PLACEMENT_3D('',#14803,#11485,#11486);
#10115=AXIS2_PLACEMENT_3D('',#14804,#11487,#11488);
#10116=AXIS2_PLACEMENT_3D('',#14808,#11490,#11491);
#10117=AXIS2_PLACEMENT_3D('',#14809,#11492,#11493);
#10118=AXIS2_PLACEMENT_3D('',#14818,#11498,#11499);
#10119=AXIS2_PLACEMENT_3D('',#14827,#11504,#11505);
#10120=AXIS2_PLACEMENT_3D('',#14828,#11506,#11507);
#10121=AXIS2_PLACEMENT_3D('',#14830,#11508,#11509);
#10122=AXIS2_PLACEMENT_3D('',#14833,#11511,#11512);
#10123=AXIS2_PLACEMENT_3D('',#14834,#11513,#11514);
#10124=AXIS2_PLACEMENT_3D('',#14836,#11515,#11516);
#10125=AXIS2_PLACEMENT_3D('',#14839,#11518,#11519);
#10126=AXIS2_PLACEMENT_3D('',#14840,#11520,#11521);
#10127=AXIS2_PLACEMENT_3D('',#14844,#11523,#11524);
#10128=AXIS2_PLACEMENT_3D('',#14848,#11526,#11527);
#10129=AXIS2_PLACEMENT_3D('',#14849,#11528,#11529);
#10130=AXIS2_PLACEMENT_3D('',#14858,#11534,#11535);
#10131=AXIS2_PLACEMENT_3D('',#14861,#11538,#11539);
#10132=AXIS2_PLACEMENT_3D('',#14867,#11543,#11544);
#10133=AXIS2_PLACEMENT_3D('',#14876,#11549,#11550);
#10134=AXIS2_PLACEMENT_3D('',#14882,#11554,#11555);
#10135=AXIS2_PLACEMENT_3D('',#14884,#11557,#11558);
#10136=AXIS2_PLACEMENT_3D('',#14887,#11561,#11562);
#10137=AXIS2_PLACEMENT_3D('',#14893,#11566,#11567);
#10138=AXIS2_PLACEMENT_3D('',#14896,#11570,#11571);
#10139=AXIS2_PLACEMENT_3D('',#14899,#11574,#11575);
#10140=AXIS2_PLACEMENT_3D('',#14900,#11576,#11577);
#10141=AXIS2_PLACEMENT_3D('',#14901,#11578,#11579);
#10142=AXIS2_PLACEMENT_3D('',#14902,#11580,#11581);
#10143=AXIS2_PLACEMENT_3D('',#14911,#11586,#11587);
#10144=AXIS2_PLACEMENT_3D('',#14912,#11588,#11589);
#10145=AXIS2_PLACEMENT_3D('',#14913,#11590,#11591);
#10146=AXIS2_PLACEMENT_3D('',#14914,#11592,#11593);
#10147=AXIS2_PLACEMENT_3D('',#14915,#11594,#11595);
#10148=AXIS2_PLACEMENT_3D('',#14916,#11596,#11597);
#10149=AXIS2_PLACEMENT_3D('',#14919,#11599,#11600);
#10150=AXIS2_PLACEMENT_3D('',#14920,#11601,#11602);
#10151=AXIS2_PLACEMENT_3D('',#14922,#11604,#11605);
#10152=AXIS2_PLACEMENT_3D('',#14923,#11606,#11607);
#10153=AXIS2_PLACEMENT_3D('',#14927,#11609,#11610);
#10154=AXIS2_PLACEMENT_3D('',#14931,#11612,#11613);
#10155=AXIS2_PLACEMENT_3D('',#14932,#11614,#11615);
#10156=AXIS2_PLACEMENT_3D('',#14935,#11618,#11619);
#10157=AXIS2_PLACEMENT_3D('',#14941,#11623,#11624);
#10158=AXIS2_PLACEMENT_3D('',#14944,#11627,#11628);
#10159=AXIS2_PLACEMENT_3D('',#14953,#11633,#11634);
#10160=AXIS2_PLACEMENT_3D('',#14955,#11636,#11637);
#10161=AXIS2_PLACEMENT_3D('',#14956,#11638,#11639);
#10162=AXIS2_PLACEMENT_3D('',#14957,#11640,#11641);
#10163=AXIS2_PLACEMENT_3D('',#14958,#11642,#11643);
#10164=AXIS2_PLACEMENT_3D('',#14961,#11646,#11647);
#10165=AXIS2_PLACEMENT_3D('',#14963,#11649,#11650);
#10166=AXIS2_PLACEMENT_3D('',#14964,#11651,#11652);
#10167=AXIS2_PLACEMENT_3D('',#14965,#11653,#11654);
#10168=AXIS2_PLACEMENT_3D('',#14966,#11655,#11656);
#10169=AXIS2_PLACEMENT_3D('',#14967,#11657,#11658);
#10170=AXIS2_PLACEMENT_3D('',#14968,#11659,#11660);
#10171=AXIS2_PLACEMENT_3D('',#14969,#11661,#11662);
#10172=AXIS2_PLACEMENT_3D('',#14970,#11663,#11664);
#10173=AXIS2_PLACEMENT_3D('',#14971,#11665,#11666);
#10174=AXIS2_PLACEMENT_3D('',#14980,#11671,#11672);
#10175=AXIS2_PLACEMENT_3D('',#14981,#11673,#11674);
#10176=AXIS2_PLACEMENT_3D('',#14982,#11675,#11676);
#10177=AXIS2_PLACEMENT_3D('',#14983,#11677,#11678);
#10178=AXIS2_PLACEMENT_3D('',#14989,#11682,#11683);
#10179=AXIS2_PLACEMENT_3D('',#14993,#11686,#11687);
#10180=AXIS2_PLACEMENT_3D('',#14997,#11690,#11691);
#10181=AXIS2_PLACEMENT_3D('',#14999,#11693,#11694);
#10182=AXIS2_PLACEMENT_3D('',#15000,#11695,#11696);
#10183=AXIS2_PLACEMENT_3D('',#15017,#11697,#11698);
#10184=AXIS2_PLACEMENT_3D('',#15019,#11699,#11700);
#10185=AXIS2_PLACEMENT_3D('',#15020,#11701,#11702);
#10186=AXIS2_PLACEMENT_3D('',#15037,#11703,#11704);
#10187=AXIS2_PLACEMENT_3D('',#15039,#11705,#11706);
#10188=AXIS2_PLACEMENT_3D('',#15040,#11707,#11708);
#10189=AXIS2_PLACEMENT_3D('',#15056,#11709,#11710);
#10190=AXIS2_PLACEMENT_3D('',#15058,#11711,#11712);
#10191=AXIS2_PLACEMENT_3D('',#15059,#11713,#11714);
#10192=AXIS2_PLACEMENT_3D('',#15076,#11715,#11716);
#10193=AXIS2_PLACEMENT_3D('',#15078,#11717,#11718);
#10194=AXIS2_PLACEMENT_3D('',#15079,#11719,#11720);
#10195=AXIS2_PLACEMENT_3D('',#15080,#11721,#11722);
#10196=AXIS2_PLACEMENT_3D('',#15081,#11723,#11724);
#10197=AXIS2_PLACEMENT_3D('',#15082,#11725,#11726);
#10198=AXIS2_PLACEMENT_3D('',#15083,#11727,#11728);
#10199=AXIS2_PLACEMENT_3D('',#15084,#11729,#11730);
#10200=AXIS2_PLACEMENT_3D('',#15085,#11731,#11732);
#10201=AXIS2_PLACEMENT_3D('',#15086,#11733,#11734);
#10202=AXIS2_PLACEMENT_3D('',#15087,#11735,#11736);
#10203=AXIS2_PLACEMENT_3D('',#15091,#11739,#11740);
#10204=AXIS2_PLACEMENT_3D('',#15095,#11743,#11744);
#10205=AXIS2_PLACEMENT_3D('',#15097,#11746,#11747);
#10206=AXIS2_PLACEMENT_3D('',#15098,#11748,#11749);
#10207=AXIS2_PLACEMENT_3D('',#15099,#11750,#11751);
#10208=AXIS2_PLACEMENT_3D('',#15100,#11752,#11753);
#10209=AXIS2_PLACEMENT_3D('',#15101,#11754,#11755);
#10210=AXIS2_PLACEMENT_3D('',#15102,#11756,#11757);
#10211=AXIS2_PLACEMENT_3D('',#15103,#11758,#11759);
#10212=AXIS2_PLACEMENT_3D('',#15104,#11760,#11761);
#10213=AXIS2_PLACEMENT_3D('',#15105,#11762,#11763);
#10214=AXIS2_PLACEMENT_3D('',#15106,#11764,#11765);
#10215=AXIS2_PLACEMENT_3D('',#15109,#11767,#11768);
#10216=AXIS2_PLACEMENT_3D('',#15112,#11770,#11771);
#10217=AXIS2_PLACEMENT_3D('',#15115,#11773,#11774);
#10218=AXIS2_PLACEMENT_3D('',#15116,#11775,#11776);
#10219=AXIS2_PLACEMENT_3D('',#15119,#11778,#11779);
#10220=AXIS2_PLACEMENT_3D('',#15120,#11780,#11781);
#10221=AXIS2_PLACEMENT_3D('',#15123,#11783,#11784);
#10222=AXIS2_PLACEMENT_3D('',#15124,#11785,#11786);
#10223=AXIS2_PLACEMENT_3D('',#15127,#11788,#11789);
#10224=AXIS2_PLACEMENT_3D('',#15128,#11790,#11791);
#10225=AXIS2_PLACEMENT_3D('',#15131,#11793,#11794);
#10226=AXIS2_PLACEMENT_3D('',#15132,#11795,#11796);
#10227=AXIS2_PLACEMENT_3D('',#15135,#11798,#11799);
#10228=AXIS2_PLACEMENT_3D('',#15136,#11800,#11801);
#10229=AXIS2_PLACEMENT_3D('',#15139,#11803,#11804);
#10230=AXIS2_PLACEMENT_3D('',#15140,#11805,#11806);
#10231=AXIS2_PLACEMENT_3D('',#15143,#11808,#11809);
#10232=AXIS2_PLACEMENT_3D('',#15144,#11810,#11811);
#10233=AXIS2_PLACEMENT_3D('',#15147,#11813,#11814);
#10234=AXIS2_PLACEMENT_3D('',#15148,#11815,#11816);
#10235=AXIS2_PLACEMENT_3D('',#15151,#11818,#11819);
#10236=AXIS2_PLACEMENT_3D('',#15152,#11820,#11821);
#10237=AXIS2_PLACEMENT_3D('',#15155,#11823,#11824);
#10238=AXIS2_PLACEMENT_3D('',#15156,#11825,#11826);
#10239=AXIS2_PLACEMENT_3D('',#15157,#11827,#11828);
#10240=AXIS2_PLACEMENT_3D('',#15158,#11829,#11830);
#10241=AXIS2_PLACEMENT_3D('',#15159,#11831,#11832);
#10242=AXIS2_PLACEMENT_3D('',#15162,#11834,#11835);
#10243=AXIS2_PLACEMENT_3D('',#15165,#11837,#11838);
#10244=AXIS2_PLACEMENT_3D('',#15168,#11840,#11841);
#10245=AXIS2_PLACEMENT_3D('',#15169,#11842,#11843);
#10246=AXIS2_PLACEMENT_3D('',#15172,#11845,#11846);
#10247=AXIS2_PLACEMENT_3D('',#15173,#11847,#11848);
#10248=AXIS2_PLACEMENT_3D('',#15176,#11850,#11851);
#10249=AXIS2_PLACEMENT_3D('',#15177,#11852,#11853);
#10250=AXIS2_PLACEMENT_3D('',#15180,#11855,#11856);
#10251=AXIS2_PLACEMENT_3D('',#15181,#11857,#11858);
#10252=AXIS2_PLACEMENT_3D('',#15184,#11860,#11861);
#10253=AXIS2_PLACEMENT_3D('',#15185,#11862,#11863);
#10254=AXIS2_PLACEMENT_3D('',#15188,#11865,#11866);
#10255=AXIS2_PLACEMENT_3D('',#15189,#11867,#11868);
#10256=AXIS2_PLACEMENT_3D('',#15192,#11870,#11871);
#10257=AXIS2_PLACEMENT_3D('',#15193,#11872,#11873);
#10258=AXIS2_PLACEMENT_3D('',#15196,#11875,#11876);
#10259=AXIS2_PLACEMENT_3D('',#15197,#11877,#11878);
#10260=AXIS2_PLACEMENT_3D('',#15200,#11880,#11881);
#10261=AXIS2_PLACEMENT_3D('',#15201,#11882,#11883);
#10262=AXIS2_PLACEMENT_3D('',#15204,#11885,#11886);
#10263=AXIS2_PLACEMENT_3D('',#15205,#11887,#11888);
#10264=AXIS2_PLACEMENT_3D('',#15208,#11890,#11891);
#10265=AXIS2_PLACEMENT_3D('',#15209,#11892,#11893);
#10266=AXIS2_PLACEMENT_3D('',#15212,#11895,#11896);
#10267=AXIS2_PLACEMENT_3D('',#15213,#11897,#11898);
#10268=AXIS2_PLACEMENT_3D('',#15216,#11900,#11901);
#10269=AXIS2_PLACEMENT_3D('',#15217,#11902,#11903);
#10270=AXIS2_PLACEMENT_3D('',#15221,#11906,#11907);
#10271=AXIS2_PLACEMENT_3D('',#15225,#11910,#11911);
#10272=AXIS2_PLACEMENT_3D('',#15228,#11913,#11914);
#10273=AXIS2_PLACEMENT_3D('',#15229,#11915,#11916);
#10274=AXIS2_PLACEMENT_3D('',#15232,#11918,#11919);
#10275=AXIS2_PLACEMENT_3D('',#15233,#11920,#11921);
#10276=AXIS2_PLACEMENT_3D('',#15234,#11922,#11923);
#10277=AXIS2_PLACEMENT_3D('',#15239,#11925,#11926);
#10278=AXIS2_PLACEMENT_3D('',#15242,#11928,#11929);
#10279=AXIS2_PLACEMENT_3D('',#15243,#11930,#11931);
#10280=AXIS2_PLACEMENT_3D('',#15247,#11933,#11934);
#10281=AXIS2_PLACEMENT_3D('',#15248,#11935,#11936);
#10282=AXIS2_PLACEMENT_3D('',#15249,#11937,#11938);
#10283=AXIS2_PLACEMENT_3D('',#15254,#11940,#11941);
#10284=AXIS2_PLACEMENT_3D('',#15257,#11943,#11944);
#10285=AXIS2_PLACEMENT_3D('',#15258,#11945,#11946);
#10286=AXIS2_PLACEMENT_3D('',#15259,#11947,#11948);
#10287=AXIS2_PLACEMENT_3D('',#15260,#11949,#11950);
#10288=AXIS2_PLACEMENT_3D('',#15261,#11951,#11952);
#10289=AXIS2_PLACEMENT_3D('',#15262,#11953,#11954);
#10290=AXIS2_PLACEMENT_3D('',#15263,#11955,#11956);
#10291=AXIS2_PLACEMENT_3D('',#15264,#11957,#11958);
#10292=AXIS2_PLACEMENT_3D('',#15265,#11959,#11960);
#10293=AXIS2_PLACEMENT_3D('',#15266,#11961,#11962);
#10294=AXIS2_PLACEMENT_3D('',#15267,#11963,#11964);
#10295=AXIS2_PLACEMENT_3D('',#15268,#11965,#11966);
#10296=AXIS2_PLACEMENT_3D('',#15271,#11968,#11969);
#10297=AXIS2_PLACEMENT_3D('',#15274,#11971,#11972);
#10298=AXIS2_PLACEMENT_3D('',#15277,#11974,#11975);
#10299=AXIS2_PLACEMENT_3D('',#15278,#11976,#11977);
#10300=AXIS2_PLACEMENT_3D('',#15281,#11979,#11980);
#10301=AXIS2_PLACEMENT_3D('',#15282,#11981,#11982);
#10302=AXIS2_PLACEMENT_3D('',#15285,#11984,#11985);
#10303=AXIS2_PLACEMENT_3D('',#15286,#11986,#11987);
#10304=AXIS2_PLACEMENT_3D('',#15289,#11989,#11990);
#10305=AXIS2_PLACEMENT_3D('',#15290,#11991,#11992);
#10306=AXIS2_PLACEMENT_3D('',#15293,#11994,#11995);
#10307=AXIS2_PLACEMENT_3D('',#15294,#11996,#11997);
#10308=AXIS2_PLACEMENT_3D('',#15297,#11999,#12000);
#10309=AXIS2_PLACEMENT_3D('',#15298,#12001,#12002);
#10310=AXIS2_PLACEMENT_3D('',#15301,#12004,#12005);
#10311=AXIS2_PLACEMENT_3D('',#15302,#12006,#12007);
#10312=AXIS2_PLACEMENT_3D('',#15303,#12008,#12009);
#10313=AXIS2_PLACEMENT_3D('',#15304,#12010,#12011);
#10314=AXIS2_PLACEMENT_3D('',#15305,#12012,#12013);
#10315=AXIS2_PLACEMENT_3D('',#15308,#12015,#12016);
#10316=AXIS2_PLACEMENT_3D('',#15311,#12018,#12019);
#10317=AXIS2_PLACEMENT_3D('',#15314,#12021,#12022);
#10318=AXIS2_PLACEMENT_3D('',#15315,#12023,#12024);
#10319=AXIS2_PLACEMENT_3D('',#15318,#12026,#12027);
#10320=AXIS2_PLACEMENT_3D('',#15319,#12028,#12029);
#10321=AXIS2_PLACEMENT_3D('',#15322,#12031,#12032);
#10322=AXIS2_PLACEMENT_3D('',#15323,#12033,#12034);
#10323=AXIS2_PLACEMENT_3D('',#15326,#12036,#12037);
#10324=AXIS2_PLACEMENT_3D('',#15327,#12038,#12039);
#10325=AXIS2_PLACEMENT_3D('',#15330,#12041,#12042);
#10326=AXIS2_PLACEMENT_3D('',#15331,#12043,#12044);
#10327=AXIS2_PLACEMENT_3D('',#15334,#12046,#12047);
#10328=AXIS2_PLACEMENT_3D('',#15335,#12048,#12049);
#10329=AXIS2_PLACEMENT_3D('',#15338,#12051,#12052);
#10330=AXIS2_PLACEMENT_3D('',#15339,#12053,#12054);
#10331=AXIS2_PLACEMENT_3D('',#15340,#12055,#12056);
#10332=AXIS2_PLACEMENT_3D('',#15345,#12058,#12059);
#10333=AXIS2_PLACEMENT_3D('',#15348,#12061,#12062);
#10334=AXIS2_PLACEMENT_3D('',#15349,#12063,#12064);
#10335=AXIS2_PLACEMENT_3D('',#15353,#12066,#12067);
#10336=AXIS2_PLACEMENT_3D('',#15354,#12068,#12069);
#10337=AXIS2_PLACEMENT_3D('',#15355,#12070,#12071);
#10338=AXIS2_PLACEMENT_3D('',#15359,#12073,#12074);
#10339=AXIS2_PLACEMENT_3D('',#15360,#12075,#12076);
#10340=AXIS2_PLACEMENT_3D('',#15361,#12077,#12078);
#10341=AXIS2_PLACEMENT_3D('',#15362,#12079,#12080);
#10342=AXIS2_PLACEMENT_3D('',#15363,#12081,#12082);
#10343=AXIS2_PLACEMENT_3D('',#15364,#12083,#12084);
#10344=AXIS2_PLACEMENT_3D('',#15365,#12085,#12086);
#10345=AXIS2_PLACEMENT_3D('',#15366,#12087,#12088);
#10346=AXIS2_PLACEMENT_3D('',#15367,#12089,#12090);
#10347=AXIS2_PLACEMENT_3D('',#15370,#12092,#12093);
#10348=AXIS2_PLACEMENT_3D('',#15373,#12095,#12096);
#10349=AXIS2_PLACEMENT_3D('',#15376,#12098,#12099);
#10350=AXIS2_PLACEMENT_3D('',#15377,#12100,#12101);
#10351=AXIS2_PLACEMENT_3D('',#15380,#12103,#12104);
#10352=AXIS2_PLACEMENT_3D('',#15381,#12105,#12106);
#10353=AXIS2_PLACEMENT_3D('',#15384,#12108,#12109);
#10354=AXIS2_PLACEMENT_3D('',#15385,#12110,#12111);
#10355=AXIS2_PLACEMENT_3D('',#15388,#12113,#12114);
#10356=AXIS2_PLACEMENT_3D('',#15389,#12115,#12116);
#10357=AXIS2_PLACEMENT_3D('',#15392,#12118,#12119);
#10358=AXIS2_PLACEMENT_3D('',#15393,#12120,#12121);
#10359=AXIS2_PLACEMENT_3D('',#15396,#12123,#12124);
#10360=AXIS2_PLACEMENT_3D('',#15397,#12125,#12126);
#10361=AXIS2_PLACEMENT_3D('',#15400,#12128,#12129);
#10362=AXIS2_PLACEMENT_3D('',#15401,#12130,#12131);
#10363=AXIS2_PLACEMENT_3D('',#15404,#12133,#12134);
#10364=AXIS2_PLACEMENT_3D('',#15405,#12135,#12136);
#10365=AXIS2_PLACEMENT_3D('',#15406,#12137,#12138);
#10366=AXIS2_PLACEMENT_3D('',#15411,#12140,#12141);
#10367=AXIS2_PLACEMENT_3D('',#15414,#12143,#12144);
#10368=AXIS2_PLACEMENT_3D('',#15415,#12145,#12146);
#10369=AXIS2_PLACEMENT_3D('',#15419,#12148,#12149);
#10370=AXIS2_PLACEMENT_3D('',#15420,#12150,#12151);
#10371=AXIS2_PLACEMENT_3D('',#15421,#12152,#12153);
#10372=AXIS2_PLACEMENT_3D('',#15425,#12155,#12156);
#10373=AXIS2_PLACEMENT_3D('',#15426,#12157,#12158);
#10374=AXIS2_PLACEMENT_3D('',#15427,#12159,#12160);
#10375=AXIS2_PLACEMENT_3D('',#15428,#12161,#12162);
#10376=AXIS2_PLACEMENT_3D('',#15429,#12163,#12164);
#10377=AXIS2_PLACEMENT_3D('',#15430,#12165,#12166);
#10378=AXIS2_PLACEMENT_3D('',#15431,#12167,#12168);
#10379=AXIS2_PLACEMENT_3D('',#15432,#12169,#12170);
#10380=AXIS2_PLACEMENT_3D('',#15433,#12171,#12172);
#10381=AXIS2_PLACEMENT_3D('',#15442,#12177,#12178);
#10382=AXIS2_PLACEMENT_3D('',#15448,#12182,#12183);
#10383=AXIS2_PLACEMENT_3D('',#15454,#12187,#12188);
#10384=AXIS2_PLACEMENT_3D('',#15455,#12189,#12190);
#10385=AXIS2_PLACEMENT_3D('',#15459,#12192,#12193);
#10386=AXIS2_PLACEMENT_3D('',#15460,#12194,#12195);
#10387=AXIS2_PLACEMENT_3D('',#15466,#12199,#12200);
#10388=AXIS2_PLACEMENT_3D('',#15472,#12204,#12205);
#10389=AXIS2_PLACEMENT_3D('',#15478,#12209,#12210);
#10390=AXIS2_PLACEMENT_3D('',#15484,#12214,#12215);
#10391=AXIS2_PLACEMENT_3D('',#15490,#12219,#12220);
#10392=AXIS2_PLACEMENT_3D('',#15491,#12221,#12222);
#10393=AXIS2_PLACEMENT_3D('',#15495,#12224,#12225);
#10394=AXIS2_PLACEMENT_3D('',#15496,#12226,#12227);
#10395=AXIS2_PLACEMENT_3D('',#15497,#12228,#12229);
#10396=AXIS2_PLACEMENT_3D('',#15501,#12231,#12232);
#10397=AXIS2_PLACEMENT_3D('',#15502,#12233,#12234);
#10398=AXIS2_PLACEMENT_3D('',#15508,#12238,#12239);
#10399=AXIS2_PLACEMENT_3D('',#15509,#12240,#12241);
#10400=AXIS2_PLACEMENT_3D('',#15513,#12243,#12244);
#10401=AXIS2_PLACEMENT_3D('',#15514,#12245,#12246);
#10402=AXIS2_PLACEMENT_3D('',#15520,#12250,#12251);
#10403=AXIS2_PLACEMENT_3D('',#15521,#12252,#12253);
#10404=AXIS2_PLACEMENT_3D('',#15525,#12255,#12256);
#10405=AXIS2_PLACEMENT_3D('',#15526,#12257,#12258);
#10406=AXIS2_PLACEMENT_3D('',#15532,#12262,#12263);
#10407=AXIS2_PLACEMENT_3D('',#15533,#12264,#12265);
#10408=AXIS2_PLACEMENT_3D('',#15537,#12267,#12268);
#10409=AXIS2_PLACEMENT_3D('',#15538,#12269,#12270);
#10410=AXIS2_PLACEMENT_3D('',#15539,#12271,#12272);
#10411=AXIS2_PLACEMENT_3D('',#15543,#12274,#12275);
#10412=AXIS2_PLACEMENT_3D('',#15544,#12276,#12277);
#10413=AXIS2_PLACEMENT_3D('',#15550,#12281,#12282);
#10414=AXIS2_PLACEMENT_3D('',#15551,#12283,#12284);
#10415=AXIS2_PLACEMENT_3D('',#15555,#12286,#12287);
#10416=AXIS2_PLACEMENT_3D('',#15556,#12288,#12289);
#10417=AXIS2_PLACEMENT_3D('',#15562,#12293,#12294);
#10418=AXIS2_PLACEMENT_3D('',#15568,#12298,#12299);
#10419=AXIS2_PLACEMENT_3D('',#15569,#12300,#12301);
#10420=AXIS2_PLACEMENT_3D('',#15573,#12303,#12304);
#10421=AXIS2_PLACEMENT_3D('',#15574,#12305,#12306);
#10422=AXIS2_PLACEMENT_3D('',#15580,#12310,#12311);
#10423=AXIS2_PLACEMENT_3D('',#15581,#12312,#12313);
#10424=AXIS2_PLACEMENT_3D('',#15585,#12315,#12316);
#10425=AXIS2_PLACEMENT_3D('',#15586,#12317,#12318);
#10426=AXIS2_PLACEMENT_3D('',#15592,#12322,#12323);
#10427=AXIS2_PLACEMENT_3D('',#15593,#12324,#12325);
#10428=AXIS2_PLACEMENT_3D('',#15597,#12327,#12328);
#10429=AXIS2_PLACEMENT_3D('',#15598,#12329,#12330);
#10430=AXIS2_PLACEMENT_3D('',#15604,#12334,#12335);
#10431=AXIS2_PLACEMENT_3D('',#15605,#12336,#12337);
#10432=AXIS2_PLACEMENT_3D('',#15609,#12339,#12340);
#10433=AXIS2_PLACEMENT_3D('',#15610,#12341,#12342);
#10434=AXIS2_PLACEMENT_3D('',#15616,#12346,#12347);
#10435=AXIS2_PLACEMENT_3D('',#15622,#12351,#12352);
#10436=AXIS2_PLACEMENT_3D('',#15628,#12356,#12357);
#10437=AXIS2_PLACEMENT_3D('',#15629,#12358,#12359);
#10438=AXIS2_PLACEMENT_3D('',#15633,#12361,#12362);
#10439=AXIS2_PLACEMENT_3D('',#15634,#12363,#12364);
#10440=AXIS2_PLACEMENT_3D('',#15635,#12365,#12366);
#10441=AXIS2_PLACEMENT_3D('',#15639,#12368,#12369);
#10442=AXIS2_PLACEMENT_3D('',#15640,#12370,#12371);
#10443=AXIS2_PLACEMENT_3D('',#15641,#12372,#12373);
#10444=AXIS2_PLACEMENT_3D('',#15645,#12375,#12376);
#10445=AXIS2_PLACEMENT_3D('',#15646,#12377,#12378);
#10446=AXIS2_PLACEMENT_3D('',#15652,#12382,#12383);
#10447=AXIS2_PLACEMENT_3D('',#15653,#12384,#12385);
#10448=AXIS2_PLACEMENT_3D('',#15657,#12387,#12388);
#10449=AXIS2_PLACEMENT_3D('',#15658,#12389,#12390);
#10450=AXIS2_PLACEMENT_3D('',#15659,#12391,#12392);
#10451=AXIS2_PLACEMENT_3D('',#15663,#12394,#12395);
#10452=AXIS2_PLACEMENT_3D('',#15664,#12396,#12397);
#10453=AXIS2_PLACEMENT_3D('',#15670,#12401,#12402);
#10454=AXIS2_PLACEMENT_3D('',#15671,#12403,#12404);
#10455=AXIS2_PLACEMENT_3D('',#15675,#12406,#12407);
#10456=AXIS2_PLACEMENT_3D('',#15676,#12408,#12409);
#10457=AXIS2_PLACEMENT_3D('',#15677,#12410,#12411);
#10458=AXIS2_PLACEMENT_3D('',#15681,#12413,#12414);
#10459=AXIS2_PLACEMENT_3D('',#15682,#12415,#12416);
#10460=AXIS2_PLACEMENT_3D('',#15688,#12420,#12421);
#10461=AXIS2_PLACEMENT_3D('',#15689,#12422,#12423);
#10462=AXIS2_PLACEMENT_3D('',#15693,#12425,#12426);
#10463=AXIS2_PLACEMENT_3D('',#15694,#12427,#12428);
#10464=AXIS2_PLACEMENT_3D('',#15695,#12429,#12430);
#10465=AXIS2_PLACEMENT_3D('',#15699,#12432,#12433);
#10466=AXIS2_PLACEMENT_3D('',#15700,#12434,#12435);
#10467=AXIS2_PLACEMENT_3D('',#15706,#12439,#12440);
#10468=AXIS2_PLACEMENT_3D('',#15707,#12441,#12442);
#10469=AXIS2_PLACEMENT_3D('',#15711,#12444,#12445);
#10470=AXIS2_PLACEMENT_3D('',#15712,#12446,#12447);
#10471=AXIS2_PLACEMENT_3D('',#15713,#12448,#12449);
#10472=AXIS2_PLACEMENT_3D('',#15717,#12451,#12452);
#10473=AXIS2_PLACEMENT_3D('',#15718,#12453,#12454);
#10474=AXIS2_PLACEMENT_3D('',#15724,#12458,#12459);
#10475=AXIS2_PLACEMENT_3D('',#15725,#12460,#12461);
#10476=AXIS2_PLACEMENT_3D('',#15729,#12463,#12464);
#10477=AXIS2_PLACEMENT_3D('',#15730,#12465,#12466);
#10478=AXIS2_PLACEMENT_3D('',#15731,#12467,#12468);
#10479=AXIS2_PLACEMENT_3D('',#15735,#12470,#12471);
#10480=AXIS2_PLACEMENT_3D('',#15736,#12472,#12473);
#10481=AXIS2_PLACEMENT_3D('',#15737,#12474,#12475);
#10482=AXIS2_PLACEMENT_3D('',#15741,#12477,#12478);
#10483=AXIS2_PLACEMENT_3D('',#15742,#12479,#12480);
#10484=AXIS2_PLACEMENT_3D('',#15743,#12481,#12482);
#10485=AXIS2_PLACEMENT_3D('',#15748,#12484,#12485);
#10486=AXIS2_PLACEMENT_3D('',#15751,#12487,#12488);
#10487=AXIS2_PLACEMENT_3D('',#15752,#12489,#12490);
#10488=AXIS2_PLACEMENT_3D('',#15756,#12492,#12493);
#10489=AXIS2_PLACEMENT_3D('',#15757,#12494,#12495);
#10490=AXIS2_PLACEMENT_3D('',#15766,#12500,#12501);
#10491=AXIS2_PLACEMENT_3D('',#15772,#12505,#12506);
#10492=AXIS2_PLACEMENT_3D('',#15778,#12510,#12511);
#10493=AXIS2_PLACEMENT_3D('',#15779,#12512,#12513);
#10494=AXIS2_PLACEMENT_3D('',#15783,#12515,#12516);
#10495=AXIS2_PLACEMENT_3D('',#15784,#12517,#12518);
#10496=AXIS2_PLACEMENT_3D('',#15785,#12519,#12520);
#10497=AXIS2_PLACEMENT_3D('',#15789,#12522,#12523);
#10498=AXIS2_PLACEMENT_3D('',#15790,#12524,#12525);
#10499=AXIS2_PLACEMENT_3D('',#15796,#12529,#12530);
#10500=AXIS2_PLACEMENT_3D('',#15802,#12534,#12535);
#10501=AXIS2_PLACEMENT_3D('',#15808,#12539,#12540);
#10502=AXIS2_PLACEMENT_3D('',#15809,#12541,#12542);
#10503=AXIS2_PLACEMENT_3D('',#15813,#12544,#12545);
#10504=AXIS2_PLACEMENT_3D('',#15814,#12546,#12547);
#10505=AXIS2_PLACEMENT_3D('',#15815,#12548,#12549);
#10506=AXIS2_PLACEMENT_3D('',#15819,#12551,#12552);
#10507=AXIS2_PLACEMENT_3D('',#15820,#12553,#12554);
#10508=AXIS2_PLACEMENT_3D('',#15826,#12558,#12559);
#10509=AXIS2_PLACEMENT_3D('',#15827,#12560,#12561);
#10510=AXIS2_PLACEMENT_3D('',#15831,#12563,#12564);
#10511=AXIS2_PLACEMENT_3D('',#15832,#12565,#12566);
#10512=AXIS2_PLACEMENT_3D('',#15833,#12567,#12568);
#10513=AXIS2_PLACEMENT_3D('',#15837,#12570,#12571);
#10514=AXIS2_PLACEMENT_3D('',#15838,#12572,#12573);
#10515=AXIS2_PLACEMENT_3D('',#15839,#12574,#12575);
#10516=AXIS2_PLACEMENT_3D('',#15843,#12577,#12578);
#10517=AXIS2_PLACEMENT_3D('',#15844,#12579,#12580);
#10518=AXIS2_PLACEMENT_3D('',#15850,#12584,#12585);
#10519=AXIS2_PLACEMENT_3D('',#15851,#12586,#12587);
#10520=AXIS2_PLACEMENT_3D('',#15855,#12589,#12590);
#10521=AXIS2_PLACEMENT_3D('',#15856,#12591,#12592);
#10522=AXIS2_PLACEMENT_3D('',#15857,#12593,#12594);
#10523=AXIS2_PLACEMENT_3D('',#15861,#12596,#12597);
#10524=AXIS2_PLACEMENT_3D('',#15862,#12598,#12599);
#10525=AXIS2_PLACEMENT_3D('',#15868,#12603,#12604);
#10526=AXIS2_PLACEMENT_3D('',#15869,#12605,#12606);
#10527=AXIS2_PLACEMENT_3D('',#15873,#12608,#12609);
#10528=AXIS2_PLACEMENT_3D('',#15874,#12610,#12611);
#10529=AXIS2_PLACEMENT_3D('',#15880,#12615,#12616);
#10530=AXIS2_PLACEMENT_3D('',#15881,#12617,#12618);
#10531=AXIS2_PLACEMENT_3D('',#15885,#12620,#12621);
#10532=AXIS2_PLACEMENT_3D('',#15886,#12622,#12623);
#10533=AXIS2_PLACEMENT_3D('',#15892,#12627,#12628);
#10534=AXIS2_PLACEMENT_3D('',#15893,#12629,#12630);
#10535=AXIS2_PLACEMENT_3D('',#15897,#12632,#12633);
#10536=AXIS2_PLACEMENT_3D('',#15898,#12634,#12635);
#10537=AXIS2_PLACEMENT_3D('',#15904,#12639,#12640);
#10538=AXIS2_PLACEMENT_3D('',#15905,#12641,#12642);
#10539=AXIS2_PLACEMENT_3D('',#15909,#12644,#12645);
#10540=AXIS2_PLACEMENT_3D('',#15910,#12646,#12647);
#10541=AXIS2_PLACEMENT_3D('',#15911,#12648,#12649);
#10542=AXIS2_PLACEMENT_3D('',#15915,#12651,#12652);
#10543=AXIS2_PLACEMENT_3D('',#15916,#12653,#12654);
#10544=AXIS2_PLACEMENT_3D('',#15917,#12655,#12656);
#10545=AXIS2_PLACEMENT_3D('',#15921,#12658,#12659);
#10546=AXIS2_PLACEMENT_3D('',#15922,#12660,#12661);
#10547=AXIS2_PLACEMENT_3D('',#15928,#12665,#12666);
#10548=AXIS2_PLACEMENT_3D('',#15929,#12667,#12668);
#10549=AXIS2_PLACEMENT_3D('',#15933,#12670,#12671);
#10550=AXIS2_PLACEMENT_3D('',#15934,#12672,#12673);
#10551=AXIS2_PLACEMENT_3D('',#15935,#12674,#12675);
#10552=AXIS2_PLACEMENT_3D('',#15939,#12677,#12678);
#10553=AXIS2_PLACEMENT_3D('',#15940,#12679,#12680);
#10554=AXIS2_PLACEMENT_3D('',#15941,#12681,#12682);
#10555=AXIS2_PLACEMENT_3D('',#15945,#12684,#12685);
#10556=AXIS2_PLACEMENT_3D('',#15946,#12686,#12687);
#10557=AXIS2_PLACEMENT_3D('',#15952,#12691,#12692);
#10558=AXIS2_PLACEMENT_3D('',#15953,#12693,#12694);
#10559=AXIS2_PLACEMENT_3D('',#15957,#12696,#12697);
#10560=AXIS2_PLACEMENT_3D('',#15958,#12698,#12699);
#10561=AXIS2_PLACEMENT_3D('',#15959,#12700,#12701);
#10562=AXIS2_PLACEMENT_3D('',#15963,#12703,#12704);
#10563=AXIS2_PLACEMENT_3D('',#15964,#12705,#12706);
#10564=AXIS2_PLACEMENT_3D('',#15965,#12707,#12708);
#10565=AXIS2_PLACEMENT_3D('',#15969,#12710,#12711);
#10566=AXIS2_PLACEMENT_3D('',#15970,#12712,#12713);
#10567=AXIS2_PLACEMENT_3D('',#15976,#12717,#12718);
#10568=AXIS2_PLACEMENT_3D('',#15977,#12719,#12720);
#10569=AXIS2_PLACEMENT_3D('',#15981,#12722,#12723);
#10570=AXIS2_PLACEMENT_3D('',#15982,#12724,#12725);
#10571=AXIS2_PLACEMENT_3D('',#15983,#12726,#12727);
#10572=AXIS2_PLACEMENT_3D('',#15987,#12729,#12730);
#10573=AXIS2_PLACEMENT_3D('',#15988,#12731,#12732);
#10574=AXIS2_PLACEMENT_3D('',#15991,#12734,#12735);
#10575=AXIS2_PLACEMENT_3D('',#15994,#12737,#12738);
#10576=AXIS2_PLACEMENT_3D('',#15997,#12740,#12741);
#10577=AXIS2_PLACEMENT_3D('',#15998,#12742,#12743);
#10578=AXIS2_PLACEMENT_3D('',#16001,#12745,#12746);
#10579=AXIS2_PLACEMENT_3D('',#16002,#12747,#12748);
#10580=AXIS2_PLACEMENT_3D('',#16005,#12750,#12751);
#10581=AXIS2_PLACEMENT_3D('',#16006,#12752,#12753);
#10582=AXIS2_PLACEMENT_3D('',#16009,#12755,#12756);
#10583=AXIS2_PLACEMENT_3D('',#16010,#12757,#12758);
#10584=AXIS2_PLACEMENT_3D('',#16013,#12760,#12761);
#10585=AXIS2_PLACEMENT_3D('',#16014,#12762,#12763);
#10586=AXIS2_PLACEMENT_3D('',#16018,#12766,#12767);
#10587=AXIS2_PLACEMENT_3D('',#16022,#12770,#12771);
#10588=AXIS2_PLACEMENT_3D('',#16025,#12773,#12774);
#10589=AXIS2_PLACEMENT_3D('',#16026,#12775,#12776);
#10590=AXIS2_PLACEMENT_3D('',#16030,#12779,#12780);
#10591=AXIS2_PLACEMENT_3D('',#16033,#12782,#12783);
#10592=AXIS2_PLACEMENT_3D('',#16034,#12784,#12785);
#10593=AXIS2_PLACEMENT_3D('',#16038,#12788,#12789);
#10594=AXIS2_PLACEMENT_3D('',#16042,#12792,#12793);
#10595=AXIS2_PLACEMENT_3D('',#16045,#12795,#12796);
#10596=AXIS2_PLACEMENT_3D('',#16046,#12797,#12798);
#10597=AXIS2_PLACEMENT_3D('',#16050,#12801,#12802);
#10598=AXIS2_PLACEMENT_3D('',#16054,#12805,#12806);
#10599=AXIS2_PLACEMENT_3D('',#16057,#12808,#12809);
#10600=AXIS2_PLACEMENT_3D('',#16058,#12810,#12811);
#10601=AXIS2_PLACEMENT_3D('',#16061,#12813,#12814);
#10602=AXIS2_PLACEMENT_3D('',#16062,#12815,#12816);
#10603=AXIS2_PLACEMENT_3D('',#16065,#12818,#12819);
#10604=AXIS2_PLACEMENT_3D('',#16066,#12820,#12821);
#10605=AXIS2_PLACEMENT_3D('',#16070,#12824,#12825);
#10606=AXIS2_PLACEMENT_3D('',#16073,#12827,#12828);
#10607=AXIS2_PLACEMENT_3D('',#16074,#12829,#12830);
#10608=AXIS2_PLACEMENT_3D('',#16077,#12832,#12833);
#10609=AXIS2_PLACEMENT_3D('',#16078,#12834,#12835);
#10610=AXIS2_PLACEMENT_3D('',#16082,#12838,#12839);
#10611=AXIS2_PLACEMENT_3D('',#16085,#12841,#12842);
#10612=AXIS2_PLACEMENT_3D('',#16086,#12843,#12844);
#10613=AXIS2_PLACEMENT_3D('',#16089,#12846,#12847);
#10614=AXIS2_PLACEMENT_3D('',#16090,#12848,#12849);
#10615=AXIS2_PLACEMENT_3D('',#16094,#12852,#12853);
#10616=AXIS2_PLACEMENT_3D('',#16097,#12855,#12856);
#10617=AXIS2_PLACEMENT_3D('',#16098,#12857,#12858);
#10618=AXIS2_PLACEMENT_3D('',#16101,#12860,#12861);
#10619=AXIS2_PLACEMENT_3D('',#16102,#12862,#12863);
#10620=AXIS2_PLACEMENT_3D('',#16106,#12866,#12867);
#10621=AXIS2_PLACEMENT_3D('',#16109,#12869,#12870);
#10622=AXIS2_PLACEMENT_3D('',#16110,#12871,#12872);
#10623=AXIS2_PLACEMENT_3D('',#16113,#12874,#12875);
#10624=AXIS2_PLACEMENT_3D('',#16114,#12876,#12877);
#10625=AXIS2_PLACEMENT_3D('',#16117,#12879,#12880);
#10626=AXIS2_PLACEMENT_3D('',#16118,#12881,#12882);
#10627=AXIS2_PLACEMENT_3D('',#16122,#12885,#12886);
#10628=AXIS2_PLACEMENT_3D('',#16125,#12888,#12889);
#10629=AXIS2_PLACEMENT_3D('',#16126,#12890,#12891);
#10630=AXIS2_PLACEMENT_3D('',#16130,#12894,#12895);
#10631=AXIS2_PLACEMENT_3D('',#16133,#12897,#12898);
#10632=AXIS2_PLACEMENT_3D('',#16134,#12899,#12900);
#10633=AXIS2_PLACEMENT_3D('',#16138,#12903,#12904);
#10634=AXIS2_PLACEMENT_3D('',#16141,#12906,#12907);
#10635=AXIS2_PLACEMENT_3D('',#16142,#12908,#12909);
#10636=AXIS2_PLACEMENT_3D('',#16146,#12912,#12913);
#10637=AXIS2_PLACEMENT_3D('',#16149,#12915,#12916);
#10638=AXIS2_PLACEMENT_3D('',#16150,#12917,#12918);
#10639=AXIS2_PLACEMENT_3D('',#16154,#12921,#12922);
#10640=AXIS2_PLACEMENT_3D('',#16157,#12924,#12925);
#10641=AXIS2_PLACEMENT_3D('',#16158,#12926,#12927);
#10642=AXIS2_PLACEMENT_3D('',#16162,#12930,#12931);
#10643=AXIS2_PLACEMENT_3D('',#16165,#12933,#12934);
#10644=AXIS2_PLACEMENT_3D('',#16166,#12935,#12936);
#10645=AXIS2_PLACEMENT_3D('',#16170,#12939,#12940);
#10646=AXIS2_PLACEMENT_3D('',#16174,#12943,#12944);
#10647=AXIS2_PLACEMENT_3D('',#16177,#12946,#12947);
#10648=AXIS2_PLACEMENT_3D('',#16178,#12948,#12949);
#10649=AXIS2_PLACEMENT_3D('',#16182,#12952,#12953);
#10650=AXIS2_PLACEMENT_3D('',#16186,#12956,#12957);
#10651=AXIS2_PLACEMENT_3D('',#16190,#12960,#12961);
#10652=AXIS2_PLACEMENT_3D('',#16194,#12964,#12965);
#10653=AXIS2_PLACEMENT_3D('',#16197,#12967,#12968);
#10654=AXIS2_PLACEMENT_3D('',#16198,#12969,#12970);
#10655=AXIS2_PLACEMENT_3D('',#16201,#12972,#12973);
#10656=AXIS2_PLACEMENT_3D('',#16202,#12974,#12975);
#10657=AXIS2_PLACEMENT_3D('',#16205,#12977,#12978);
#10658=AXIS2_PLACEMENT_3D('',#16206,#12979,#12980);
#10659=AXIS2_PLACEMENT_3D('',#16209,#12982,#12983);
#10660=AXIS2_PLACEMENT_3D('',#16210,#12984,#12985);
#10661=AXIS2_PLACEMENT_3D('',#16213,#12987,#12988);
#10662=AXIS2_PLACEMENT_3D('',#16214,#12989,#12990);
#10663=AXIS2_PLACEMENT_3D('',#16217,#12992,#12993);
#10664=AXIS2_PLACEMENT_3D('',#16218,#12994,#12995);
#10665=AXIS2_PLACEMENT_3D('',#16221,#12997,#12998);
#10666=AXIS2_PLACEMENT_3D('',#16222,#12999,#13000);
#10667=AXIS2_PLACEMENT_3D('',#16225,#13003,#13004);
#10668=AXIS2_PLACEMENT_3D('',#16228,#13007,#13008);
#10669=AXIS2_PLACEMENT_3D('',#16229,#13009,#13010);
#10670=AXIS2_PLACEMENT_3D('',#16230,#13011,#13012);
#10671=AXIS2_PLACEMENT_3D('',#16233,#13015,#13016);
#10672=AXIS2_PLACEMENT_3D('',#16234,#13017,#13018);
#10673=AXIS2_PLACEMENT_3D('',#16235,#13019,#13020);
#10674=AXIS2_PLACEMENT_3D('',#16239,#13022,#13023);
#10675=AXIS2_PLACEMENT_3D('',#16243,#13025,#13026);
#10676=AXIS2_PLACEMENT_3D('',#16247,#13028,#13029);
#10677=AXIS2_PLACEMENT_3D('',#16249,#13030,#13031);
#10678=AXIS2_PLACEMENT_3D('',#16251,#13032,#13033);
#10679=AXIS2_PLACEMENT_3D('',#16257,#13036,#13037);
#10680=AXIS2_PLACEMENT_3D('',#16261,#13039,#13040);
#10681=AXIS2_PLACEMENT_3D('',#16265,#13042,#13043);
#10682=AXIS2_PLACEMENT_3D('',#16289,#13055,#13056);
#10683=AXIS2_PLACEMENT_3D('',#16291,#13057,#13058);
#10684=AXIS2_PLACEMENT_3D('',#16317,#13071,#13072);
#10685=AXIS2_PLACEMENT_3D('',#16319,#13073,#13074);
#10686=AXIS2_PLACEMENT_3D('',#16321,#13075,#13076);
#10687=AXIS2_PLACEMENT_3D('',#16322,#13077,#13078);
#10688=AXIS2_PLACEMENT_3D('',#16327,#13080,#13081);
#10689=AXIS2_PLACEMENT_3D('',#16331,#13083,#13084);
#10690=AXIS2_PLACEMENT_3D('',#16333,#13085,#13086);
#10691=AXIS2_PLACEMENT_3D('',#16335,#13087,#13088);
#10692=AXIS2_PLACEMENT_3D('',#16341,#13091,#13092);
#10693=AXIS2_PLACEMENT_3D('',#16345,#13094,#13095);
#10694=AXIS2_PLACEMENT_3D('',#16359,#13102,#13103);
#10695=AXIS2_PLACEMENT_3D('',#16367,#13107,#13108);
#10696=AXIS2_PLACEMENT_3D('',#16403,#13126,#13127);
#10697=AXIS2_PLACEMENT_3D('',#16411,#13131,#13132);
#10698=AXIS2_PLACEMENT_3D('',#16415,#13134,#13135);
#10699=AXIS2_PLACEMENT_3D('',#16420,#13138,#13139);
#10700=AXIS2_PLACEMENT_3D('',#16426,#13143,#13144);
#10701=AXIS2_PLACEMENT_3D('',#16430,#13147,#13148);
#10702=AXIS2_PLACEMENT_3D('',#16434,#13151,#13152);
#10703=AXIS2_PLACEMENT_3D('',#16438,#13155,#13156);
#10704=AXIS2_PLACEMENT_3D('',#16442,#13159,#13160);
#10705=AXIS2_PLACEMENT_3D('',#16446,#13163,#13164);
#10706=AXIS2_PLACEMENT_3D('',#16448,#13166,#13167);
#10707=AXIS2_PLACEMENT_3D('',#16449,#13168,#13169);
#10708=AXIS2_PLACEMENT_3D('',#16455,#13173,#13174);
#10709=AXIS2_PLACEMENT_3D('',#16459,#13177,#13178);
#10710=AXIS2_PLACEMENT_3D('',#16462,#13180,#13181);
#10711=AXIS2_PLACEMENT_3D('',#16463,#13182,#13183);
#10712=AXIS2_PLACEMENT_3D('',#16467,#13186,#13187);
#10713=AXIS2_PLACEMENT_3D('',#16471,#13190,#13191);
#10714=AXIS2_PLACEMENT_3D('',#16475,#13194,#13195);
#10715=AXIS2_PLACEMENT_3D('',#16478,#13197,#13198);
#10716=AXIS2_PLACEMENT_3D('',#16479,#13199,#13200);
#10717=AXIS2_PLACEMENT_3D('',#16483,#13203,#13204);
#10718=AXIS2_PLACEMENT_3D('',#16487,#13207,#13208);
#10719=AXIS2_PLACEMENT_3D('',#16489,#13210,#13211);
#10720=AXIS2_PLACEMENT_3D('',#16490,#13212,#13213);
#10721=AXIS2_PLACEMENT_3D('',#16496,#13217,#13218);
#10722=AXIS2_PLACEMENT_3D('',#16499,#13220,#13221);
#10723=AXIS2_PLACEMENT_3D('',#16500,#13222,#13223);
#10724=AXIS2_PLACEMENT_3D('',#16504,#13226,#13227);
#10725=AXIS2_PLACEMENT_3D('',#16507,#13229,#13230);
#10726=AXIS2_PLACEMENT_3D('',#16508,#13231,#13232);
#10727=AXIS2_PLACEMENT_3D('',#16512,#13235,#13236);
#10728=AXIS2_PLACEMENT_3D('',#16515,#13238,#13239);
#10729=AXIS2_PLACEMENT_3D('',#16516,#13240,#13241);
#10730=AXIS2_PLACEMENT_3D('',#16520,#13244,#13245);
#10731=AXIS2_PLACEMENT_3D('',#16524,#13248,#13249);
#10732=AXIS2_PLACEMENT_3D('',#16527,#13251,#13252);
#10733=AXIS2_PLACEMENT_3D('',#16528,#13253,#13254);
#10734=AXIS2_PLACEMENT_3D('',#16531,#13256,#13257);
#10735=AXIS2_PLACEMENT_3D('',#16532,#13258,#13259);
#10736=AXIS2_PLACEMENT_3D('',#16535,#13261,#13262);
#10737=AXIS2_PLACEMENT_3D('',#16536,#13263,#13264);
#10738=AXIS2_PLACEMENT_3D('',#16540,#13267,#13268);
#10739=AXIS2_PLACEMENT_3D('',#16541,#13269,#13270);
#10740=AXIS2_PLACEMENT_3D('',#16546,#13272,#13273);
#10741=AXIS2_PLACEMENT_3D('',#16549,#13275,#13276);
#10742=AXIS2_PLACEMENT_3D('',#16550,#13277,#13278);
#10743=AXIS2_PLACEMENT_3D('',#16554,#13280,#13281);
#10744=AXIS2_PLACEMENT_3D('',#16555,#13282,#13283);
#10745=AXIS2_PLACEMENT_3D('',#16556,#13284,#13285);
#10746=AXIS2_PLACEMENT_3D('',#16560,#13287,#13288);
#10747=AXIS2_PLACEMENT_3D('',#16561,#13289,#13290);
#10748=AXIS2_PLACEMENT_3D('',#16562,#13291,#13292);
#10749=AXIS2_PLACEMENT_3D('',#16563,#13293,#13294);
#10750=AXIS2_PLACEMENT_3D('',#16564,#13295,#13296);
#10751=AXIS2_PLACEMENT_3D('',#16565,#13297,#13298);
#10752=AXIS2_PLACEMENT_3D('',#16566,#13299,#13300);
#10753=AXIS2_PLACEMENT_3D('',#16567,#13301,#13302);
#10754=AXIS2_PLACEMENT_3D('',#16568,#13303,#13304);
#10755=AXIS2_PLACEMENT_3D('',#16574,#13308,#13309);
#10756=AXIS2_PLACEMENT_3D('',#16578,#13312,#13313);
#10757=AXIS2_PLACEMENT_3D('',#16581,#13315,#13316);
#10758=AXIS2_PLACEMENT_3D('',#16582,#13317,#13318);
#10759=AXIS2_PLACEMENT_3D('',#16585,#13320,#13321);
#10760=AXIS2_PLACEMENT_3D('',#16586,#13322,#13323);
#10761=AXIS2_PLACEMENT_3D('',#16589,#13325,#13326);
#10762=AXIS2_PLACEMENT_3D('',#16590,#13327,#13328);
#10763=AXIS2_PLACEMENT_3D('',#16594,#13331,#13332);
#10764=AXIS2_PLACEMENT_3D('',#16598,#13335,#13336);
#10765=AXIS2_PLACEMENT_3D('',#16602,#13339,#13340);
#10766=AXIS2_PLACEMENT_3D('',#16606,#13343,#13344);
#10767=AXIS2_PLACEMENT_3D('',#16610,#13347,#13348);
#10768=AXIS2_PLACEMENT_3D('',#16614,#13351,#13352);
#10769=AXIS2_PLACEMENT_3D('',#16618,#13355,#13356);
#10770=AXIS2_PLACEMENT_3D('',#16622,#13359,#13360);
#10771=AXIS2_PLACEMENT_3D('',#16624,#13362,#13363);
#10772=AXIS2_PLACEMENT_3D('',#16625,#13364,#13365);
#10773=AXIS2_PLACEMENT_3D('',#16626,#13366,#13367);
#10774=AXIS2_PLACEMENT_3D('',#16631,#13369,#13370);
#10775=AXIS2_PLACEMENT_3D('',#16634,#13372,#13373);
#10776=AXIS2_PLACEMENT_3D('',#16640,#13377,#13378);
#10777=AXIS2_PLACEMENT_3D('',#16641,#13379,#13380);
#10778=AXIS2_PLACEMENT_3D('',#16645,#13382,#13383);
#10779=AXIS2_PLACEMENT_3D('',#16646,#13384,#13385);
#10780=AXIS2_PLACEMENT_3D('',#16652,#13389,#13390);
#10781=AXIS2_PLACEMENT_3D('',#16656,#13393,#13394);
#10782=AXIS2_PLACEMENT_3D('',#16659,#13396,#13397);
#10783=AXIS2_PLACEMENT_3D('',#16660,#13398,#13399);
#10784=AXIS2_PLACEMENT_3D('',#16663,#13401,#13402);
#10785=AXIS2_PLACEMENT_3D('',#16664,#13403,#13404);
#10786=AXIS2_PLACEMENT_3D('',#16668,#13407,#13408);
#10787=AXIS2_PLACEMENT_3D('',#16672,#13411,#13412);
#10788=AXIS2_PLACEMENT_3D('',#16674,#13414,#13415);
#10789=AXIS2_PLACEMENT_3D('',#16675,#13416,#13417);
#10790=AXIS2_PLACEMENT_3D('',#16676,#13418,#13419);
#10791=AXIS2_PLACEMENT_3D('',#16677,#13420,#13421);
#10792=AXIS2_PLACEMENT_3D('',#16678,#13422,#13423);
#10793=AXIS2_PLACEMENT_3D('',#16687,#13428,#13429);
#10794=AXIS2_PLACEMENT_3D('',#16693,#13433,#13434);
#10795=AXIS2_PLACEMENT_3D('',#16699,#13438,#13439);
#10796=AXIS2_PLACEMENT_3D('',#16703,#13442,#13443);
#10797=AXIS2_PLACEMENT_3D('',#16707,#13446,#13447);
#10798=AXIS2_PLACEMENT_3D('',#16711,#13450,#13451);
#10799=AXIS2_PLACEMENT_3D('',#16715,#13454,#13455);
#10800=AXIS2_PLACEMENT_3D('',#16719,#13458,#13459);
#10801=AXIS2_PLACEMENT_3D('',#16721,#13461,#13462);
#10802=AXIS2_PLACEMENT_3D('',#16724,#13465,#13466);
#10803=AXIS2_PLACEMENT_3D('',#16725,#13467,#13468);
#10804=AXIS2_PLACEMENT_3D('',#16726,#13469,#13470);
#10805=AXIS2_PLACEMENT_3D('',#16729,#13471,#13472);
#10806=AXIS2_PLACEMENT_3D('',#16731,#13473,#13474);
#10807=AXIS2_PLACEMENT_3D('',#16733,#13475,#13476);
#10808=AXIS2_PLACEMENT_3D('',#16735,#13477,#13478);
#10809=AXIS2_PLACEMENT_3D('',#16737,#13479,#13480);
#10810=AXIS2_PLACEMENT_3D('',#16739,#13481,#13482);
#10811=AXIS2_PLACEMENT_3D('',#16741,#13483,#13484);
#10812=AXIS2_PLACEMENT_3D('',#16743,#13485,#13486);
#10813=AXIS2_PLACEMENT_3D('',#16745,#13487,#13488);
#10814=AXIS2_PLACEMENT_3D('',#16746,#13489,#13490);
#10815=AXIS2_PLACEMENT_3D('',#16749,#13491,#13492);
#10816=AXIS2_PLACEMENT_3D('',#16751,#13493,#13494);
#10817=AXIS2_PLACEMENT_3D('',#16753,#13495,#13496);
#10818=AXIS2_PLACEMENT_3D('',#16755,#13497,#13498);
#10819=AXIS2_PLACEMENT_3D('',#16757,#13499,#13500);
#10820=AXIS2_PLACEMENT_3D('',#16758,#13501,#13502);
#10821=AXIS2_PLACEMENT_3D('',#16761,#13503,#13504);
#10822=AXIS2_PLACEMENT_3D('',#16763,#13505,#13506);
#10823=AXIS2_PLACEMENT_3D('',#16765,#13507,#13508);
#10824=AXIS2_PLACEMENT_3D('',#16766,#13509,#13510);
#10825=AXIS2_PLACEMENT_3D('',#16769,#13511,#13512);
#10826=AXIS2_PLACEMENT_3D('',#16771,#13513,#13514);
#10827=AXIS2_PLACEMENT_3D('',#16773,#13515,#13516);
#10828=AXIS2_PLACEMENT_3D('',#16775,#13517,#13518);
#10829=AXIS2_PLACEMENT_3D('',#16777,#13519,#13520);
#10830=AXIS2_PLACEMENT_3D('',#16779,#13521,#13522);
#10831=AXIS2_PLACEMENT_3D('',#16781,#13523,#13524);
#10832=AXIS2_PLACEMENT_3D('',#16783,#13525,#13526);
#10833=AXIS2_PLACEMENT_3D('',#16785,#13527,#13528);
#10834=AXIS2_PLACEMENT_3D('',#16787,#13529,#13530);
#10835=AXIS2_PLACEMENT_3D('',#16789,#13531,#13532);
#10836=AXIS2_PLACEMENT_3D('',#16790,#13533,#13534);
#10837=AXIS2_PLACEMENT_3D('',#16793,#13535,#13536);
#10838=AXIS2_PLACEMENT_3D('',#16795,#13537,#13538);
#10839=AXIS2_PLACEMENT_3D('',#16797,#13539,#13540);
#10840=AXIS2_PLACEMENT_3D('',#16799,#13541,#13542);
#10841=AXIS2_PLACEMENT_3D('',#16801,#13543,#13544);
#10842=AXIS2_PLACEMENT_3D('',#16803,#13545,#13546);
#10843=AXIS2_PLACEMENT_3D('',#16805,#13547,#13548);
#10844=AXIS2_PLACEMENT_3D('',#16807,#13549,#13550);
#10845=AXIS2_PLACEMENT_3D('',#16809,#13551,#13552);
#10846=AXIS2_PLACEMENT_3D('',#16811,#13553,#13554);
#10847=AXIS2_PLACEMENT_3D('',#16813,#13555,#13556);
#10848=AXIS2_PLACEMENT_3D('',#16815,#13557,#13558);
#10849=AXIS2_PLACEMENT_3D('',#16817,#13559,#13560);
#10850=AXIS2_PLACEMENT_3D('',#16819,#13561,#13562);
#10851=AXIS2_PLACEMENT_3D('',#16820,#13563,#13564);
#10852=AXIS2_PLACEMENT_3D('',#16823,#13565,#13566);
#10853=AXIS2_PLACEMENT_3D('',#16825,#13567,#13568);
#10854=AXIS2_PLACEMENT_3D('',#16827,#13569,#13570);
#10855=AXIS2_PLACEMENT_3D('',#16829,#13571,#13572);
#10856=AXIS2_PLACEMENT_3D('',#16831,#13573,#13574);
#10857=AXIS2_PLACEMENT_3D('',#16833,#13575,#13576);
#10858=AXIS2_PLACEMENT_3D('',#16835,#13577,#13578);
#10859=AXIS2_PLACEMENT_3D('',#16837,#13579,#13580);
#10860=AXIS2_PLACEMENT_3D('',#16839,#13581,#13582);
#10861=AXIS2_PLACEMENT_3D('',#16843,#13584,#13585);
#10862=AXIS2_PLACEMENT_3D('',#16845,#13586,#13587);
#10863=AXIS2_PLACEMENT_3D('',#16847,#13588,#13589);
#10864=AXIS2_PLACEMENT_3D('',#16849,#13590,#13591);
#10865=AXIS2_PLACEMENT_3D('',#16851,#13592,#13593);
#10866=AXIS2_PLACEMENT_3D('',#16852,#13594,#13595);
#10867=AXIS2_PLACEMENT_3D('',#16855,#13596,#13597);
#10868=AXIS2_PLACEMENT_3D('',#16857,#13598,#13599);
#10869=AXIS2_PLACEMENT_3D('',#16859,#13600,#13601);
#10870=AXIS2_PLACEMENT_3D('',#16861,#13602,#13603);
#10871=AXIS2_PLACEMENT_3D('',#16863,#13604,#13605);
#10872=AXIS2_PLACEMENT_3D('',#16864,#13606,#13607);
#10873=AXIS2_PLACEMENT_3D('',#16867,#13609,#13610);
#10874=AXIS2_PLACEMENT_3D('',#16870,#13612,#13613);
#10875=AXIS2_PLACEMENT_3D('',#16873,#13615,#13616);
#10876=AXIS2_PLACEMENT_3D('',#16874,#13617,#13618);
#10877=AXIS2_PLACEMENT_3D('',#16877,#13620,#13621);
#10878=AXIS2_PLACEMENT_3D('',#16878,#13622,#13623);
#10879=AXIS2_PLACEMENT_3D('',#16881,#13625,#13626);
#10880=AXIS2_PLACEMENT_3D('',#16882,#13627,#13628);
#10881=AXIS2_PLACEMENT_3D('',#16885,#13630,#13631);
#10882=AXIS2_PLACEMENT_3D('',#16886,#13632,#13633);
#10883=AXIS2_PLACEMENT_3D('',#16889,#13635,#13636);
#10884=AXIS2_PLACEMENT_3D('',#16890,#13637,#13638);
#10885=AXIS2_PLACEMENT_3D('',#16893,#13640,#13641);
#10886=AXIS2_PLACEMENT_3D('',#16894,#13642,#13643);
#10887=AXIS2_PLACEMENT_3D('',#16897,#13645,#13646);
#10888=AXIS2_PLACEMENT_3D('',#16898,#13647,#13648);
#10889=AXIS2_PLACEMENT_3D('',#16901,#13650,#13651);
#10890=AXIS2_PLACEMENT_3D('',#16902,#13652,#13653);
#10891=AXIS2_PLACEMENT_3D('',#16903,#13654,#13655);
#10892=AXIS2_PLACEMENT_3D('',#16908,#13657,#13658);
#10893=AXIS2_PLACEMENT_3D('',#16911,#13660,#13661);
#10894=AXIS2_PLACEMENT_3D('',#16912,#13662,#13663);
#10895=AXIS2_PLACEMENT_3D('',#16916,#13665,#13666);
#10896=AXIS2_PLACEMENT_3D('',#16917,#13667,#13668);
#10897=AXIS2_PLACEMENT_3D('',#16918,#13669,#13670);
#10898=AXIS2_PLACEMENT_3D('',#16922,#13672,#13673);
#10899=AXIS2_PLACEMENT_3D('',#16923,#13674,#13675);
#10900=AXIS2_PLACEMENT_3D('',#16924,#13676,#13677);
#10901=AXIS2_PLACEMENT_3D('',#16929,#13679,#13680);
#10902=AXIS2_PLACEMENT_3D('',#16932,#13682,#13683);
#10903=AXIS2_PLACEMENT_3D('',#16933,#13684,#13685);
#10904=AXIS2_PLACEMENT_3D('',#16937,#13687,#13688);
#10905=AXIS2_PLACEMENT_3D('',#16938,#13689,#13690);
#10906=AXIS2_PLACEMENT_3D('',#16939,#13691,#13692);
#10907=AXIS2_PLACEMENT_3D('',#16943,#13694,#13695);
#10908=AXIS2_PLACEMENT_3D('',#16944,#13696,#13697);
#10909=AXIS2_PLACEMENT_3D('',#16945,#13698,#13699);
#10910=AXIS2_PLACEMENT_3D('',#16946,#13700,#13701);
#10911=AXIS2_PLACEMENT_3D('',#16947,#13702,#13703);
#10912=AXIS2_PLACEMENT_3D('',#16948,#13704,#13705);
#10913=AXIS2_PLACEMENT_3D('',#16949,#13706,#13707);
#10914=AXIS2_PLACEMENT_3D('',#16950,#13708,#13709);
#10915=AXIS2_PLACEMENT_3D('',#16951,#13710,#13711);
#10916=AXIS2_PLACEMENT_3D('',#16952,#13712,#13713);
#10917=AXIS2_PLACEMENT_3D('',#16953,#13714,#13715);
#10918=AXIS2_PLACEMENT_3D('',#16954,#13716,#13717);
#10919=AXIS2_PLACEMENT_3D('',#16955,#13718,#13719);
#10920=AXIS2_PLACEMENT_3D('',#16958,#13721,#13722);
#10921=AXIS2_PLACEMENT_3D('',#16961,#13724,#13725);
#10922=AXIS2_PLACEMENT_3D('',#16964,#13727,#13728);
#10923=AXIS2_PLACEMENT_3D('',#16965,#13729,#13730);
#10924=AXIS2_PLACEMENT_3D('',#16968,#13732,#13733);
#10925=AXIS2_PLACEMENT_3D('',#16969,#13734,#13735);
#10926=AXIS2_PLACEMENT_3D('',#16972,#13737,#13738);
#10927=AXIS2_PLACEMENT_3D('',#16973,#13739,#13740);
#10928=AXIS2_PLACEMENT_3D('',#16976,#13742,#13743);
#10929=AXIS2_PLACEMENT_3D('',#16977,#13744,#13745);
#10930=AXIS2_PLACEMENT_3D('',#16978,#13746,#13747);
#10931=AXIS2_PLACEMENT_3D('',#16979,#13748,#13749);
#10932=AXIS2_PLACEMENT_3D('',#16980,#13750,#13751);
#10933=AXIS2_PLACEMENT_3D('',#16983,#13753,#13754);
#10934=AXIS2_PLACEMENT_3D('',#16986,#13756,#13757);
#10935=AXIS2_PLACEMENT_3D('',#16989,#13759,#13760);
#10936=AXIS2_PLACEMENT_3D('',#16990,#13761,#13762);
#10937=AXIS2_PLACEMENT_3D('',#16993,#13764,#13765);
#10938=AXIS2_PLACEMENT_3D('',#16994,#13766,#13767);
#10939=AXIS2_PLACEMENT_3D('',#16995,#13768,#13769);
#10940=AXIS2_PLACEMENT_3D('',#16996,#13770,#13771);
#10941=AXIS2_PLACEMENT_3D('',#16997,#13772,#13773);
#10942=AXIS2_PLACEMENT_3D('',#17000,#13775,#13776);
#10943=AXIS2_PLACEMENT_3D('',#17003,#13778,#13779);
#10944=AXIS2_PLACEMENT_3D('',#17006,#13781,#13782);
#10945=AXIS2_PLACEMENT_3D('',#17007,#13783,#13784);
#10946=AXIS2_PLACEMENT_3D('',#17010,#13786,#13787);
#10947=AXIS2_PLACEMENT_3D('',#17011,#13788,#13789);
#10948=AXIS2_PLACEMENT_3D('',#17014,#13791,#13792);
#10949=AXIS2_PLACEMENT_3D('',#17015,#13793,#13794);
#10950=AXIS2_PLACEMENT_3D('',#17018,#13796,#13797);
#10951=AXIS2_PLACEMENT_3D('',#17019,#13798,#13799);
#10952=AXIS2_PLACEMENT_3D('',#17022,#13801,#13802);
#10953=AXIS2_PLACEMENT_3D('',#17023,#13803,#13804);
#10954=AXIS2_PLACEMENT_3D('',#17026,#13806,#13807);
#10955=AXIS2_PLACEMENT_3D('',#17027,#13808,#13809);
#10956=AXIS2_PLACEMENT_3D('',#17030,#13811,#13812);
#10957=AXIS2_PLACEMENT_3D('',#17031,#13813,#13814);
#10958=AXIS2_PLACEMENT_3D('',#17034,#13816,#13817);
#10959=AXIS2_PLACEMENT_3D('',#17035,#13818,#13819);
#10960=AXIS2_PLACEMENT_3D('',#17038,#13821,#13822);
#10961=AXIS2_PLACEMENT_3D('',#17039,#13823,#13824);
#10962=AXIS2_PLACEMENT_3D('',#17042,#13826,#13827);
#10963=AXIS2_PLACEMENT_3D('',#17043,#13828,#13829);
#10964=AXIS2_PLACEMENT_3D('',#17044,#13830,#13831);
#10965=AXIS2_PLACEMENT_3D('',#17049,#13833,#13834);
#10966=AXIS2_PLACEMENT_3D('',#17052,#13836,#13837);
#10967=AXIS2_PLACEMENT_3D('',#17053,#13838,#13839);
#10968=AXIS2_PLACEMENT_3D('',#17057,#13841,#13842);
#10969=AXIS2_PLACEMENT_3D('',#17058,#13843,#13844);
#10970=AXIS2_PLACEMENT_3D('',#17059,#13845,#13846);
#10971=AXIS2_PLACEMENT_3D('',#17063,#13848,#13849);
#10972=AXIS2_PLACEMENT_3D('',#17064,#13850,#13851);
#10973=AXIS2_PLACEMENT_3D('',#17065,#13852,#13853);
#10974=AXIS2_PLACEMENT_3D('',#17066,#13854,#13855);
#10975=AXIS2_PLACEMENT_3D('',#17067,#13856,#13857);
#10976=AXIS2_PLACEMENT_3D('',#17068,#13858,#13859);
#10977=AXIS2_PLACEMENT_3D('',#17069,#13860,#13861);
#10978=AXIS2_PLACEMENT_3D('',#17070,#13862,#13863);
#10979=AXIS2_PLACEMENT_3D('',#17071,#13864,#13865);
#10980=AXIS2_PLACEMENT_3D('',#17077,#13869,#13870);
#10981=AXIS2_PLACEMENT_3D('',#17080,#13872,#13873);
#10982=AXIS2_PLACEMENT_3D('',#17081,#13874,#13875);
#10983=AXIS2_PLACEMENT_3D('',#17085,#13878,#13879);
#10984=AXIS2_PLACEMENT_3D('',#17088,#13881,#13882);
#10985=AXIS2_PLACEMENT_3D('',#17089,#13883,#13884);
#10986=AXIS2_PLACEMENT_3D('',#17093,#13887,#13888);
#10987=AXIS2_PLACEMENT_3D('',#17096,#13890,#13891);
#10988=AXIS2_PLACEMENT_3D('',#17097,#13892,#13893);
#10989=AXIS2_PLACEMENT_3D('',#17101,#13896,#13897);
#10990=AXIS2_PLACEMENT_3D('',#17105,#13900,#13901);
#10991=AXIS2_PLACEMENT_3D('',#17108,#13903,#13904);
#10992=AXIS2_PLACEMENT_3D('',#17109,#13905,#13906);
#10993=AXIS2_PLACEMENT_3D('',#17112,#13908,#13909);
#10994=AXIS2_PLACEMENT_3D('',#17113,#13910,#13911);
#10995=AXIS2_PLACEMENT_3D('',#17116,#13913,#13914);
#10996=AXIS2_PLACEMENT_3D('',#17117,#13915,#13916);
#10997=AXIS2_PLACEMENT_3D('',#17121,#13919,#13920);
#10998=AXIS2_PLACEMENT_3D('',#17124,#13922,#13923);
#10999=AXIS2_PLACEMENT_3D('',#17125,#13924,#13925);
#11000=AXIS2_PLACEMENT_3D('',#17129,#13928,#13929);
#11001=AXIS2_PLACEMENT_3D('',#17130,#13930,#13931);
#11002=AXIS2_PLACEMENT_3D('',#17135,#13933,#13934);
#11003=AXIS2_PLACEMENT_3D('',#17138,#13936,#13937);
#11004=AXIS2_PLACEMENT_3D('',#17139,#13938,#13939);
#11005=AXIS2_PLACEMENT_3D('',#17143,#13941,#13942);
#11006=AXIS2_PLACEMENT_3D('',#17144,#13943,#13944);
#11007=AXIS2_PLACEMENT_3D('',#17145,#13945,#13946);
#11008=AXIS2_PLACEMENT_3D('',#17149,#13948,#13949);
#11009=AXIS2_PLACEMENT_3D('',#17150,#13950,#13951);
#11010=AXIS2_PLACEMENT_3D('',#17151,#13952,#13953);
#11011=AXIS2_PLACEMENT_3D('',#17152,#13954,#13955);
#11012=AXIS2_PLACEMENT_3D('',#17153,#13956,#13957);
#11013=AXIS2_PLACEMENT_3D('',#17154,#13958,#13959);
#11014=AXIS2_PLACEMENT_3D('',#17155,#13960,#13961);
#11015=AXIS2_PLACEMENT_3D('',#17156,#13962,#13963);
#11016=AXIS2_PLACEMENT_3D('',#17157,#13964,#13965);
#11017=AXIS2_PLACEMENT_3D('',#17163,#13969,#13970);
#11018=AXIS2_PLACEMENT_3D('',#17167,#13973,#13974);
#11019=AXIS2_PLACEMENT_3D('',#17170,#13976,#13977);
#11020=AXIS2_PLACEMENT_3D('',#17171,#13978,#13979);
#11021=AXIS2_PLACEMENT_3D('',#17175,#13982,#13983);
#11022=AXIS2_PLACEMENT_3D('',#17179,#13986,#13987);
#11023=AXIS2_PLACEMENT_3D('',#17183,#13990,#13991);
#11024=AXIS2_PLACEMENT_3D('',#17187,#13994,#13995);
#11025=AXIS2_PLACEMENT_3D('',#17191,#13998,#13999);
#11026=AXIS2_PLACEMENT_3D('',#17195,#14002,#14003);
#11027=AXIS2_PLACEMENT_3D('',#17199,#14006,#14007);
#11028=AXIS2_PLACEMENT_3D('',#17201,#14009,#14010);
#11029=AXIS2_PLACEMENT_3D('',#17202,#14011,#14012);
#11030=AXIS2_PLACEMENT_3D('',#17208,#14016,#14017);
#11031=AXIS2_PLACEMENT_3D('',#17212,#14020,#14021);
#11032=AXIS2_PLACEMENT_3D('',#17216,#14024,#14025);
#11033=AXIS2_PLACEMENT_3D('',#17219,#14027,#14028);
#11034=AXIS2_PLACEMENT_3D('',#17220,#14029,#14030);
#11035=AXIS2_PLACEMENT_3D('',#17224,#14033,#14034);
#11036=AXIS2_PLACEMENT_3D('',#17227,#14036,#14037);
#11037=AXIS2_PLACEMENT_3D('',#17228,#14038,#14039);
#11038=AXIS2_PLACEMENT_3D('',#17232,#14042,#14043);
#11039=AXIS2_PLACEMENT_3D('',#17234,#14045,#14046);
#11040=AXIS2_PLACEMENT_3D('',#17235,#14047,#14048);
#11041=AXIS2_PLACEMENT_3D('',#17238,#14050,#14051);
#11042=AXIS2_PLACEMENT_3D('',#17241,#14053,#14054);
#11043=AXIS2_PLACEMENT_3D('',#17244,#14056,#14057);
#11044=AXIS2_PLACEMENT_3D('',#17245,#14058,#14059);
#11045=AXIS2_PLACEMENT_3D('',#17248,#14061,#14062);
#11046=AXIS2_PLACEMENT_3D('',#17249,#14063,#14064);
#11047=AXIS2_PLACEMENT_3D('',#17252,#14066,#14067);
#11048=AXIS2_PLACEMENT_3D('',#17253,#14068,#14069);
#11049=AXIS2_PLACEMENT_3D('',#17256,#14071,#14072);
#11050=AXIS2_PLACEMENT_3D('',#17257,#14073,#14074);
#11051=AXIS2_PLACEMENT_3D('',#17260,#14076,#14077);
#11052=AXIS2_PLACEMENT_3D('',#17261,#14078,#14079);
#11053=AXIS2_PLACEMENT_3D('',#17264,#14081,#14082);
#11054=AXIS2_PLACEMENT_3D('',#17265,#14083,#14084);
#11055=AXIS2_PLACEMENT_3D('',#17268,#14086,#14087);
#11056=AXIS2_PLACEMENT_3D('',#17269,#14088,#14089);
#11057=AXIS2_PLACEMENT_3D('',#17272,#14091,#14092);
#11058=AXIS2_PLACEMENT_3D('',#17273,#14093,#14094);
#11059=AXIS2_PLACEMENT_3D('',#17276,#14096,#14097);
#11060=AXIS2_PLACEMENT_3D('',#17277,#14098,#14099);
#11061=AXIS2_PLACEMENT_3D('',#17280,#14101,#14102);
#11062=AXIS2_PLACEMENT_3D('',#17281,#14103,#14104);
#11063=AXIS2_PLACEMENT_3D('',#17284,#14106,#14107);
#11064=AXIS2_PLACEMENT_3D('',#17285,#14108,#14109);
#11065=AXIS2_PLACEMENT_3D('',#17288,#14111,#14112);
#11066=AXIS2_PLACEMENT_3D('',#17289,#14113,#14114);
#11067=AXIS2_PLACEMENT_3D('',#17292,#14116,#14117);
#11068=AXIS2_PLACEMENT_3D('',#17293,#14118,#14119);
#11069=AXIS2_PLACEMENT_3D('',#17294,#14120,#14121);
#11070=AXIS2_PLACEMENT_3D('',#17299,#14123,#14124);
#11071=AXIS2_PLACEMENT_3D('',#17302,#14126,#14127);
#11072=AXIS2_PLACEMENT_3D('',#17303,#14128,#14129);
#11073=AXIS2_PLACEMENT_3D('',#17307,#14131,#14132);
#11074=AXIS2_PLACEMENT_3D('',#17308,#14133,#14134);
#11075=AXIS2_PLACEMENT_3D('',#17309,#14135,#14136);
#11076=AXIS2_PLACEMENT_3D('',#17313,#14138,#14139);
#11077=AXIS2_PLACEMENT_3D('',#17314,#14140,#14141);
#11078=AXIS2_PLACEMENT_3D('',#17315,#14142,#14143);
#11079=AXIS2_PLACEMENT_3D('',#17319,#14145,#14146);
#11080=AXIS2_PLACEMENT_3D('',#17320,#14147,#14148);
#11081=AXIS2_PLACEMENT_3D('',#17321,#14149,#14150);
#11082=AXIS2_PLACEMENT_3D('',#17325,#14152,#14153);
#11083=AXIS2_PLACEMENT_3D('',#17326,#14154,#14155);
#11084=AXIS2_PLACEMENT_3D('',#17327,#14156,#14157);
#11085=AXIS2_PLACEMENT_3D('',#17328,#14158,#14159);
#11086=AXIS2_PLACEMENT_3D('',#17329,#14160,#14161);
#11087=AXIS2_PLACEMENT_3D('',#17330,#14162,#14163);
#11088=AXIS2_PLACEMENT_3D('',#17331,#14164,#14165);
#11089=AXIS2_PLACEMENT_3D('',#17332,#14166,#14167);
#11090=AXIS2_PLACEMENT_3D('',#17333,#14168,#14169);
#11091=AXIS2_PLACEMENT_3D('',#17336,#14171,#14172);
#11092=AXIS2_PLACEMENT_3D('',#17339,#14174,#14175);
#11093=AXIS2_PLACEMENT_3D('',#17342,#14177,#14178);
#11094=AXIS2_PLACEMENT_3D('',#17343,#14179,#14180);
#11095=AXIS2_PLACEMENT_3D('',#17346,#14182,#14183);
#11096=AXIS2_PLACEMENT_3D('',#17347,#14184,#14185);
#11097=AXIS2_PLACEMENT_3D('',#17350,#14187,#14188);
#11098=AXIS2_PLACEMENT_3D('',#17351,#14189,#14190);
#11099=AXIS2_PLACEMENT_3D('',#17354,#14192,#14193);
#11100=AXIS2_PLACEMENT_3D('',#17355,#14194,#14195);
#11101=AXIS2_PLACEMENT_3D('',#17358,#14197,#14198);
#11102=AXIS2_PLACEMENT_3D('',#17359,#14199,#14200);
#11103=AXIS2_PLACEMENT_3D('',#17362,#14202,#14203);
#11104=AXIS2_PLACEMENT_3D('',#17363,#14204,#14205);
#11105=AXIS2_PLACEMENT_3D('',#17366,#14207,#14208);
#11106=AXIS2_PLACEMENT_3D('',#17367,#14209,#14210);
#11107=AXIS2_PLACEMENT_3D('',#17370,#14212,#14213);
#11108=AXIS2_PLACEMENT_3D('',#17371,#14214,#14215);
#11109=AXIS2_PLACEMENT_3D('',#17372,#14216,#14217);
#11110=AXIS2_PLACEMENT_3D('',#17373,#14218,#14219);
#11111=AXIS2_PLACEMENT_3D('',#17374,#14220,#14221);
#11112=AXIS2_PLACEMENT_3D('',#17377,#14223,#14224);
#11113=AXIS2_PLACEMENT_3D('',#17380,#14226,#14227);
#11114=AXIS2_PLACEMENT_3D('',#17384,#14230,#14231);
#11115=AXIS2_PLACEMENT_3D('',#17387,#14233,#14234);
#11116=AXIS2_PLACEMENT_3D('',#17388,#14235,#14236);
#11117=AXIS2_PLACEMENT_3D('',#17391,#14238,#14239);
#11118=AXIS2_PLACEMENT_3D('',#17392,#14240,#14241);
#11119=AXIS2_PLACEMENT_3D('',#17395,#14243,#14244);
#11120=AXIS2_PLACEMENT_3D('',#17396,#14245,#14246);
#11121=AXIS2_PLACEMENT_3D('',#17397,#14247,#14248);
#11122=AXIS2_PLACEMENT_3D('',#17398,#14249,#14250);
#11123=AXIS2_PLACEMENT_3D('',#17399,#14251,#14252);
#11124=AXIS2_PLACEMENT_3D('',#17402,#14254,#14255);
#11125=AXIS2_PLACEMENT_3D('',#17405,#14257,#14258);
#11126=AXIS2_PLACEMENT_3D('',#17408,#14260,#14261);
#11127=AXIS2_PLACEMENT_3D('',#17409,#14262,#14263);
#11128=AXIS2_PLACEMENT_3D('',#17412,#14265,#14266);
#11129=AXIS2_PLACEMENT_3D('',#17413,#14267,#14268);
#11130=AXIS2_PLACEMENT_3D('',#17416,#14270,#14271);
#11131=AXIS2_PLACEMENT_3D('',#17417,#14272,#14273);
#11132=AXIS2_PLACEMENT_3D('',#17420,#14275,#14276);
#11133=AXIS2_PLACEMENT_3D('',#17421,#14277,#14278);
#11134=AXIS2_PLACEMENT_3D('',#17422,#14279,#14280);
#11135=AXIS2_PLACEMENT_3D('',#17423,#14281,#14282);
#11136=AXIS2_PLACEMENT_3D('',#17424,#14283,#14284);
#11137=AXIS2_PLACEMENT_3D('',#17425,#14285,#14286);
#11138=DIRECTION('',(0.,0.,1.));
#11139=DIRECTION('',(1.,0.,0.));
#11140=DIRECTION('',(0.,0.,1.));
#11141=DIRECTION('',(1.,0.,0.));
#11142=DIRECTION('',(0.,0.,-1.));
#11143=DIRECTION('',(-1.,0.,0.));
#11144=DIRECTION('',(0.,0.,-1.));
#11145=DIRECTION('',(-1.,0.,0.));
#11146=DIRECTION('',(0.,0.,-1.));
#11147=DIRECTION('',(-1.,0.,0.));
#11148=DIRECTION('',(0.,0.,-1.));
#11149=DIRECTION('',(-1.,0.,0.));
#11150=DIRECTION('',(0.,0.,-1.));
#11151=DIRECTION('',(-1.,0.,0.));
#11152=DIRECTION('',(0.,0.,-1.));
#11153=DIRECTION('',(-1.,0.,0.));
#11154=DIRECTION('',(0.,0.,-1.));
#11155=DIRECTION('',(-1.,0.,0.));
#11156=DIRECTION('',(0.,0.,-1.));
#11157=DIRECTION('',(-1.,0.,0.));
#11158=DIRECTION('',(0.,0.,-1.));
#11159=DIRECTION('',(-1.,0.,0.));
#11160=DIRECTION('',(0.,0.,-1.));
#11161=DIRECTION('',(-1.,0.,0.));
#11162=DIRECTION('',(0.,0.,-1.));
#11163=DIRECTION('',(-1.,0.,0.));
#11164=DIRECTION('',(0.,0.,-1.));
#11165=DIRECTION('',(-1.,0.,0.));
#11166=DIRECTION('',(0.,0.,-1.));
#11167=DIRECTION('',(-1.,0.,0.));
#11168=DIRECTION('',(0.,0.,-1.));
#11169=DIRECTION('',(-1.,0.,0.));
#11170=DIRECTION('',(0.,0.,-1.));
#11171=DIRECTION('',(-1.,0.,0.));
#11172=DIRECTION('',(0.,0.,-1.));
#11173=DIRECTION('',(-1.,0.,0.));
#11174=DIRECTION('',(0.,0.,-1.));
#11175=DIRECTION('',(-1.,0.,0.));
#11176=DIRECTION('',(0.,0.,-1.));
#11177=DIRECTION('',(-1.,0.,0.));
#11178=DIRECTION('',(0.,0.,-1.));
#11179=DIRECTION('',(-1.,0.,0.));
#11180=DIRECTION('',(0.,0.,-1.));
#11181=DIRECTION('',(-1.,0.,0.));
#11182=DIRECTION('',(0.,0.,-1.));
#11183=DIRECTION('',(-1.,0.,0.));
#11184=DIRECTION('',(0.,0.,-1.));
#11185=DIRECTION('',(-1.,0.,0.));
#11186=DIRECTION('',(0.,0.,-1.));
#11187=DIRECTION('',(-1.,0.,0.));
#11188=DIRECTION('',(0.01957813040668,-0.999808330036202,0.));
#11189=DIRECTION('',(1.,0.,0.));
#11190=DIRECTION('',(0.,0.,-1.));
#11191=DIRECTION('',(-1.,0.,0.));
#11192=DIRECTION('',(0.,0.,-1.));
#11193=DIRECTION('',(-1.,0.,0.));
#11194=DIRECTION('',(0.,0.,-1.));
#11195=DIRECTION('',(-1.,0.,0.));
#11196=DIRECTION('',(0.,0.,-1.));
#11197=DIRECTION('',(-1.,0.,0.));
#11198=DIRECTION('',(0.,0.,-1.));
#11199=DIRECTION('',(-1.,0.,0.));
#11200=DIRECTION('',(0.,0.,-1.));
#11201=DIRECTION('',(-1.,0.,0.));
#11202=DIRECTION('',(0.,0.,-1.));
#11203=DIRECTION('',(-1.,0.,0.));
#11204=DIRECTION('',(0.,0.,-1.));
#11205=DIRECTION('',(-1.,0.,0.));
#11206=DIRECTION('',(0.,0.,-1.));
#11207=DIRECTION('',(-1.,0.,0.));
#11208=DIRECTION('',(0.,0.,-1.));
#11209=DIRECTION('',(-1.,0.,0.));
#11210=DIRECTION('',(0.,0.,-1.));
#11211=DIRECTION('',(-1.,0.,0.));
#11212=DIRECTION('',(0.,0.,-1.));
#11213=DIRECTION('',(-1.,0.,0.));
#11214=DIRECTION('',(0.,0.,-1.));
#11215=DIRECTION('',(-1.,0.,0.));
#11216=DIRECTION('',(0.,0.,-1.));
#11217=DIRECTION('',(-1.,0.,0.));
#11218=DIRECTION('',(0.,0.,-1.));
#11219=DIRECTION('',(-1.,0.,0.));
#11220=DIRECTION('',(0.,0.,-1.));
#11221=DIRECTION('',(-1.,0.,0.));
#11222=DIRECTION('',(0.,0.,-1.));
#11223=DIRECTION('',(-1.,0.,0.));
#11224=DIRECTION('',(0.,0.,-1.));
#11225=DIRECTION('',(-1.,0.,0.));
#11226=DIRECTION('',(0.,0.,-1.));
#11227=DIRECTION('',(-1.,0.,0.));
#11228=DIRECTION('',(0.,0.,-1.));
#11229=DIRECTION('',(-1.,0.,0.));
#11230=DIRECTION('',(0.,0.,-1.));
#11231=DIRECTION('',(-1.,0.,0.));
#11232=DIRECTION('',(0.,0.,-1.));
#11233=DIRECTION('',(-1.,0.,0.));
#11234=DIRECTION('',(0.,0.,-1.));
#11235=DIRECTION('',(-1.,0.,0.));
#11236=DIRECTION('',(0.,0.,-1.));
#11237=DIRECTION('',(-1.,0.,0.));
#11238=DIRECTION('',(0.,0.,-1.));
#11239=DIRECTION('',(-1.,0.,0.));
#11240=DIRECTION('',(0.,0.,1.));
#11241=DIRECTION('',(1.,0.,0.));
#11242=DIRECTION('',(0.,0.,1.));
#11243=DIRECTION('',(1.,0.,0.));
#11244=DIRECTION('',(-1.,-1.16620065611886E-16,0.));
#11245=DIRECTION('',(0.,0.,1.));
#11246=DIRECTION('',(1.,0.,0.));
#11247=DIRECTION('',(0.,0.,1.));
#11248=DIRECTION('',(1.,0.,0.));
#11249=DIRECTION('',(-1.38777878078145E-16,1.,0.));
#11250=DIRECTION('',(0.,0.,1.));
#11251=DIRECTION('',(1.,0.,0.));
#11252=DIRECTION('',(0.,0.,1.));
#11253=DIRECTION('',(1.,0.,0.));
#11254=DIRECTION('',(-1.,-1.16620065611886E-16,0.));
#11255=DIRECTION('',(0.,0.,1.));
#11256=DIRECTION('',(1.,0.,0.));
#11257=DIRECTION('',(0.,0.,1.));
#11258=DIRECTION('',(1.,0.,0.));
#11259=DIRECTION('',(-1.38777878078145E-16,1.,0.));
#11260=DIRECTION('',(0.,0.,-1.));
#11261=DIRECTION('',(-1.,0.,0.));
#11262=DIRECTION('',(0.,0.,-1.));
#11263=DIRECTION('',(-1.,0.,0.));
#11264=DIRECTION('',(0.,0.,-1.));
#11265=DIRECTION('',(-1.,0.,0.));
#11266=DIRECTION('',(0.,0.,-1.));
#11267=DIRECTION('',(-1.,0.,0.));
#11268=DIRECTION('',(0.,0.,-1.));
#11269=DIRECTION('',(-1.,0.,0.));
#11270=DIRECTION('',(0.,0.,-1.));
#11271=DIRECTION('',(-1.,0.,0.));
#11272=DIRECTION('',(0.,0.,-1.));
#11273=DIRECTION('',(-1.,0.,0.));
#11274=DIRECTION('',(0.,0.,-1.));
#11275=DIRECTION('',(-1.,0.,0.));
#11276=DIRECTION('',(0.,0.,-1.));
#11277=DIRECTION('',(-1.,0.,0.));
#11278=DIRECTION('',(0.,0.,-1.));
#11279=DIRECTION('',(-1.,0.,0.));
#11280=DIRECTION('',(0.,0.,-1.));
#11281=DIRECTION('',(-1.,0.,0.));
#11282=DIRECTION('',(0.,0.,-1.));
#11283=DIRECTION('',(-1.,0.,0.));
#11284=DIRECTION('',(0.,0.,-1.));
#11285=DIRECTION('',(-1.,0.,0.));
#11286=DIRECTION('',(0.,0.,-1.));
#11287=DIRECTION('',(-1.,0.,0.));
#11288=DIRECTION('',(0.,0.,-1.));
#11289=DIRECTION('',(-1.,0.,0.));
#11290=DIRECTION('',(0.,0.,-1.));
#11291=DIRECTION('',(-1.,0.,0.));
#11292=DIRECTION('',(0.,0.,-1.));
#11293=DIRECTION('',(-1.,0.,0.));
#11294=DIRECTION('',(0.,0.,-1.));
#11295=DIRECTION('',(-1.,0.,0.));
#11296=DIRECTION('',(0.,0.,-1.));
#11297=DIRECTION('',(-1.,0.,0.));
#11298=DIRECTION('',(0.999996492985079,-0.00264839905271849,0.));
#11299=DIRECTION('',(0.999993031229161,-0.0037332952086668,0.));
#11300=DIRECTION('',(0.,1.,0.));
#11301=DIRECTION('',(1.,0.,0.));
#11302=DIRECTION('',(0.,0.,-1.));
#11303=DIRECTION('',(-1.,0.,0.));
#11304=DIRECTION('',(-1.,0.,0.));
#11305=DIRECTION('',(-0.999996862189672,0.00250511692561672,0.));
#11306=DIRECTION('',(0.,0.,-1.));
#11307=DIRECTION('',(-1.,0.,0.));
#11308=DIRECTION('',(0.,-1.,0.));
#11309=DIRECTION('',(0.,0.,-1.));
#11310=DIRECTION('',(-1.,0.,0.));
#11311=DIRECTION('',(-1.,0.,0.));
#11312=DIRECTION('',(0.,0.,-1.));
#11313=DIRECTION('',(-1.,0.,0.));
#11314=DIRECTION('',(0.,-1.,0.));
#11315=DIRECTION('',(0.,0.,-1.));
#11316=DIRECTION('',(-1.,0.,0.));
#11317=DIRECTION('',(1.,0.,0.));
#11318=DIRECTION('',(0.,0.,-1.));
#11319=DIRECTION('',(-1.,0.,0.));
#11320=DIRECTION('',(1.,0.,0.));
#11321=DIRECTION('',(0.,0.,-1.));
#11322=DIRECTION('',(-1.,0.,0.));
#11323=DIRECTION('',(1.,0.,0.));
#11324=DIRECTION('',(0.,0.,-1.));
#11325=DIRECTION('',(-1.,0.,0.));
#11326=DIRECTION('',(0.,0.,-1.));
#11327=DIRECTION('',(-1.,0.,0.));
#11328=DIRECTION('',(0.,0.,-1.));
#11329=DIRECTION('',(-1.,0.,0.));
#11330=DIRECTION('',(1.,0.,0.));
#11331=DIRECTION('',(0.,0.,-1.));
#11332=DIRECTION('',(-1.,0.,0.));
#11333=DIRECTION('',(0.,0.,-1.));
#11334=DIRECTION('',(-1.,0.,0.));
#11335=DIRECTION('',(1.,0.,0.));
#11336=DIRECTION('',(0.,0.,-1.));
#11337=DIRECTION('',(-1.,0.,0.));
#11338=DIRECTION('',(0.,0.,-1.));
#11339=DIRECTION('',(-1.,0.,0.));
#11340=DIRECTION('',(1.,0.,0.));
#11341=DIRECTION('',(0.,0.,-1.));
#11342=DIRECTION('',(-1.,0.,0.));
#11343=DIRECTION('',(0.,0.,-1.));
#11344=DIRECTION('',(-1.,0.,0.));
#11345=DIRECTION('',(1.,0.,0.));
#11346=DIRECTION('',(0.,0.,-1.));
#11347=DIRECTION('',(-1.,0.,0.));
#11348=DIRECTION('',(0.,0.,-1.));
#11349=DIRECTION('',(-1.,0.,0.));
#11350=DIRECTION('',(0.,0.,-1.));
#11351=DIRECTION('',(-1.,0.,0.));
#11352=DIRECTION('',(1.,0.,0.));
#11353=DIRECTION('',(0.,1.,0.));
#11354=DIRECTION('',(0.,0.,-1.));
#11355=DIRECTION('',(-1.,0.,0.));
#11356=DIRECTION('',(-1.,0.,0.));
#11357=DIRECTION('',(0.,-1.,0.));
#11358=DIRECTION('',(0.,0.,-1.));
#11359=DIRECTION('',(-1.,0.,0.));
#11360=DIRECTION('',(-1.,0.,0.));
#11361=DIRECTION('',(0.,0.,-1.));
#11362=DIRECTION('',(-1.,0.,0.));
#11363=DIRECTION('',(-1.,0.,0.));
#11364=DIRECTION('',(-0.284522334328136,0.958669411876935,0.));
#11365=DIRECTION('',(0.,0.,-1.));
#11366=DIRECTION('',(-1.,0.,0.));
#11367=DIRECTION('',(0.,0.,-1.));
#11368=DIRECTION('',(-1.,0.,0.));
#11369=DIRECTION('',(0.,0.,-1.));
#11370=DIRECTION('',(-1.,0.,0.));
#11371=DIRECTION('',(0.,0.,-1.));
#11372=DIRECTION('',(-1.,0.,0.));
#11373=DIRECTION('',(0.,0.,-1.));
#11374=DIRECTION('',(-1.,0.,0.));
#11375=DIRECTION('',(1.16620065611886E-16,-1.,0.));
#11376=DIRECTION('',(1.,1.16620065611886E-16,0.));
#11377=DIRECTION('',(-1.,-1.16620065611886E-16,0.));
#11378=DIRECTION('',(0.,0.,-1.));
#11379=DIRECTION('',(1.16620065611886E-16,-1.,0.));
#11380=DIRECTION('',(1.,1.16620065611886E-16,0.));
#11381=DIRECTION('',(-1.,-1.16620065611886E-16,0.));
#11382=DIRECTION('',(1.16620065611886E-16,-1.,0.));
#11383=DIRECTION('',(1.,1.16620065611886E-16,0.));
#11384=DIRECTION('',(0.,0.,-1.));
#11385=DIRECTION('',(-1.,-1.16620065611886E-16,0.));
#11386=DIRECTION('',(0.,0.,-1.));
#11387=DIRECTION('',(-1.,-1.16620065611886E-16,0.));
#11388=DIRECTION('',(0.,0.,-1.));
#11389=DIRECTION('',(0.,0.,1.));
#11390=DIRECTION('',(1.,0.,0.));
#11391=DIRECTION('',(-1.16620065611886E-16,1.,0.));
#11392=DIRECTION('',(0.,0.,1.));
#11393=DIRECTION('',(1.,0.,0.));
#11394=DIRECTION('',(0.,0.,1.));
#11395=DIRECTION('',(1.,0.,0.));
#11396=DIRECTION('',(-1.,-1.16620065611886E-16,0.));
#11397=DIRECTION('',(0.,0.,1.));
#11398=DIRECTION('',(1.,0.,0.));
#11399=DIRECTION('',(-1.,-1.16620065611886E-16,0.));
#11400=DIRECTION('',(-0.577350269189626,0.577350269189626,0.577350269189626));
#11401=DIRECTION('',(0.707106781186548,0.,0.707106781186548));
#11402=DIRECTION('',(-9.8130778667736E-17,0.707106781186548,0.707106781186548));
#11403=DIRECTION('',(0.707106781186548,8.24628392165849E-17,-0.707106781186548));
#11404=DIRECTION('',(-0.577350269189626,0.577350269189626,-0.577350269189626));
#11405=DIRECTION('',(-0.707106781186548,0.,0.707106781186548));
#11406=DIRECTION('',(-0.707106781186548,-8.24628392165849E-17,-0.707106781186548));
#11407=DIRECTION('',(9.8130778667736E-17,-0.707106781186548,0.707106781186548));
#11408=DIRECTION('',(0.577350269189626,0.577350269189626,0.577350269189626));
#11409=DIRECTION('',(0.,-0.707106781186548,0.707106781186548));
#11410=DIRECTION('',(0.707106781186548,8.24628392165849E-17,0.707106781186548));
#11411=DIRECTION('',(9.8130778667736E-17,-0.707106781186548,-0.707106781186548));
#11412=DIRECTION('',(0.577350269189626,0.577350269189626,-0.577350269189626));
#11413=DIRECTION('',(0.,0.707106781186548,0.707106781186548));
#11414=DIRECTION('',(-9.8130778667736E-17,0.707106781186548,-0.707106781186548));
#11415=DIRECTION('',(-0.707106781186548,-8.24628392165849E-17,0.707106781186548));
#11416=DIRECTION('',(0.577350269189626,-0.577350269189626,0.577350269189626));
#11417=DIRECTION('',(0.707106781186548,0.,-0.707106781186548));
#11418=DIRECTION('',(9.81307786677354E-17,-0.707106781186543,0.707106781186552));
#11419=DIRECTION('',(-0.707106781186548,-8.24628392165849E-17,-0.707106781186548));
#11420=DIRECTION('',(0.577350269189626,-0.577350269189626,-0.577350269189626));
#11421=DIRECTION('',(-0.707106781186548,0.,-0.707106781186548));
#11422=DIRECTION('',(0.707106781186548,8.24628392165849E-17,-0.707106781186548));
#11423=DIRECTION('',(-9.81307786677354E-17,0.707106781186543,0.707106781186552));
#11424=DIRECTION('',(-0.577350269189626,-0.577350269189626,0.577350269189626));
#11425=DIRECTION('',(0.,-0.707106781186548,-0.707106781186548));
#11426=DIRECTION('',(-0.707106781186548,-8.24628392165849E-17,0.707106781186548));
#11427=DIRECTION('',(-9.8130778667736E-17,0.707106781186548,-0.707106781186548));
#11428=DIRECTION('',(-0.577350269189626,-0.577350269189626,-0.577350269189626));
#11429=DIRECTION('',(0.,0.707106781186548,-0.707106781186548));
#11430=DIRECTION('',(9.8130778667736E-17,-0.707106781186548,-0.707106781186548));
#11431=DIRECTION('',(0.707106781186548,8.24628392165849E-17,0.707106781186548));
#11432=DIRECTION('',(0.,0.,1.));
#11433=DIRECTION('',(1.,0.,0.));
#11434=DIRECTION('',(0.,0.,1.));
#11435=DIRECTION('',(1.,0.,0.));
#11436=DIRECTION('',(-1.,-1.16620065611886E-16,0.));
#11437=DIRECTION('',(0.,0.,1.));
#11438=DIRECTION('',(1.,0.,0.));
#11439=DIRECTION('',(1.,0.,0.));
#11440=DIRECTION('',(1.16620065611886E-16,-1.,0.));
#11441=DIRECTION('',(1.,1.16620065611886E-16,0.));
#11442=DIRECTION('',(0.,0.,1.));
#11443=DIRECTION('',(-1.,-1.16620065611886E-16,0.));
#11444=DIRECTION('',(0.,0.,-1.));
#11445=DIRECTION('',(0.,1.,0.));
#11446=DIRECTION('',(0.,0.,1.));
#11447=DIRECTION('',(1.,0.,0.));
#11448=DIRECTION('',(0.,0.,1.));
#11449=DIRECTION('',(1.,0.,0.));
#11450=DIRECTION('',(0.,0.,-1.));
#11451=DIRECTION('',(-1.,-1.38777878078145E-16,0.));
#11452=DIRECTION('',(1.38777878078145E-16,-1.,0.));
#11453=DIRECTION('',(0.,0.,1.));
#11454=DIRECTION('',(-1.38777878078145E-16,1.,0.));
#11455=DIRECTION('',(0.,0.,-1.));
#11456=DIRECTION('',(-1.38777878078145E-16,1.,0.));
#11457=DIRECTION('',(1.,-1.45317149820047E-16,0.));
#11458=DIRECTION('',(1.45317149820047E-16,1.,0.));
#11459=DIRECTION('',(0.,0.,1.));
#11460=DIRECTION('',(-1.45317149820047E-16,-1.,0.));
#11461=DIRECTION('',(0.,0.,-1.));
#11462=DIRECTION('',(-1.45317149820047E-16,-1.,0.));
#11463=DIRECTION('',(0.,0.,1.));
#11464=DIRECTION('',(1.,0.,0.));
#11465=DIRECTION('',(0.,0.,1.));
#11466=DIRECTION('',(1.,0.,0.));
#11467=DIRECTION('',(-1.38777878078145E-16,1.,0.));
#11468=DIRECTION('',(0.,0.,1.));
#11469=DIRECTION('',(1.,0.,0.));
#11470=DIRECTION('',(1.16620065611886E-16,-1.,0.));
#11471=DIRECTION('',(1.,1.16620065611886E-16,0.));
#11472=DIRECTION('',(0.,0.,1.));
#11473=DIRECTION('',(1.,1.16620065611886E-16,0.));
#11474=DIRECTION('',(0.,0.,1.));
#11475=DIRECTION('',(0.,0.,1.));
#11476=DIRECTION('',(-1.,-1.16620065611886E-16,0.));
#11477=DIRECTION('',(0.,0.,-1.));
#11478=DIRECTION('',(-1.,-1.16620065611886E-16,0.));
#11479=DIRECTION('',(0.,1.,0.));
#11480=DIRECTION('',(0.,0.,1.));
#11481=DIRECTION('',(0.,0.,1.));
#11482=DIRECTION('',(1.,0.,0.));
#11483=DIRECTION('',(0.,0.,-1.));
#11484=DIRECTION('',(1.,0.,0.));
#11485=DIRECTION('',(0.,0.,1.));
#11486=DIRECTION('',(1.,0.,0.));
#11487=DIRECTION('',(0.,0.,1.));
#11488=DIRECTION('',(1.,0.,0.));
#11489=DIRECTION('',(-1.,-1.16620065611886E-16,0.));
#11490=DIRECTION('',(0.,0.,1.));
#11491=DIRECTION('',(1.,0.,0.));
#11492=DIRECTION('',(-1.,-1.38777878078145E-16,0.));
#11493=DIRECTION('',(1.38777878078145E-16,-1.,0.));
#11494=DIRECTION('',(-1.38777878078145E-16,1.,0.));
#11495=DIRECTION('',(0.,0.,1.));
#11496=DIRECTION('',(-1.38777878078145E-16,1.,0.));
#11497=DIRECTION('',(0.,0.,-1.));
#11498=DIRECTION('',(1.,-1.45317149820047E-16,0.));
#11499=DIRECTION('',(1.45317149820047E-16,1.,0.));
#11500=DIRECTION('',(-1.45317149820047E-16,-1.,0.));
#11501=DIRECTION('',(0.,0.,1.));
#11502=DIRECTION('',(-1.45317149820047E-16,-1.,0.));
#11503=DIRECTION('',(0.,0.,-1.));
#11504=DIRECTION('',(0.,0.,1.));
#11505=DIRECTION('',(1.,0.,0.));
#11506=DIRECTION('',(0.,0.,1.));
#11507=DIRECTION('',(1.,0.,0.));
#11508=DIRECTION('',(0.,0.,1.));
#11509=DIRECTION('',(1.,0.,0.));
#11510=DIRECTION('',(-1.38777878078145E-16,1.,0.));
#11511=DIRECTION('',(0.,0.,1.));
#11512=DIRECTION('',(1.,0.,0.));
#11513=DIRECTION('',(0.,0.,1.));
#11514=DIRECTION('',(1.,0.,0.));
#11515=DIRECTION('',(0.,0.,1.));
#11516=DIRECTION('',(1.,0.,0.));
#11517=DIRECTION('',(-1.,-1.16620065611886E-16,0.));
#11518=DIRECTION('',(0.,0.,1.));
#11519=DIRECTION('',(1.,0.,0.));
#11520=DIRECTION('',(0.,0.,1.));
#11521=DIRECTION('',(1.,0.,0.));
#11522=DIRECTION('',(-1.,-1.16620065611886E-16,0.));
#11523=DIRECTION('',(0.,0.,1.));
#11524=DIRECTION('',(1.,0.,0.));
#11525=DIRECTION('',(-1.,-1.16620065611886E-16,0.));
#11526=DIRECTION('',(0.,0.,1.));
#11527=DIRECTION('',(1.,0.,0.));
#11528=DIRECTION('',(-1.,-1.38777878078145E-16,0.));
#11529=DIRECTION('',(1.38777878078145E-16,-1.,0.));
#11530=DIRECTION('',(0.,0.,-1.));
#11531=DIRECTION('',(-1.38777878078145E-16,1.,0.));
#11532=DIRECTION('',(0.,0.,-1.));
#11533=DIRECTION('',(-1.38777878078145E-16,1.,0.));
#11534=DIRECTION('',(-1.,-1.38777878078145E-16,0.));
#11535=DIRECTION('',(1.38777878078145E-16,-1.,0.));
#11536=DIRECTION('',(0.,0.,-1.));
#11537=DIRECTION('',(0.,0.,-1.));
#11538=DIRECTION('',(-1.,-1.38777878078145E-16,0.));
#11539=DIRECTION('',(1.38777878078145E-16,-1.,0.));
#11540=DIRECTION('',(0.,0.,1.));
#11541=DIRECTION('',(-1.38777878078145E-16,1.,0.));
#11542=DIRECTION('',(0.,0.,-1.));
#11543=DIRECTION('',(1.,-1.45317149820047E-16,0.));
#11544=DIRECTION('',(1.45317149820047E-16,1.,0.));
#11545=DIRECTION('',(0.,0.,1.));
#11546=DIRECTION('',(-1.45317149820047E-16,-1.,0.));
#11547=DIRECTION('',(0.,0.,-1.));
#11548=DIRECTION('',(-1.45317149820047E-16,-1.,0.));
#11549=DIRECTION('',(1.16620065611886E-16,-1.,0.));
#11550=DIRECTION('',(1.,1.16620065611886E-16,0.));
#11551=DIRECTION('',(0.,0.,-1.));
#11552=DIRECTION('',(-1.,-1.16620065611886E-16,0.));
#11553=DIRECTION('',(0.,0.,-1.));
#11554=DIRECTION('',(1.16620065611886E-16,-1.,0.));
#11555=DIRECTION('',(1.,1.16620065611886E-16,0.));
#11556=DIRECTION('',(0.,0.,-1.));
#11557=DIRECTION('',(1.16620065611886E-16,-1.,0.));
#11558=DIRECTION('',(1.,1.16620065611886E-16,0.));
#11559=DIRECTION('',(0.,0.,1.));
#11560=DIRECTION('',(0.,0.,-1.));
#11561=DIRECTION('',(0.,1.,0.));
#11562=DIRECTION('',(0.,0.,1.));
#11563=DIRECTION('',(1.,0.,0.));
#11564=DIRECTION('',(0.,0.,1.));
#11565=DIRECTION('',(0.,0.,-1.));
#11566=DIRECTION('',(1.16620065611886E-16,-1.,0.));
#11567=DIRECTION('',(1.,1.16620065611886E-16,0.));
#11568=DIRECTION('',(0.,0.,-1.));
#11569=DIRECTION('',(0.,0.,-1.));
#11570=DIRECTION('',(1.16620065611886E-16,-1.,0.));
#11571=DIRECTION('',(1.,1.16620065611886E-16,0.));
#11572=DIRECTION('',(0.,0.,1.));
#11573=DIRECTION('',(0.,0.,-1.));
#11574=DIRECTION('',(0.,0.,1.));
#11575=DIRECTION('',(1.,0.,0.));
#11576=DIRECTION('',(0.,0.,1.));
#11577=DIRECTION('',(1.,0.,0.));
#11578=DIRECTION('',(0.,0.,1.));
#11579=DIRECTION('',(1.,0.,0.));
#11580=DIRECTION('',(0.,1.,0.));
#11581=DIRECTION('',(0.,0.,1.));
#11582=DIRECTION('',(0.,0.,1.));
#11583=DIRECTION('',(1.,0.,0.));
#11584=DIRECTION('',(0.,0.,-1.));
#11585=DIRECTION('',(1.,0.,0.));
#11586=DIRECTION('',(0.,0.,1.));
#11587=DIRECTION('',(1.,0.,0.));
#11588=DIRECTION('',(0.,0.,1.));
#11589=DIRECTION('',(1.,0.,0.));
#11590=DIRECTION('',(0.,0.,1.));
#11591=DIRECTION('',(1.,0.,0.));
#11592=DIRECTION('',(0.,0.,1.));
#11593=DIRECTION('',(1.,0.,0.));
#11594=DIRECTION('',(0.,0.,1.));
#11595=DIRECTION('',(1.,0.,0.));
#11596=DIRECTION('',(0.,0.,1.));
#11597=DIRECTION('',(1.,0.,0.));
#11598=DIRECTION('',(-1.16620065611886E-16,1.,0.));
#11599=DIRECTION('',(0.,0.,1.));
#11600=DIRECTION('',(1.,0.,0.));
#11601=DIRECTION('',(-1.,-1.38777878078145E-16,0.));
#11602=DIRECTION('',(1.38777878078145E-16,-1.,0.));
#11603=DIRECTION('',(0.,0.,-1.));
#11604=DIRECTION('',(0.,0.,1.));
#11605=DIRECTION('',(1.,0.,0.));
#11606=DIRECTION('',(0.,0.,1.));
#11607=DIRECTION('',(1.,0.,0.));
#11608=DIRECTION('',(-1.38777878078145E-16,1.,0.));
#11609=DIRECTION('',(0.,0.,1.));
#11610=DIRECTION('',(1.,0.,0.));
#11611=DIRECTION('',(-1.38777878078145E-16,1.,0.));
#11612=DIRECTION('',(0.,0.,1.));
#11613=DIRECTION('',(1.,0.,0.));
#11614=DIRECTION('',(-1.,-1.38777878078145E-16,0.));
#11615=DIRECTION('',(1.38777878078145E-16,-1.,0.));
#11616=DIRECTION('',(0.,0.,-1.));
#11617=DIRECTION('',(0.,0.,-1.));
#11618=DIRECTION('',(-1.,-1.38777878078145E-16,0.));
#11619=DIRECTION('',(1.38777878078145E-16,-1.,0.));
#11620=DIRECTION('',(0.,0.,-1.));
#11621=DIRECTION('',(-1.38777878078145E-16,1.,0.));
#11622=DIRECTION('',(0.,0.,-1.));
#11623=DIRECTION('',(-1.,-1.38777878078145E-16,0.));
#11624=DIRECTION('',(1.38777878078145E-16,-1.,0.));
#11625=DIRECTION('',(0.,0.,1.));
#11626=DIRECTION('',(0.,0.,-1.));
#11627=DIRECTION('',(1.,-1.45317149820047E-16,0.));
#11628=DIRECTION('',(1.45317149820047E-16,1.,0.));
#11629=DIRECTION('',(-1.45317149820047E-16,-1.,0.));
#11630=DIRECTION('',(0.,0.,1.));
#11631=DIRECTION('',(-1.45317149820047E-16,-1.,0.));
#11632=DIRECTION('',(0.,0.,-1.));
#11633=DIRECTION('',(1.16620065611886E-16,-1.,0.));
#11634=DIRECTION('',(1.,1.16620065611886E-16,0.));
#11635=DIRECTION('',(0.,0.,-1.));
#11636=DIRECTION('',(0.,0.,1.));
#11637=DIRECTION('',(1.,0.,0.));
#11638=DIRECTION('',(0.,0.,1.));
#11639=DIRECTION('',(1.,0.,0.));
#11640=DIRECTION('',(0.,0.,1.));
#11641=DIRECTION('',(1.,0.,0.));
#11642=DIRECTION('',(1.16620065611886E-16,-1.,0.));
#11643=DIRECTION('',(1.,1.16620065611886E-16,0.));
#11644=DIRECTION('',(0.,0.,-1.));
#11645=DIRECTION('',(0.,0.,-1.));
#11646=DIRECTION('',(-1.,-1.38777878078145E-16,0.));
#11647=DIRECTION('',(1.38777878078145E-16,-1.,0.));
#11648=DIRECTION('',(0.,0.,-1.));
#11649=DIRECTION('',(0.,0.,1.));
#11650=DIRECTION('',(1.,0.,0.));
#11651=DIRECTION('',(0.,0.,1.));
#11652=DIRECTION('',(1.,0.,0.));
#11653=DIRECTION('',(0.,0.,1.));
#11654=DIRECTION('',(1.,0.,0.));
#11655=DIRECTION('',(0.,0.,1.));
#11656=DIRECTION('',(1.,0.,0.));
#11657=DIRECTION('',(0.,0.,1.));
#11658=DIRECTION('',(1.,0.,0.));
#11659=DIRECTION('',(0.,0.,1.));
#11660=DIRECTION('',(1.,0.,0.));
#11661=DIRECTION('',(0.,0.,1.));
#11662=DIRECTION('',(1.,0.,0.));
#11663=DIRECTION('',(0.,0.,1.));
#11664=DIRECTION('',(1.,0.,0.));
#11665=DIRECTION('',(0.,0.,1.));
#11666=DIRECTION('',(1.,0.,0.));
#11667=DIRECTION('',(-1.45317149820047E-16,-1.,0.));
#11668=DIRECTION('',(1.,0.,0.));
#11669=DIRECTION('',(-1.45317149820047E-16,-1.,0.));
#11670=DIRECTION('',(1.,0.,0.));
#11671=DIRECTION('',(0.,0.,1.));
#11672=DIRECTION('',(1.,0.,0.));
#11673=DIRECTION('',(0.,0.,1.));
#11674=DIRECTION('',(1.,0.,0.));
#11675=DIRECTION('',(0.,0.,1.));
#11676=DIRECTION('',(1.,0.,0.));
#11677=DIRECTION('',(1.,-1.45317149820047E-16,0.));
#11678=DIRECTION('',(1.45317149820047E-16,1.,0.));
#11679=DIRECTION('',(1.45317149820047E-16,1.,0.));
#11680=DIRECTION('',(0.,0.,-1.));
#11681=DIRECTION('',(0.,0.,-1.));
#11682=DIRECTION('',(0.,1.,0.));
#11683=DIRECTION('',(0.,0.,1.));
#11684=DIRECTION('',(-1.,0.,0.));
#11685=DIRECTION('',(0.,0.,-1.));
#11686=DIRECTION('',(1.,-1.45317149820047E-16,0.));
#11687=DIRECTION('',(1.45317149820047E-16,1.,0.));
#11688=DIRECTION('',(0.,0.,-1.));
#11689=DIRECTION('',(1.45317149820047E-16,1.,0.));
#11690=DIRECTION('',(0.,1.,0.));
#11691=DIRECTION('',(0.,0.,1.));
#11692=DIRECTION('',(-1.,0.,0.));
#11693=DIRECTION('',(0.,0.,1.));
#11694=DIRECTION('',(1.,0.,0.));
#11695=DIRECTION('',(0.,0.,-1.));
#11696=DIRECTION('',(-1.,0.,0.));
#11697=DIRECTION('',(0.,0.,1.));
#11698=DIRECTION('',(1.,0.,0.));
#11699=DIRECTION('',(0.,0.,1.));
#11700=DIRECTION('',(1.,0.,0.));
#11701=DIRECTION('',(0.,0.,-1.));
#11702=DIRECTION('',(-1.,0.,0.));
#11703=DIRECTION('',(0.,0.,1.));
#11704=DIRECTION('',(1.,0.,0.));
#11705=DIRECTION('',(0.,0.,1.));
#11706=DIRECTION('',(1.,0.,0.));
#11707=DIRECTION('',(0.,0.,-1.));
#11708=DIRECTION('',(-1.,0.,0.));
#11709=DIRECTION('',(0.,0.,1.));
#11710=DIRECTION('',(1.,0.,0.));
#11711=DIRECTION('',(0.,0.,1.));
#11712=DIRECTION('',(1.,0.,0.));
#11713=DIRECTION('',(0.,0.,-1.));
#11714=DIRECTION('',(-1.,0.,0.));
#11715=DIRECTION('',(0.,0.,1.));
#11716=DIRECTION('',(1.,0.,0.));
#11717=DIRECTION('',(0.,0.,1.));
#11718=DIRECTION('',(1.,0.,0.));
#11719=DIRECTION('',(0.,0.,1.));
#11720=DIRECTION('',(1.,0.,0.));
#11721=DIRECTION('',(0.,0.,1.));
#11722=DIRECTION('',(1.,0.,0.));
#11723=DIRECTION('',(0.,0.,1.));
#11724=DIRECTION('',(1.,0.,0.));
#11725=DIRECTION('',(0.,0.,1.));
#11726=DIRECTION('',(1.,0.,0.));
#11727=DIRECTION('',(1.,1.16620065611886E-16,0.));
#11728=DIRECTION('',(-1.16620065611886E-16,1.,0.));
#11729=DIRECTION('',(1.38777878078145E-16,-1.,0.));
#11730=DIRECTION('',(1.,1.38777878078145E-16,0.));
#11731=DIRECTION('',(-1.,-1.16620065611886E-16,0.));
#11732=DIRECTION('',(1.16620065611886E-16,-1.,0.));
#11733=DIRECTION('',(-1.38777878078145E-16,1.,0.));
#11734=DIRECTION('',(-1.,-1.38777878078145E-16,0.));
#11735=DIRECTION('',(1.,1.16620065611886E-16,0.));
#11736=DIRECTION('',(-1.16620065611886E-16,1.,0.));
#11737=DIRECTION('',(0.,0.,-1.));
#11738=DIRECTION('',(-1.16620065611886E-16,1.,0.));
#11739=DIRECTION('',(0.,0.,-1.));
#11740=DIRECTION('',(-1.,0.,0.));
#11741=DIRECTION('',(-1.,-1.16620065611886E-16,0.));
#11742=DIRECTION('',(-1.16620065611886E-16,1.,0.));
#11743=DIRECTION('',(1.,1.16620065611886E-16,0.));
#11744=DIRECTION('',(-1.16620065611886E-16,1.,0.));
#11745=DIRECTION('',(0.,0.,-1.));
#11746=DIRECTION('',(0.,0.,-1.));
#11747=DIRECTION('',(-1.,0.,0.));
#11748=DIRECTION('',(0.,0.,-1.));
#11749=DIRECTION('',(-1.,0.,0.));
#11750=DIRECTION('',(1.16620065611886E-16,-1.,0.));
#11751=DIRECTION('',(1.,1.16620065611886E-16,0.));
#11752=DIRECTION('',(1.,0.,0.));
#11753=DIRECTION('',(0.,0.,-1.));
#11754=DIRECTION('',(-1.,-1.16620065611886E-16,0.));
#11755=DIRECTION('',(1.16620065611886E-16,-1.,0.));
#11756=DIRECTION('',(-1.,0.,0.));
#11757=DIRECTION('',(0.,0.,1.));
#11758=DIRECTION('',(1.16620065611886E-16,-1.,0.));
#11759=DIRECTION('',(1.,1.16620065611886E-16,0.));
#11760=DIRECTION('',(0.,0.,-1.));
#11761=DIRECTION('',(-1.,0.,0.));
#11762=DIRECTION('',(0.,0.,1.));
#11763=DIRECTION('',(1.,0.,0.));
#11764=DIRECTION('',(0.,0.,-1.));
#11765=DIRECTION('',(-1.,0.,0.));
#11766=DIRECTION('',(0.,0.,-1.));
#11767=DIRECTION('',(0.,0.,-1.));
#11768=DIRECTION('',(-1.,0.,0.));
#11769=DIRECTION('',(0.,0.,-1.));
#11770=DIRECTION('',(0.,0.,-1.));
#11771=DIRECTION('',(-1.,0.,0.));
#11772=DIRECTION('',(0.,0.,-1.));
#11773=DIRECTION('',(0.,0.,-1.));
#11774=DIRECTION('',(-1.,0.,0.));
#11775=DIRECTION('',(0.,0.,-1.));
#11776=DIRECTION('',(-1.,0.,0.));
#11777=DIRECTION('',(0.,0.,-1.));
#11778=DIRECTION('',(0.,0.,-1.));
#11779=DIRECTION('',(-1.,0.,0.));
#11780=DIRECTION('',(0.,0.,-1.));
#11781=DIRECTION('',(-1.,0.,0.));
#11782=DIRECTION('',(0.,0.,-1.));
#11783=DIRECTION('',(0.,0.,-1.));
#11784=DIRECTION('',(-1.,0.,0.));
#11785=DIRECTION('',(0.,0.,-1.));
#11786=DIRECTION('',(-1.,0.,0.));
#11787=DIRECTION('',(0.,0.,-1.));
#11788=DIRECTION('',(0.,0.,-1.));
#11789=DIRECTION('',(-1.,0.,0.));
#11790=DIRECTION('',(0.,0.,-1.));
#11791=DIRECTION('',(-1.,0.,0.));
#11792=DIRECTION('',(0.,0.,-1.));
#11793=DIRECTION('',(0.,0.,-1.));
#11794=DIRECTION('',(-1.,0.,0.));
#11795=DIRECTION('',(0.,0.,-1.));
#11796=DIRECTION('',(-1.,0.,0.));
#11797=DIRECTION('',(0.,0.,-1.));
#11798=DIRECTION('',(0.,0.,-1.));
#11799=DIRECTION('',(-1.,0.,0.));
#11800=DIRECTION('',(0.,0.,-1.));
#11801=DIRECTION('',(-1.,0.,0.));
#11802=DIRECTION('',(0.,0.,-1.));
#11803=DIRECTION('',(0.,0.,-1.));
#11804=DIRECTION('',(-1.,0.,0.));
#11805=DIRECTION('',(0.,0.,-1.));
#11806=DIRECTION('',(-1.,0.,0.));
#11807=DIRECTION('',(0.,0.,-1.));
#11808=DIRECTION('',(0.,0.,-1.));
#11809=DIRECTION('',(-1.,0.,0.));
#11810=DIRECTION('',(0.,0.,-1.));
#11811=DIRECTION('',(-1.,0.,0.));
#11812=DIRECTION('',(0.,0.,-1.));
#11813=DIRECTION('',(0.,0.,-1.));
#11814=DIRECTION('',(-1.,0.,0.));
#11815=DIRECTION('',(0.,0.,-1.));
#11816=DIRECTION('',(-1.,0.,0.));
#11817=DIRECTION('',(0.,0.,-1.));
#11818=DIRECTION('',(0.,0.,-1.));
#11819=DIRECTION('',(-1.,0.,0.));
#11820=DIRECTION('',(0.,0.,-1.));
#11821=DIRECTION('',(-1.,0.,0.));
#11822=DIRECTION('',(0.,0.,-1.));
#11823=DIRECTION('',(0.,0.,-1.));
#11824=DIRECTION('',(-1.,0.,0.));
#11825=DIRECTION('',(0.,0.,-1.));
#11826=DIRECTION('',(-1.,0.,0.));
#11827=DIRECTION('',(0.,0.,-1.));
#11828=DIRECTION('',(-1.,0.,0.));
#11829=DIRECTION('',(0.,0.,-1.));
#11830=DIRECTION('',(1.,0.,0.));
#11831=DIRECTION('',(0.,0.,-1.));
#11832=DIRECTION('',(-1.,0.,0.));
#11833=DIRECTION('',(0.,0.,-1.));
#11834=DIRECTION('',(0.,0.,-1.));
#11835=DIRECTION('',(-1.,0.,0.));
#11836=DIRECTION('',(0.,0.,-1.));
#11837=DIRECTION('',(0.,0.,-1.));
#11838=DIRECTION('',(-1.,0.,0.));
#11839=DIRECTION('',(0.,0.,-1.));
#11840=DIRECTION('',(0.,0.,-1.));
#11841=DIRECTION('',(-1.,0.,0.));
#11842=DIRECTION('',(0.,0.,-1.));
#11843=DIRECTION('',(-1.,0.,0.));
#11844=DIRECTION('',(0.,0.,-1.));
#11845=DIRECTION('',(0.,0.,-1.));
#11846=DIRECTION('',(-1.,0.,0.));
#11847=DIRECTION('',(0.,0.,-1.));
#11848=DIRECTION('',(-1.,0.,0.));
#11849=DIRECTION('',(0.,0.,-1.));
#11850=DIRECTION('',(0.,0.,-1.));
#11851=DIRECTION('',(-1.,0.,0.));
#11852=DIRECTION('',(0.,0.,-1.));
#11853=DIRECTION('',(-1.,0.,0.));
#11854=DIRECTION('',(0.,0.,-1.));
#11855=DIRECTION('',(0.,0.,-1.));
#11856=DIRECTION('',(-1.,0.,0.));
#11857=DIRECTION('',(0.,0.,-1.));
#11858=DIRECTION('',(-1.,0.,0.));
#11859=DIRECTION('',(0.,0.,-1.));
#11860=DIRECTION('',(0.,0.,-1.));
#11861=DIRECTION('',(-1.,0.,0.));
#11862=DIRECTION('',(0.,0.,-1.));
#11863=DIRECTION('',(-1.,0.,0.));
#11864=DIRECTION('',(0.,0.,-1.));
#11865=DIRECTION('',(0.,0.,-1.));
#11866=DIRECTION('',(-1.,0.,0.));
#11867=DIRECTION('',(0.,0.,-1.));
#11868=DIRECTION('',(-1.,0.,0.));
#11869=DIRECTION('',(0.,0.,-1.));
#11870=DIRECTION('',(0.,0.,-1.));
#11871=DIRECTION('',(-1.,0.,0.));
#11872=DIRECTION('',(0.,0.,-1.));
#11873=DIRECTION('',(-1.,0.,0.));
#11874=DIRECTION('',(0.,0.,-1.));
#11875=DIRECTION('',(0.,0.,-1.));
#11876=DIRECTION('',(-1.,0.,0.));
#11877=DIRECTION('',(0.,0.,-1.));
#11878=DIRECTION('',(-1.,0.,0.));
#11879=DIRECTION('',(0.,0.,-1.));
#11880=DIRECTION('',(0.,0.,-1.));
#11881=DIRECTION('',(-1.,0.,0.));
#11882=DIRECTION('',(0.,0.,-1.));
#11883=DIRECTION('',(-1.,0.,0.));
#11884=DIRECTION('',(0.,0.,-1.));
#11885=DIRECTION('',(0.,0.,-1.));
#11886=DIRECTION('',(-1.,0.,0.));
#11887=DIRECTION('',(0.,0.,-1.));
#11888=DIRECTION('',(-1.,0.,0.));
#11889=DIRECTION('',(0.,0.,-1.));
#11890=DIRECTION('',(0.,0.,-1.));
#11891=DIRECTION('',(-1.,0.,0.));
#11892=DIRECTION('',(0.,0.,-1.));
#11893=DIRECTION('',(-1.,0.,0.));
#11894=DIRECTION('',(0.,0.,-1.));
#11895=DIRECTION('',(0.,0.,-1.));
#11896=DIRECTION('',(-1.,0.,0.));
#11897=DIRECTION('',(0.,0.,-1.));
#11898=DIRECTION('',(-1.,0.,0.));
#11899=DIRECTION('',(0.,0.,-1.));
#11900=DIRECTION('',(0.,0.,-1.));
#11901=DIRECTION('',(-1.,0.,0.));
#11902=DIRECTION('',(0.,1.,0.));
#11903=DIRECTION('',(0.,0.,1.));
#11904=DIRECTION('',(0.,0.,-1.));
#11905=DIRECTION('',(1.,0.,0.));
#11906=DIRECTION('',(0.999808330036202,0.01957813040668,0.));
#11907=DIRECTION('',(-0.01957813040668,0.999808330036202,0.));
#11908=DIRECTION('',(0.,0.,-1.));
#11909=DIRECTION('',(0.01957813040668,-0.999808330036202,0.));
#11910=DIRECTION('',(0.,0.,-1.));
#11911=DIRECTION('',(-1.,0.,0.));
#11912=DIRECTION('',(0.,0.,-1.));
#11913=DIRECTION('',(0.,0.,-1.));
#11914=DIRECTION('',(-1.,0.,0.));
#11915=DIRECTION('',(0.,0.,-1.));
#11916=DIRECTION('',(-1.,0.,0.));
#11917=DIRECTION('',(0.,0.,-1.));
#11918=DIRECTION('',(0.,0.,-1.));
#11919=DIRECTION('',(-1.,0.,0.));
#11920=DIRECTION('',(0.,0.,-1.));
#11921=DIRECTION('',(-1.,0.,0.));
#11922=DIRECTION('',(0.,0.,-1.));
#11923=DIRECTION('',(-1.,0.,0.));
#11924=DIRECTION('',(0.,0.,-1.));
#11925=DIRECTION('',(0.,0.,-1.));
#11926=DIRECTION('',(-1.,0.,0.));
#11927=DIRECTION('',(0.,0.,-1.));
#11928=DIRECTION('',(0.,0.,-1.));
#11929=DIRECTION('',(-1.,0.,0.));
#11930=DIRECTION('',(0.,0.,-1.));
#11931=DIRECTION('',(-1.,0.,0.));
#11932=DIRECTION('',(0.,0.,-1.));
#11933=DIRECTION('',(0.,0.,-1.));
#11934=DIRECTION('',(-1.,0.,0.));
#11935=DIRECTION('',(0.,0.,-1.));
#11936=DIRECTION('',(-1.,0.,0.));
#11937=DIRECTION('',(0.,0.,-1.));
#11938=DIRECTION('',(-1.,0.,0.));
#11939=DIRECTION('',(0.,0.,-1.));
#11940=DIRECTION('',(0.,0.,-1.));
#11941=DIRECTION('',(-1.,0.,0.));
#11942=DIRECTION('',(0.,0.,-1.));
#11943=DIRECTION('',(0.,0.,-1.));
#11944=DIRECTION('',(-1.,0.,0.));
#11945=DIRECTION('',(0.,0.,-1.));
#11946=DIRECTION('',(-1.,0.,0.));
#11947=DIRECTION('',(0.,0.,-1.));
#11948=DIRECTION('',(-1.,0.,0.));
#11949=DIRECTION('',(0.,0.,-1.));
#11950=DIRECTION('',(-1.,0.,0.));
#11951=DIRECTION('',(0.,0.,-1.));
#11952=DIRECTION('',(-1.,0.,0.));
#11953=DIRECTION('',(0.,0.,-1.));
#11954=DIRECTION('',(-1.,0.,0.));
#11955=DIRECTION('',(0.,0.,-1.));
#11956=DIRECTION('',(-1.,0.,0.));
#11957=DIRECTION('',(0.,0.,-1.));
#11958=DIRECTION('',(-1.,0.,0.));
#11959=DIRECTION('',(0.,0.,-1.));
#11960=DIRECTION('',(1.,0.,0.));
#11961=DIRECTION('',(0.,0.,1.));
#11962=DIRECTION('',(1.,0.,0.));
#11963=DIRECTION('',(0.,0.,1.));
#11964=DIRECTION('',(1.,0.,0.));
#11965=DIRECTION('',(0.,0.,-1.));
#11966=DIRECTION('',(-1.,0.,0.));
#11967=DIRECTION('',(0.,0.,-1.));
#11968=DIRECTION('',(0.,0.,-1.));
#11969=DIRECTION('',(-1.,0.,0.));
#11970=DIRECTION('',(0.,0.,-1.));
#11971=DIRECTION('',(0.,0.,-1.));
#11972=DIRECTION('',(-1.,0.,0.));
#11973=DIRECTION('',(0.,0.,-1.));
#11974=DIRECTION('',(0.,0.,-1.));
#11975=DIRECTION('',(-1.,0.,0.));
#11976=DIRECTION('',(0.,0.,-1.));
#11977=DIRECTION('',(-1.,0.,0.));
#11978=DIRECTION('',(0.,0.,-1.));
#11979=DIRECTION('',(0.,0.,-1.));
#11980=DIRECTION('',(-1.,0.,0.));
#11981=DIRECTION('',(0.,0.,-1.));
#11982=DIRECTION('',(-1.,0.,0.));
#11983=DIRECTION('',(0.,0.,-1.));
#11984=DIRECTION('',(0.,0.,-1.));
#11985=DIRECTION('',(-1.,0.,0.));
#11986=DIRECTION('',(0.,0.,-1.));
#11987=DIRECTION('',(-1.,0.,0.));
#11988=DIRECTION('',(0.,0.,-1.));
#11989=DIRECTION('',(0.,0.,-1.));
#11990=DIRECTION('',(-1.,0.,0.));
#11991=DIRECTION('',(0.,0.,-1.));
#11992=DIRECTION('',(-1.,0.,0.));
#11993=DIRECTION('',(0.,0.,-1.));
#11994=DIRECTION('',(0.,0.,-1.));
#11995=DIRECTION('',(-1.,0.,0.));
#11996=DIRECTION('',(0.,0.,-1.));
#11997=DIRECTION('',(-1.,0.,0.));
#11998=DIRECTION('',(0.,0.,-1.));
#11999=DIRECTION('',(0.,0.,-1.));
#12000=DIRECTION('',(-1.,0.,0.));
#12001=DIRECTION('',(0.,0.,-1.));
#12002=DIRECTION('',(-1.,0.,0.));
#12003=DIRECTION('',(0.,0.,-1.));
#12004=DIRECTION('',(0.,0.,-1.));
#12005=DIRECTION('',(-1.,0.,0.));
#12006=DIRECTION('',(0.,0.,-1.));
#12007=DIRECTION('',(-1.,0.,0.));
#12008=DIRECTION('',(0.,0.,-1.));
#12009=DIRECTION('',(-1.,0.,0.));
#12010=DIRECTION('',(0.,0.,-1.));
#12011=DIRECTION('',(1.,0.,0.));
#12012=DIRECTION('',(0.,0.,-1.));
#12013=DIRECTION('',(-1.,0.,0.));
#12014=DIRECTION('',(0.,0.,-1.));
#12015=DIRECTION('',(0.,0.,-1.));
#12016=DIRECTION('',(-1.,0.,0.));
#12017=DIRECTION('',(0.,0.,-1.));
#12018=DIRECTION('',(0.,0.,-1.));
#12019=DIRECTION('',(-1.,0.,0.));
#12020=DIRECTION('',(0.,0.,-1.));
#12021=DIRECTION('',(0.,0.,-1.));
#12022=DIRECTION('',(-1.,0.,0.));
#12023=DIRECTION('',(0.,0.,-1.));
#12024=DIRECTION('',(-1.,0.,0.));
#12025=DIRECTION('',(0.,0.,-1.));
#12026=DIRECTION('',(0.,0.,-1.));
#12027=DIRECTION('',(-1.,0.,0.));
#12028=DIRECTION('',(0.,0.,-1.));
#12029=DIRECTION('',(-1.,0.,0.));
#12030=DIRECTION('',(0.,0.,-1.));
#12031=DIRECTION('',(0.,0.,-1.));
#12032=DIRECTION('',(-1.,0.,0.));
#12033=DIRECTION('',(0.,0.,-1.));
#12034=DIRECTION('',(-1.,0.,0.));
#12035=DIRECTION('',(0.,0.,-1.));
#12036=DIRECTION('',(0.,0.,-1.));
#12037=DIRECTION('',(-1.,0.,0.));
#12038=DIRECTION('',(0.,0.,-1.));
#12039=DIRECTION('',(-1.,0.,0.));
#12040=DIRECTION('',(0.,0.,-1.));
#12041=DIRECTION('',(0.,0.,-1.));
#12042=DIRECTION('',(-1.,0.,0.));
#12043=DIRECTION('',(0.,0.,-1.));
#12044=DIRECTION('',(-1.,0.,0.));
#12045=DIRECTION('',(0.,0.,-1.));
#12046=DIRECTION('',(0.,0.,-1.));
#12047=DIRECTION('',(-1.,0.,0.));
#12048=DIRECTION('',(0.,0.,-1.));
#12049=DIRECTION('',(-1.,0.,0.));
#12050=DIRECTION('',(0.,0.,-1.));
#12051=DIRECTION('',(0.,0.,-1.));
#12052=DIRECTION('',(-1.,0.,0.));
#12053=DIRECTION('',(0.,0.,-1.));
#12054=DIRECTION('',(-1.,0.,0.));
#12055=DIRECTION('',(0.,0.,-1.));
#12056=DIRECTION('',(-1.,0.,0.));
#12057=DIRECTION('',(0.,0.,-1.));
#12058=DIRECTION('',(0.,0.,-1.));
#12059=DIRECTION('',(-1.,0.,0.));
#12060=DIRECTION('',(0.,0.,-1.));
#12061=DIRECTION('',(0.,0.,-1.));
#12062=DIRECTION('',(-1.,0.,0.));
#12063=DIRECTION('',(0.,0.,-1.));
#12064=DIRECTION('',(-1.,0.,0.));
#12065=DIRECTION('',(0.,0.,-1.));
#12066=DIRECTION('',(0.,0.,-1.));
#12067=DIRECTION('',(-1.,0.,0.));
#12068=DIRECTION('',(0.,0.,-1.));
#12069=DIRECTION('',(-1.,0.,0.));
#12070=DIRECTION('',(0.,0.,-1.));
#12071=DIRECTION('',(-1.,0.,0.));
#12072=DIRECTION('',(0.,0.,-1.));
#12073=DIRECTION('',(0.,0.,-1.));
#12074=DIRECTION('',(-1.,0.,0.));
#12075=DIRECTION('',(0.,0.,-1.));
#12076=DIRECTION('',(-1.,0.,0.));
#12077=DIRECTION('',(0.,0.,-1.));
#12078=DIRECTION('',(-1.,0.,0.));
#12079=DIRECTION('',(0.,0.,-1.));
#12080=DIRECTION('',(-1.,0.,0.));
#12081=DIRECTION('',(0.,0.,-1.));
#12082=DIRECTION('',(-1.,0.,0.));
#12083=DIRECTION('',(0.,0.,-1.));
#12084=DIRECTION('',(-1.,0.,0.));
#12085=DIRECTION('',(0.,0.,-1.));
#12086=DIRECTION('',(1.,0.,0.));
#12087=DIRECTION('',(0.,0.,1.));
#12088=DIRECTION('',(1.,0.,0.));
#12089=DIRECTION('',(0.,0.,-1.));
#12090=DIRECTION('',(-1.,0.,0.));
#12091=DIRECTION('',(0.,0.,-1.));
#12092=DIRECTION('',(0.,0.,-1.));
#12093=DIRECTION('',(-1.,0.,0.));
#12094=DIRECTION('',(0.,0.,-1.));
#12095=DIRECTION('',(0.,0.,-1.));
#12096=DIRECTION('',(-1.,0.,0.));
#12097=DIRECTION('',(0.,0.,-1.));
#12098=DIRECTION('',(0.,0.,-1.));
#12099=DIRECTION('',(-1.,0.,0.));
#12100=DIRECTION('',(0.,0.,-1.));
#12101=DIRECTION('',(-1.,0.,0.));
#12102=DIRECTION('',(0.,0.,-1.));
#12103=DIRECTION('',(0.,0.,-1.));
#12104=DIRECTION('',(-1.,0.,0.));
#12105=DIRECTION('',(0.,0.,-1.));
#12106=DIRECTION('',(-1.,0.,0.));
#12107=DIRECTION('',(0.,0.,-1.));
#12108=DIRECTION('',(0.,0.,-1.));
#12109=DIRECTION('',(-1.,0.,0.));
#12110=DIRECTION('',(0.,0.,-1.));
#12111=DIRECTION('',(-1.,0.,0.));
#12112=DIRECTION('',(0.,0.,-1.));
#12113=DIRECTION('',(0.,0.,-1.));
#12114=DIRECTION('',(-1.,0.,0.));
#12115=DIRECTION('',(0.,0.,-1.));
#12116=DIRECTION('',(-1.,0.,0.));
#12117=DIRECTION('',(0.,0.,-1.));
#12118=DIRECTION('',(0.,0.,-1.));
#12119=DIRECTION('',(-1.,0.,0.));
#12120=DIRECTION('',(0.,0.,-1.));
#12121=DIRECTION('',(-1.,0.,0.));
#12122=DIRECTION('',(0.,0.,-1.));
#12123=DIRECTION('',(0.,0.,-1.));
#12124=DIRECTION('',(-1.,0.,0.));
#12125=DIRECTION('',(0.,0.,-1.));
#12126=DIRECTION('',(-1.,0.,0.));
#12127=DIRECTION('',(0.,0.,-1.));
#12128=DIRECTION('',(0.,0.,-1.));
#12129=DIRECTION('',(-1.,0.,0.));
#12130=DIRECTION('',(0.,0.,-1.));
#12131=DIRECTION('',(-1.,0.,0.));
#12132=DIRECTION('',(0.,0.,-1.));
#12133=DIRECTION('',(0.,0.,-1.));
#12134=DIRECTION('',(-1.,0.,0.));
#12135=DIRECTION('',(0.,0.,-1.));
#12136=DIRECTION('',(-1.,0.,0.));
#12137=DIRECTION('',(0.,0.,-1.));
#12138=DIRECTION('',(-1.,0.,0.));
#12139=DIRECTION('',(0.,0.,-1.));
#12140=DIRECTION('',(0.,0.,-1.));
#12141=DIRECTION('',(-1.,0.,0.));
#12142=DIRECTION('',(0.,0.,-1.));
#12143=DIRECTION('',(0.,0.,-1.));
#12144=DIRECTION('',(-1.,0.,0.));
#12145=DIRECTION('',(0.,0.,-1.));
#12146=DIRECTION('',(-1.,0.,0.));
#12147=DIRECTION('',(0.,0.,-1.));
#12148=DIRECTION('',(0.,0.,-1.));
#12149=DIRECTION('',(-1.,0.,0.));
#12150=DIRECTION('',(0.,0.,-1.));
#12151=DIRECTION('',(-1.,0.,0.));
#12152=DIRECTION('',(0.,0.,-1.));
#12153=DIRECTION('',(-1.,0.,0.));
#12154=DIRECTION('',(0.,0.,-1.));
#12155=DIRECTION('',(0.,0.,-1.));
#12156=DIRECTION('',(-1.,0.,0.));
#12157=DIRECTION('',(0.,0.,-1.));
#12158=DIRECTION('',(-1.,0.,0.));
#12159=DIRECTION('',(0.,0.,-1.));
#12160=DIRECTION('',(-1.,0.,0.));
#12161=DIRECTION('',(0.,0.,-1.));
#12162=DIRECTION('',(-1.,0.,0.));
#12163=DIRECTION('',(0.,0.,-1.));
#12164=DIRECTION('',(-1.,0.,0.));
#12165=DIRECTION('',(0.,0.,-1.));
#12166=DIRECTION('',(-1.,0.,0.));
#12167=DIRECTION('',(0.,0.,-1.));
#12168=DIRECTION('',(1.,0.,0.));
#12169=DIRECTION('',(0.,0.,1.));
#12170=DIRECTION('',(1.,0.,0.));
#12171=DIRECTION('',(0.910203905470247,0.414160416344573,0.));
#12172=DIRECTION('',(-0.414160416344573,0.910203905470247,0.));
#12173=DIRECTION('',(0.414160416344573,-0.910203905470247,0.));
#12174=DIRECTION('',(0.,0.,-1.));
#12175=DIRECTION('',(0.414160416344573,-0.910203905470247,0.));
#12176=DIRECTION('',(0.,0.,-1.));
#12177=DIRECTION('',(0.,1.,0.));
#12178=DIRECTION('',(0.,0.,1.));
#12179=DIRECTION('',(1.,0.,0.));
#12180=DIRECTION('',(0.,0.,-1.));
#12181=DIRECTION('',(1.,0.,0.));
#12182=DIRECTION('',(-0.999985394913394,-0.00540462393737312,0.));
#12183=DIRECTION('',(0.00540462393737312,-0.999985394913394,0.));
#12184=DIRECTION('',(-0.00540462393737312,0.999985394913394,0.));
#12185=DIRECTION('',(0.,0.,-1.));
#12186=DIRECTION('',(-0.00540462393737312,0.999985394913394,0.));
#12187=DIRECTION('',(0.,0.,-1.));
#12188=DIRECTION('',(-1.,0.,0.));
#12189=DIRECTION('',(0.,0.,-1.));
#12190=DIRECTION('',(-1.,0.,0.));
#12191=DIRECTION('',(0.,0.,-1.));
#12192=DIRECTION('',(0.,0.,-1.));
#12193=DIRECTION('',(-1.,0.,0.));
#12194=DIRECTION('',(0.,1.,0.));
#12195=DIRECTION('',(0.,0.,1.));
#12196=DIRECTION('',(1.,0.,0.));
#12197=DIRECTION('',(0.,0.,-1.));
#12198=DIRECTION('',(1.,0.,0.));
#12199=DIRECTION('',(1.,0.,0.));
#12200=DIRECTION('',(0.,0.,-1.));
#12201=DIRECTION('',(0.,-1.,0.));
#12202=DIRECTION('',(0.,0.,-1.));
#12203=DIRECTION('',(0.,-1.,0.));
#12204=DIRECTION('',(0.,1.,0.));
#12205=DIRECTION('',(0.,0.,1.));
#12206=DIRECTION('',(1.,0.,0.));
#12207=DIRECTION('',(0.,0.,-1.));
#12208=DIRECTION('',(1.,0.,0.));
#12209=DIRECTION('',(-1.,1.28225074818493E-16,0.));
#12210=DIRECTION('',(-1.28225074818493E-16,-1.,0.));
#12211=DIRECTION('',(1.28225074818493E-16,1.,0.));
#12212=DIRECTION('',(0.,0.,-1.));
#12213=DIRECTION('',(1.28225074818493E-16,1.,0.));
#12214=DIRECTION('',(0.,1.,0.));
#12215=DIRECTION('',(0.,0.,1.));
#12216=DIRECTION('',(1.,0.,0.));
#12217=DIRECTION('',(0.,0.,-1.));
#12218=DIRECTION('',(1.,0.,0.));
#12219=DIRECTION('',(0.,0.,-1.));
#12220=DIRECTION('',(-1.,0.,0.));
#12221=DIRECTION('',(0.,0.,-1.));
#12222=DIRECTION('',(-1.,0.,0.));
#12223=DIRECTION('',(0.,0.,-1.));
#12224=DIRECTION('',(0.,0.,-1.));
#12225=DIRECTION('',(-1.,0.,0.));
#12226=DIRECTION('',(0.,0.,-1.));
#12227=DIRECTION('',(-1.,0.,0.));
#12228=DIRECTION('',(0.,0.,-1.));
#12229=DIRECTION('',(-1.,0.,0.));
#12230=DIRECTION('',(0.,0.,-1.));
#12231=DIRECTION('',(0.,0.,-1.));
#12232=DIRECTION('',(-1.,0.,0.));
#12233=DIRECTION('',(0.,1.,0.));
#12234=DIRECTION('',(0.,0.,1.));
#12235=DIRECTION('',(1.,0.,0.));
#12236=DIRECTION('',(0.,0.,-1.));
#12237=DIRECTION('',(1.,0.,0.));
#12238=DIRECTION('',(0.,0.,-1.));
#12239=DIRECTION('',(-1.,0.,0.));
#12240=DIRECTION('',(0.,0.,-1.));
#12241=DIRECTION('',(-1.,0.,0.));
#12242=DIRECTION('',(0.,0.,-1.));
#12243=DIRECTION('',(0.,0.,-1.));
#12244=DIRECTION('',(-1.,0.,0.));
#12245=DIRECTION('',(1.,0.,0.));
#12246=DIRECTION('',(0.,0.,-1.));
#12247=DIRECTION('',(0.,-1.,0.));
#12248=DIRECTION('',(0.,0.,-1.));
#12249=DIRECTION('',(0.,-1.,0.));
#12250=DIRECTION('',(0.,0.,-1.));
#12251=DIRECTION('',(-1.,0.,0.));
#12252=DIRECTION('',(0.,0.,-1.));
#12253=DIRECTION('',(-1.,0.,0.));
#12254=DIRECTION('',(0.,0.,-1.));
#12255=DIRECTION('',(0.,0.,-1.));
#12256=DIRECTION('',(-1.,0.,0.));
#12257=DIRECTION('',(0.,1.,0.));
#12258=DIRECTION('',(0.,0.,1.));
#12259=DIRECTION('',(1.,0.,0.));
#12260=DIRECTION('',(0.,0.,-1.));
#12261=DIRECTION('',(1.,0.,0.));
#12262=DIRECTION('',(0.,0.,-1.));
#12263=DIRECTION('',(-1.,0.,0.));
#12264=DIRECTION('',(0.,0.,-1.));
#12265=DIRECTION('',(-1.,0.,0.));
#12266=DIRECTION('',(0.,0.,-1.));
#12267=DIRECTION('',(0.,0.,-1.));
#12268=DIRECTION('',(-1.,0.,0.));
#12269=DIRECTION('',(0.,0.,-1.));
#12270=DIRECTION('',(-1.,0.,0.));
#12271=DIRECTION('',(0.,0.,-1.));
#12272=DIRECTION('',(-1.,0.,0.));
#12273=DIRECTION('',(0.,0.,-1.));
#12274=DIRECTION('',(0.,0.,-1.));
#12275=DIRECTION('',(-1.,0.,0.));
#12276=DIRECTION('',(0.,1.,0.));
#12277=DIRECTION('',(0.,0.,1.));
#12278=DIRECTION('',(1.,0.,0.));
#12279=DIRECTION('',(0.,0.,-1.));
#12280=DIRECTION('',(1.,0.,0.));
#12281=DIRECTION('',(0.,0.,-1.));
#12282=DIRECTION('',(-1.,0.,0.));
#12283=DIRECTION('',(0.,0.,-1.));
#12284=DIRECTION('',(-1.,0.,0.));
#12285=DIRECTION('',(0.,0.,-1.));
#12286=DIRECTION('',(0.,0.,-1.));
#12287=DIRECTION('',(-1.,0.,0.));
#12288=DIRECTION('',(0.,1.,0.));
#12289=DIRECTION('',(0.,0.,1.));
#12290=DIRECTION('',(1.,0.,0.));
#12291=DIRECTION('',(0.,0.,-1.));
#12292=DIRECTION('',(1.,0.,0.));
#12293=DIRECTION('',(-1.,0.,0.));
#12294=DIRECTION('',(0.,0.,1.));
#12295=DIRECTION('',(0.,1.,0.));
#12296=DIRECTION('',(0.,0.,-1.));
#12297=DIRECTION('',(0.,1.,0.));
#12298=DIRECTION('',(0.,0.,-1.));
#12299=DIRECTION('',(-1.,0.,0.));
#12300=DIRECTION('',(0.,0.,-1.));
#12301=DIRECTION('',(-1.,0.,0.));
#12302=DIRECTION('',(0.,0.,-1.));
#12303=DIRECTION('',(0.,0.,-1.));
#12304=DIRECTION('',(-1.,0.,0.));
#12305=DIRECTION('',(0.,1.,0.));
#12306=DIRECTION('',(0.,0.,1.));
#12307=DIRECTION('',(1.,0.,0.));
#12308=DIRECTION('',(0.,0.,-1.));
#12309=DIRECTION('',(1.,0.,0.));
#12310=DIRECTION('',(0.,0.,-1.));
#12311=DIRECTION('',(-1.,0.,0.));
#12312=DIRECTION('',(0.,0.,-1.));
#12313=DIRECTION('',(-1.,0.,0.));
#12314=DIRECTION('',(0.,0.,-1.));
#12315=DIRECTION('',(0.,0.,-1.));
#12316=DIRECTION('',(-1.,0.,0.));
#12317=DIRECTION('',(-1.,0.,0.));
#12318=DIRECTION('',(0.,0.,1.));
#12319=DIRECTION('',(0.,1.,0.));
#12320=DIRECTION('',(0.,0.,-1.));
#12321=DIRECTION('',(0.,1.,0.));
#12322=DIRECTION('',(0.,0.,-1.));
#12323=DIRECTION('',(-1.,0.,0.));
#12324=DIRECTION('',(0.,0.,-1.));
#12325=DIRECTION('',(-1.,0.,0.));
#12326=DIRECTION('',(0.,0.,-1.));
#12327=DIRECTION('',(0.,0.,-1.));
#12328=DIRECTION('',(-1.,0.,0.));
#12329=DIRECTION('',(0.,-1.,0.));
#12330=DIRECTION('',(0.,0.,-1.));
#12331=DIRECTION('',(-1.,0.,0.));
#12332=DIRECTION('',(0.,0.,-1.));
#12333=DIRECTION('',(-1.,0.,0.));
#12334=DIRECTION('',(0.,0.,-1.));
#12335=DIRECTION('',(-1.,0.,0.));
#12336=DIRECTION('',(0.,0.,-1.));
#12337=DIRECTION('',(-1.,0.,0.));
#12338=DIRECTION('',(0.,0.,-1.));
#12339=DIRECTION('',(0.,0.,-1.));
#12340=DIRECTION('',(-1.,0.,0.));
#12341=DIRECTION('',(0.996089356628031,-0.0883515342954222,0.));
#12342=DIRECTION('',(0.0883515342954222,0.996089356628031,0.));
#12343=DIRECTION('',(-0.0883515342954222,-0.996089356628031,0.));
#12344=DIRECTION('',(0.,0.,-1.));
#12345=DIRECTION('',(-0.0883515342954222,-0.996089356628031,0.));
#12346=DIRECTION('',(-0.932147193758492,-0.362079561931033,0.));
#12347=DIRECTION('',(0.362079561931033,-0.932147193758492,0.));
#12348=DIRECTION('',(-0.362079561931033,0.932147193758492,0.));
#12349=DIRECTION('',(0.,0.,-1.));
#12350=DIRECTION('',(-0.362079561931033,0.932147193758492,0.));
#12351=DIRECTION('',(0.,-1.,0.));
#12352=DIRECTION('',(0.,0.,-1.));
#12353=DIRECTION('',(-1.,0.,0.));
#12354=DIRECTION('',(0.,0.,-1.));
#12355=DIRECTION('',(-1.,0.,0.));
#12356=DIRECTION('',(0.,0.,-1.));
#12357=DIRECTION('',(-1.,0.,0.));
#12358=DIRECTION('',(0.,0.,-1.));
#12359=DIRECTION('',(-1.,0.,0.));
#12360=DIRECTION('',(0.,0.,-1.));
#12361=DIRECTION('',(0.,0.,-1.));
#12362=DIRECTION('',(-1.,0.,0.));
#12363=DIRECTION('',(0.,0.,-1.));
#12364=DIRECTION('',(-1.,0.,0.));
#12365=DIRECTION('',(0.,0.,-1.));
#12366=DIRECTION('',(-1.,0.,0.));
#12367=DIRECTION('',(0.,0.,-1.));
#12368=DIRECTION('',(0.,0.,-1.));
#12369=DIRECTION('',(-1.,0.,0.));
#12370=DIRECTION('',(0.,0.,-1.));
#12371=DIRECTION('',(-1.,0.,0.));
#12372=DIRECTION('',(0.,0.,-1.));
#12373=DIRECTION('',(-1.,0.,0.));
#12374=DIRECTION('',(0.,0.,-1.));
#12375=DIRECTION('',(0.,0.,-1.));
#12376=DIRECTION('',(-1.,0.,0.));
#12377=DIRECTION('',(0.,-1.,0.));
#12378=DIRECTION('',(0.,0.,-1.));
#12379=DIRECTION('',(-1.,0.,0.));
#12380=DIRECTION('',(0.,0.,-1.));
#12381=DIRECTION('',(-1.,0.,0.));
#12382=DIRECTION('',(0.,0.,-1.));
#12383=DIRECTION('',(-1.,0.,0.));
#12384=DIRECTION('',(0.,0.,-1.));
#12385=DIRECTION('',(-1.,0.,0.));
#12386=DIRECTION('',(0.,0.,-1.));
#12387=DIRECTION('',(0.,0.,-1.));
#12388=DIRECTION('',(-1.,0.,0.));
#12389=DIRECTION('',(0.,0.,-1.));
#12390=DIRECTION('',(-1.,0.,0.));
#12391=DIRECTION('',(0.,0.,-1.));
#12392=DIRECTION('',(-1.,0.,0.));
#12393=DIRECTION('',(0.,0.,-1.));
#12394=DIRECTION('',(0.,0.,-1.));
#12395=DIRECTION('',(-1.,0.,0.));
#12396=DIRECTION('',(0.,-1.,0.));
#12397=DIRECTION('',(0.,0.,-1.));
#12398=DIRECTION('',(-1.,0.,0.));
#12399=DIRECTION('',(0.,0.,-1.));
#12400=DIRECTION('',(-1.,0.,0.));
#12401=DIRECTION('',(0.,0.,-1.));
#12402=DIRECTION('',(-1.,0.,0.));
#12403=DIRECTION('',(0.,0.,-1.));
#12404=DIRECTION('',(-1.,0.,0.));
#12405=DIRECTION('',(0.,0.,-1.));
#12406=DIRECTION('',(0.,0.,-1.));
#12407=DIRECTION('',(-1.,0.,0.));
#12408=DIRECTION('',(0.,0.,-1.));
#12409=DIRECTION('',(-1.,0.,0.));
#12410=DIRECTION('',(0.,0.,-1.));
#12411=DIRECTION('',(-1.,0.,0.));
#12412=DIRECTION('',(0.,0.,-1.));
#12413=DIRECTION('',(0.,0.,-1.));
#12414=DIRECTION('',(-1.,0.,0.));
#12415=DIRECTION('',(0.,-1.,0.));
#12416=DIRECTION('',(0.,0.,-1.));
#12417=DIRECTION('',(-1.,0.,0.));
#12418=DIRECTION('',(0.,0.,-1.));
#12419=DIRECTION('',(-1.,0.,0.));
#12420=DIRECTION('',(0.,0.,-1.));
#12421=DIRECTION('',(-1.,0.,0.));
#12422=DIRECTION('',(0.,0.,-1.));
#12423=DIRECTION('',(-1.,0.,0.));
#12424=DIRECTION('',(0.,0.,-1.));
#12425=DIRECTION('',(0.,0.,-1.));
#12426=DIRECTION('',(-1.,0.,0.));
#12427=DIRECTION('',(0.,0.,-1.));
#12428=DIRECTION('',(-1.,0.,0.));
#12429=DIRECTION('',(0.,0.,-1.));
#12430=DIRECTION('',(-1.,0.,0.));
#12431=DIRECTION('',(0.,0.,-1.));
#12432=DIRECTION('',(0.,0.,-1.));
#12433=DIRECTION('',(-1.,0.,0.));
#12434=DIRECTION('',(0.,-1.,0.));
#12435=DIRECTION('',(0.,0.,-1.));
#12436=DIRECTION('',(-1.,0.,0.));
#12437=DIRECTION('',(0.,0.,-1.));
#12438=DIRECTION('',(-1.,0.,0.));
#12439=DIRECTION('',(0.,0.,-1.));
#12440=DIRECTION('',(-1.,0.,0.));
#12441=DIRECTION('',(0.,0.,-1.));
#12442=DIRECTION('',(-1.,0.,0.));
#12443=DIRECTION('',(0.,0.,-1.));
#12444=DIRECTION('',(0.,0.,-1.));
#12445=DIRECTION('',(-1.,0.,0.));
#12446=DIRECTION('',(0.,0.,-1.));
#12447=DIRECTION('',(-1.,0.,0.));
#12448=DIRECTION('',(0.,0.,-1.));
#12449=DIRECTION('',(-1.,0.,0.));
#12450=DIRECTION('',(0.,0.,-1.));
#12451=DIRECTION('',(0.,0.,-1.));
#12452=DIRECTION('',(-1.,0.,0.));
#12453=DIRECTION('',(0.,-1.,0.));
#12454=DIRECTION('',(0.,0.,-1.));
#12455=DIRECTION('',(-1.,0.,0.));
#12456=DIRECTION('',(0.,0.,-1.));
#12457=DIRECTION('',(-1.,0.,0.));
#12458=DIRECTION('',(0.,0.,-1.));
#12459=DIRECTION('',(-1.,0.,0.));
#12460=DIRECTION('',(0.,0.,-1.));
#12461=DIRECTION('',(-1.,0.,0.));
#12462=DIRECTION('',(0.,0.,-1.));
#12463=DIRECTION('',(0.,0.,-1.));
#12464=DIRECTION('',(-1.,0.,0.));
#12465=DIRECTION('',(0.,0.,-1.));
#12466=DIRECTION('',(-1.,0.,0.));
#12467=DIRECTION('',(0.,0.,-1.));
#12468=DIRECTION('',(-1.,0.,0.));
#12469=DIRECTION('',(0.,0.,-1.));
#12470=DIRECTION('',(0.,0.,-1.));
#12471=DIRECTION('',(-1.,0.,0.));
#12472=DIRECTION('',(0.,0.,-1.));
#12473=DIRECTION('',(-1.,0.,0.));
#12474=DIRECTION('',(0.,0.,-1.));
#12475=DIRECTION('',(-1.,0.,0.));
#12476=DIRECTION('',(0.,0.,-1.));
#12477=DIRECTION('',(0.,0.,-1.));
#12478=DIRECTION('',(-1.,0.,0.));
#12479=DIRECTION('',(0.,0.,-1.));
#12480=DIRECTION('',(-1.,0.,0.));
#12481=DIRECTION('',(0.,0.,-1.));
#12482=DIRECTION('',(-1.,0.,0.));
#12483=DIRECTION('',(0.,0.,-1.));
#12484=DIRECTION('',(0.,0.,-1.));
#12485=DIRECTION('',(-1.,0.,0.));
#12486=DIRECTION('',(0.,0.,-1.));
#12487=DIRECTION('',(0.,0.,-1.));
#12488=DIRECTION('',(-1.,0.,0.));
#12489=DIRECTION('',(0.,0.,-1.));
#12490=DIRECTION('',(-1.,0.,0.));
#12491=DIRECTION('',(0.,0.,-1.));
#12492=DIRECTION('',(0.,0.,-1.));
#12493=DIRECTION('',(-1.,0.,0.));
#12494=DIRECTION('',(1.,0.,0.));
#12495=DIRECTION('',(0.,0.,-1.));
#12496=DIRECTION('',(0.,-1.,0.));
#12497=DIRECTION('',(0.,0.,-1.));
#12498=DIRECTION('',(0.,-1.,0.));
#12499=DIRECTION('',(0.,0.,-1.));
#12500=DIRECTION('',(-0.95423730626307,-0.29905043610702,0.));
#12501=DIRECTION('',(0.29905043610702,-0.95423730626307,0.));
#12502=DIRECTION('',(-0.29905043610702,0.95423730626307,0.));
#12503=DIRECTION('',(0.,0.,-1.));
#12504=DIRECTION('',(-0.29905043610702,0.95423730626307,0.));
#12505=DIRECTION('',(0.,-1.,0.));
#12506=DIRECTION('',(0.,0.,-1.));
#12507=DIRECTION('',(-1.,0.,0.));
#12508=DIRECTION('',(0.,0.,-1.));
#12509=DIRECTION('',(-1.,0.,0.));
#12510=DIRECTION('',(0.,0.,-1.));
#12511=DIRECTION('',(-1.,0.,0.));
#12512=DIRECTION('',(0.,0.,-1.));
#12513=DIRECTION('',(-1.,0.,0.));
#12514=DIRECTION('',(0.,0.,-1.));
#12515=DIRECTION('',(0.,0.,-1.));
#12516=DIRECTION('',(-1.,0.,0.));
#12517=DIRECTION('',(0.,0.,-1.));
#12518=DIRECTION('',(-1.,0.,0.));
#12519=DIRECTION('',(0.,0.,-1.));
#12520=DIRECTION('',(-1.,0.,0.));
#12521=DIRECTION('',(0.,0.,-1.));
#12522=DIRECTION('',(0.,0.,-1.));
#12523=DIRECTION('',(-1.,0.,0.));
#12524=DIRECTION('',(0.,-1.,0.));
#12525=DIRECTION('',(0.,0.,-1.));
#12526=DIRECTION('',(-1.,0.,0.));
#12527=DIRECTION('',(0.,0.,-1.));
#12528=DIRECTION('',(-1.,0.,0.));
#12529=DIRECTION('',(1.,0.,0.));
#12530=DIRECTION('',(0.,0.,-1.));
#12531=DIRECTION('',(0.,-1.,0.));
#12532=DIRECTION('',(0.,0.,-1.));
#12533=DIRECTION('',(0.,-1.,0.));
#12534=DIRECTION('',(0.,-1.,0.));
#12535=DIRECTION('',(0.,0.,-1.));
#12536=DIRECTION('',(-1.,0.,0.));
#12537=DIRECTION('',(0.,0.,-1.));
#12538=DIRECTION('',(-1.,0.,0.));
#12539=DIRECTION('',(0.,0.,-1.));
#12540=DIRECTION('',(-1.,0.,0.));
#12541=DIRECTION('',(0.,0.,-1.));
#12542=DIRECTION('',(-1.,0.,0.));
#12543=DIRECTION('',(0.,0.,-1.));
#12544=DIRECTION('',(0.,0.,-1.));
#12545=DIRECTION('',(-1.,0.,0.));
#12546=DIRECTION('',(0.,0.,-1.));
#12547=DIRECTION('',(-1.,0.,0.));
#12548=DIRECTION('',(0.,0.,-1.));
#12549=DIRECTION('',(-1.,0.,0.));
#12550=DIRECTION('',(0.,0.,-1.));
#12551=DIRECTION('',(0.,0.,-1.));
#12552=DIRECTION('',(-1.,0.,0.));
#12553=DIRECTION('',(0.,-1.,0.));
#12554=DIRECTION('',(0.,0.,-1.));
#12555=DIRECTION('',(-1.,0.,0.));
#12556=DIRECTION('',(0.,0.,-1.));
#12557=DIRECTION('',(-1.,0.,0.));
#12558=DIRECTION('',(0.,0.,-1.));
#12559=DIRECTION('',(-1.,0.,0.));
#12560=DIRECTION('',(0.,0.,-1.));
#12561=DIRECTION('',(-1.,0.,0.));
#12562=DIRECTION('',(0.,0.,-1.));
#12563=DIRECTION('',(0.,0.,-1.));
#12564=DIRECTION('',(-1.,0.,0.));
#12565=DIRECTION('',(0.,0.,-1.));
#12566=DIRECTION('',(-1.,0.,0.));
#12567=DIRECTION('',(0.,0.,-1.));
#12568=DIRECTION('',(-1.,0.,0.));
#12569=DIRECTION('',(0.,0.,-1.));
#12570=DIRECTION('',(0.,0.,-1.));
#12571=DIRECTION('',(-1.,0.,0.));
#12572=DIRECTION('',(0.,0.,-1.));
#12573=DIRECTION('',(-1.,0.,0.));
#12574=DIRECTION('',(0.,0.,-1.));
#12575=DIRECTION('',(-1.,0.,0.));
#12576=DIRECTION('',(0.,0.,-1.));
#12577=DIRECTION('',(0.,0.,-1.));
#12578=DIRECTION('',(-1.,0.,0.));
#12579=DIRECTION('',(-0.00509117032300781,0.999987039908389,0.));
#12580=DIRECTION('',(-0.999987039908389,-0.00509117032300781,0.));
#12581=DIRECTION('',(0.999987039908389,0.00509117032300781,0.));
#12582=DIRECTION('',(0.,0.,-1.));
#12583=DIRECTION('',(0.999987039908389,0.00509117032300781,0.));
#12584=DIRECTION('',(0.,0.,-1.));
#12585=DIRECTION('',(-1.,0.,0.));
#12586=DIRECTION('',(0.,0.,-1.));
#12587=DIRECTION('',(-1.,0.,0.));
#12588=DIRECTION('',(0.,0.,-1.));
#12589=DIRECTION('',(0.,0.,-1.));
#12590=DIRECTION('',(-1.,0.,0.));
#12591=DIRECTION('',(0.,0.,-1.));
#12592=DIRECTION('',(-1.,0.,0.));
#12593=DIRECTION('',(0.,0.,-1.));
#12594=DIRECTION('',(-1.,0.,0.));
#12595=DIRECTION('',(0.,0.,-1.));
#12596=DIRECTION('',(0.,0.,-1.));
#12597=DIRECTION('',(-1.,0.,0.));
#12598=DIRECTION('',(0.,1.,0.));
#12599=DIRECTION('',(0.,0.,1.));
#12600=DIRECTION('',(1.,0.,0.));
#12601=DIRECTION('',(0.,0.,-1.));
#12602=DIRECTION('',(1.,0.,0.));
#12603=DIRECTION('',(0.,0.,-1.));
#12604=DIRECTION('',(-1.,0.,0.));
#12605=DIRECTION('',(0.,0.,-1.));
#12606=DIRECTION('',(-1.,0.,0.));
#12607=DIRECTION('',(0.,0.,-1.));
#12608=DIRECTION('',(0.,0.,-1.));
#12609=DIRECTION('',(-1.,0.,0.));
#12610=DIRECTION('',(-1.,0.,0.));
#12611=DIRECTION('',(0.,0.,1.));
#12612=DIRECTION('',(0.,1.,0.));
#12613=DIRECTION('',(0.,0.,-1.));
#12614=DIRECTION('',(0.,1.,0.));
#12615=DIRECTION('',(0.,0.,-1.));
#12616=DIRECTION('',(-1.,0.,0.));
#12617=DIRECTION('',(0.,0.,-1.));
#12618=DIRECTION('',(-1.,0.,0.));
#12619=DIRECTION('',(0.,0.,-1.));
#12620=DIRECTION('',(0.,0.,-1.));
#12621=DIRECTION('',(-1.,0.,0.));
#12622=DIRECTION('',(0.,-1.,0.));
#12623=DIRECTION('',(0.,0.,-1.));
#12624=DIRECTION('',(-1.,0.,0.));
#12625=DIRECTION('',(0.,0.,-1.));
#12626=DIRECTION('',(-1.,0.,0.));
#12627=DIRECTION('',(0.,0.,-1.));
#12628=DIRECTION('',(-1.,0.,0.));
#12629=DIRECTION('',(0.,0.,-1.));
#12630=DIRECTION('',(-1.,0.,0.));
#12631=DIRECTION('',(0.,0.,-1.));
#12632=DIRECTION('',(0.,0.,-1.));
#12633=DIRECTION('',(-1.,0.,0.));
#12634=DIRECTION('',(1.,0.,0.));
#12635=DIRECTION('',(0.,0.,-1.));
#12636=DIRECTION('',(0.,-1.,0.));
#12637=DIRECTION('',(0.,0.,-1.));
#12638=DIRECTION('',(0.,-1.,0.));
#12639=DIRECTION('',(0.,0.,-1.));
#12640=DIRECTION('',(-1.,0.,0.));
#12641=DIRECTION('',(0.,0.,-1.));
#12642=DIRECTION('',(-1.,0.,0.));
#12643=DIRECTION('',(0.,0.,-1.));
#12644=DIRECTION('',(0.,0.,-1.));
#12645=DIRECTION('',(-1.,0.,0.));
#12646=DIRECTION('',(0.,0.,-1.));
#12647=DIRECTION('',(-1.,0.,0.));
#12648=DIRECTION('',(0.,0.,-1.));
#12649=DIRECTION('',(-1.,0.,0.));
#12650=DIRECTION('',(0.,0.,-1.));
#12651=DIRECTION('',(0.,0.,-1.));
#12652=DIRECTION('',(-1.,0.,0.));
#12653=DIRECTION('',(0.,0.,-1.));
#12654=DIRECTION('',(-1.,0.,0.));
#12655=DIRECTION('',(0.,0.,-1.));
#12656=DIRECTION('',(-1.,0.,0.));
#12657=DIRECTION('',(0.,0.,-1.));
#12658=DIRECTION('',(0.,0.,-1.));
#12659=DIRECTION('',(-1.,0.,0.));
#12660=DIRECTION('',(0.,-1.,0.));
#12661=DIRECTION('',(0.,0.,-1.));
#12662=DIRECTION('',(-1.,0.,0.));
#12663=DIRECTION('',(0.,0.,-1.));
#12664=DIRECTION('',(-1.,0.,0.));
#12665=DIRECTION('',(0.,0.,-1.));
#12666=DIRECTION('',(-1.,0.,0.));
#12667=DIRECTION('',(0.,0.,-1.));
#12668=DIRECTION('',(-1.,0.,0.));
#12669=DIRECTION('',(0.,0.,-1.));
#12670=DIRECTION('',(0.,0.,-1.));
#12671=DIRECTION('',(-1.,0.,0.));
#12672=DIRECTION('',(0.,0.,-1.));
#12673=DIRECTION('',(-1.,0.,0.));
#12674=DIRECTION('',(0.,0.,-1.));
#12675=DIRECTION('',(-1.,0.,0.));
#12676=DIRECTION('',(0.,0.,-1.));
#12677=DIRECTION('',(0.,0.,-1.));
#12678=DIRECTION('',(-1.,0.,0.));
#12679=DIRECTION('',(0.,0.,-1.));
#12680=DIRECTION('',(-1.,0.,0.));
#12681=DIRECTION('',(0.,0.,-1.));
#12682=DIRECTION('',(-1.,0.,0.));
#12683=DIRECTION('',(0.,0.,-1.));
#12684=DIRECTION('',(0.,0.,-1.));
#12685=DIRECTION('',(-1.,0.,0.));
#12686=DIRECTION('',(0.,-1.,0.));
#12687=DIRECTION('',(0.,0.,-1.));
#12688=DIRECTION('',(-1.,0.,0.));
#12689=DIRECTION('',(0.,0.,-1.));
#12690=DIRECTION('',(-1.,0.,0.));
#12691=DIRECTION('',(0.,0.,-1.));
#12692=DIRECTION('',(-1.,0.,0.));
#12693=DIRECTION('',(0.,0.,-1.));
#12694=DIRECTION('',(-1.,0.,0.));
#12695=DIRECTION('',(0.,0.,-1.));
#12696=DIRECTION('',(0.,0.,-1.));
#12697=DIRECTION('',(-1.,0.,0.));
#12698=DIRECTION('',(0.,0.,-1.));
#12699=DIRECTION('',(-1.,0.,0.));
#12700=DIRECTION('',(0.,0.,-1.));
#12701=DIRECTION('',(-1.,0.,0.));
#12702=DIRECTION('',(0.,0.,-1.));
#12703=DIRECTION('',(0.,0.,-1.));
#12704=DIRECTION('',(-1.,0.,0.));
#12705=DIRECTION('',(0.,0.,-1.));
#12706=DIRECTION('',(-1.,0.,0.));
#12707=DIRECTION('',(0.,0.,-1.));
#12708=DIRECTION('',(-1.,0.,0.));
#12709=DIRECTION('',(0.,0.,-1.));
#12710=DIRECTION('',(0.,0.,-1.));
#12711=DIRECTION('',(-1.,0.,0.));
#12712=DIRECTION('',(0.,-1.,0.));
#12713=DIRECTION('',(0.,0.,-1.));
#12714=DIRECTION('',(-1.,0.,0.));
#12715=DIRECTION('',(0.,0.,-1.));
#12716=DIRECTION('',(-1.,0.,0.));
#12717=DIRECTION('',(0.,0.,-1.));
#12718=DIRECTION('',(-1.,0.,0.));
#12719=DIRECTION('',(0.,0.,-1.));
#12720=DIRECTION('',(-1.,0.,0.));
#12721=DIRECTION('',(0.,0.,-1.));
#12722=DIRECTION('',(0.,0.,-1.));
#12723=DIRECTION('',(-1.,0.,0.));
#12724=DIRECTION('',(0.,0.,-1.));
#12725=DIRECTION('',(-1.,0.,0.));
#12726=DIRECTION('',(0.,0.,-1.));
#12727=DIRECTION('',(-1.,0.,0.));
#12728=DIRECTION('',(0.,0.,-1.));
#12729=DIRECTION('',(0.,0.,-1.));
#12730=DIRECTION('',(-1.,0.,0.));
#12731=DIRECTION('',(0.,0.,-1.));
#12732=DIRECTION('',(-1.,0.,0.));
#12733=DIRECTION('',(0.,0.,-1.));
#12734=DIRECTION('',(0.,0.,-1.));
#12735=DIRECTION('',(-1.,0.,0.));
#12736=DIRECTION('',(0.,0.,-1.));
#12737=DIRECTION('',(0.,0.,-1.));
#12738=DIRECTION('',(-1.,0.,0.));
#12739=DIRECTION('',(0.,0.,-1.));
#12740=DIRECTION('',(0.,0.,-1.));
#12741=DIRECTION('',(-1.,0.,0.));
#12742=DIRECTION('',(0.,0.,-1.));
#12743=DIRECTION('',(-1.,0.,0.));
#12744=DIRECTION('',(0.,0.,-1.));
#12745=DIRECTION('',(0.,0.,-1.));
#12746=DIRECTION('',(-1.,0.,0.));
#12747=DIRECTION('',(0.,0.,-1.));
#12748=DIRECTION('',(-1.,0.,0.));
#12749=DIRECTION('',(0.,0.,-1.));
#12750=DIRECTION('',(0.,0.,-1.));
#12751=DIRECTION('',(-1.,0.,0.));
#12752=DIRECTION('',(0.,0.,-1.));
#12753=DIRECTION('',(-1.,0.,0.));
#12754=DIRECTION('',(0.,0.,-1.));
#12755=DIRECTION('',(0.,0.,-1.));
#12756=DIRECTION('',(-1.,0.,0.));
#12757=DIRECTION('',(0.,0.,-1.));
#12758=DIRECTION('',(-1.,0.,0.));
#12759=DIRECTION('',(0.,0.,-1.));
#12760=DIRECTION('',(0.,0.,-1.));
#12761=DIRECTION('',(-1.,0.,0.));
#12762=DIRECTION('',(-0.958669411876935,-0.284522334328136,0.));
#12763=DIRECTION('',(0.284522334328136,-0.958669411876935,0.));
#12764=DIRECTION('',(0.,0.,-1.));
#12765=DIRECTION('',(-0.284522334328136,0.958669411876935,0.));
#12766=DIRECTION('',(0.,-1.,0.));
#12767=DIRECTION('',(0.,0.,-1.));
#12768=DIRECTION('',(0.,0.,-1.));
#12769=DIRECTION('',(-1.,0.,0.));
#12770=DIRECTION('',(0.,0.,-1.));
#12771=DIRECTION('',(-1.,0.,0.));
#12772=DIRECTION('',(0.,0.,-1.));
#12773=DIRECTION('',(0.,0.,-1.));
#12774=DIRECTION('',(-1.,0.,0.));
#12775=DIRECTION('',(0.,-1.,0.));
#12776=DIRECTION('',(0.,0.,-1.));
#12777=DIRECTION('',(0.,0.,-1.));
#12778=DIRECTION('',(-1.,0.,0.));
#12779=DIRECTION('',(0.,0.,-1.));
#12780=DIRECTION('',(-1.,0.,0.));
#12781=DIRECTION('',(0.,0.,-1.));
#12782=DIRECTION('',(0.,0.,-1.));
#12783=DIRECTION('',(-1.,0.,0.));
#12784=DIRECTION('',(1.,0.,0.));
#12785=DIRECTION('',(0.,0.,-1.));
#12786=DIRECTION('',(0.,0.,-1.));
#12787=DIRECTION('',(0.,-1.,0.));
#12788=DIRECTION('',(0.,-1.,0.));
#12789=DIRECTION('',(0.,0.,-1.));
#12790=DIRECTION('',(0.,0.,-1.));
#12791=DIRECTION('',(-1.,0.,0.));
#12792=DIRECTION('',(0.,0.,-1.));
#12793=DIRECTION('',(-1.,0.,0.));
#12794=DIRECTION('',(0.,0.,-1.));
#12795=DIRECTION('',(0.,0.,-1.));
#12796=DIRECTION('',(-1.,0.,0.));
#12797=DIRECTION('',(-1.,0.,0.));
#12798=DIRECTION('',(0.,0.,1.));
#12799=DIRECTION('',(0.,0.,-1.));
#12800=DIRECTION('',(0.,1.,0.));
#12801=DIRECTION('',(0.,1.,0.));
#12802=DIRECTION('',(0.,0.,1.));
#12803=DIRECTION('',(0.,0.,-1.));
#12804=DIRECTION('',(1.,0.,0.));
#12805=DIRECTION('',(0.,0.,-1.));
#12806=DIRECTION('',(-1.,0.,0.));
#12807=DIRECTION('',(0.,0.,-1.));
#12808=DIRECTION('',(0.,0.,-1.));
#12809=DIRECTION('',(-1.,0.,0.));
#12810=DIRECTION('',(0.,0.,-1.));
#12811=DIRECTION('',(-1.,0.,0.));
#12812=DIRECTION('',(0.,0.,-1.));
#12813=DIRECTION('',(0.,0.,-1.));
#12814=DIRECTION('',(-1.,0.,0.));
#12815=DIRECTION('',(0.,0.,-1.));
#12816=DIRECTION('',(-1.,0.,0.));
#12817=DIRECTION('',(0.,0.,-1.));
#12818=DIRECTION('',(0.,0.,-1.));
#12819=DIRECTION('',(-1.,0.,0.));
#12820=DIRECTION('',(0.,1.,0.));
#12821=DIRECTION('',(0.,0.,1.));
#12822=DIRECTION('',(0.,0.,-1.));
#12823=DIRECTION('',(1.,0.,0.));
#12824=DIRECTION('',(0.,0.,-1.));
#12825=DIRECTION('',(-1.,0.,0.));
#12826=DIRECTION('',(0.,0.,-1.));
#12827=DIRECTION('',(0.,0.,-1.));
#12828=DIRECTION('',(-1.,0.,0.));
#12829=DIRECTION('',(0.,0.,-1.));
#12830=DIRECTION('',(-1.,0.,0.));
#12831=DIRECTION('',(0.,0.,-1.));
#12832=DIRECTION('',(0.,0.,-1.));
#12833=DIRECTION('',(-1.,0.,0.));
#12834=DIRECTION('',(0.,1.,0.));
#12835=DIRECTION('',(0.,0.,1.));
#12836=DIRECTION('',(0.,0.,-1.));
#12837=DIRECTION('',(1.,0.,0.));
#12838=DIRECTION('',(0.,0.,-1.));
#12839=DIRECTION('',(-1.,0.,0.));
#12840=DIRECTION('',(0.,0.,-1.));
#12841=DIRECTION('',(0.,0.,-1.));
#12842=DIRECTION('',(-1.,0.,0.));
#12843=DIRECTION('',(0.,0.,-1.));
#12844=DIRECTION('',(-1.,0.,0.));
#12845=DIRECTION('',(0.,0.,-1.));
#12846=DIRECTION('',(0.,0.,-1.));
#12847=DIRECTION('',(-1.,0.,0.));
#12848=DIRECTION('',(0.,1.,0.));
#12849=DIRECTION('',(0.,0.,1.));
#12850=DIRECTION('',(0.,0.,-1.));
#12851=DIRECTION('',(1.,0.,0.));
#12852=DIRECTION('',(0.,0.,-1.));
#12853=DIRECTION('',(-1.,0.,0.));
#12854=DIRECTION('',(0.,0.,-1.));
#12855=DIRECTION('',(0.,0.,-1.));
#12856=DIRECTION('',(-1.,0.,0.));
#12857=DIRECTION('',(0.,0.,-1.));
#12858=DIRECTION('',(-1.,0.,0.));
#12859=DIRECTION('',(0.,0.,-1.));
#12860=DIRECTION('',(0.,0.,-1.));
#12861=DIRECTION('',(-1.,0.,0.));
#12862=DIRECTION('',(0.,1.,0.));
#12863=DIRECTION('',(0.,0.,1.));
#12864=DIRECTION('',(0.,0.,-1.));
#12865=DIRECTION('',(1.,0.,0.));
#12866=DIRECTION('',(0.,0.,-1.));
#12867=DIRECTION('',(-1.,0.,0.));
#12868=DIRECTION('',(0.,0.,-1.));
#12869=DIRECTION('',(0.,0.,-1.));
#12870=DIRECTION('',(-1.,0.,0.));
#12871=DIRECTION('',(0.,0.,-1.));
#12872=DIRECTION('',(-1.,0.,0.));
#12873=DIRECTION('',(0.,0.,-1.));
#12874=DIRECTION('',(0.,0.,-1.));
#12875=DIRECTION('',(-1.,0.,0.));
#12876=DIRECTION('',(0.,0.,-1.));
#12877=DIRECTION('',(-1.,0.,0.));
#12878=DIRECTION('',(0.,0.,-1.));
#12879=DIRECTION('',(0.,0.,-1.));
#12880=DIRECTION('',(-1.,0.,0.));
#12881=DIRECTION('',(0.,1.,0.));
#12882=DIRECTION('',(0.,0.,1.));
#12883=DIRECTION('',(0.,0.,-1.));
#12884=DIRECTION('',(1.,0.,0.));
#12885=DIRECTION('',(0.,0.,-1.));
#12886=DIRECTION('',(-1.,0.,0.));
#12887=DIRECTION('',(0.,0.,-1.));
#12888=DIRECTION('',(0.,0.,-1.));
#12889=DIRECTION('',(-1.,0.,0.));
#12890=DIRECTION('',(0.,1.,0.));
#12891=DIRECTION('',(0.,0.,1.));
#12892=DIRECTION('',(0.,0.,-1.));
#12893=DIRECTION('',(1.,0.,0.));
#12894=DIRECTION('',(0.,0.,-1.));
#12895=DIRECTION('',(-1.,0.,0.));
#12896=DIRECTION('',(0.,0.,-1.));
#12897=DIRECTION('',(0.,0.,-1.));
#12898=DIRECTION('',(-1.,0.,0.));
#12899=DIRECTION('',(0.,1.,0.));
#12900=DIRECTION('',(0.,0.,1.));
#12901=DIRECTION('',(0.,0.,-1.));
#12902=DIRECTION('',(1.,0.,0.));
#12903=DIRECTION('',(0.,0.,-1.));
#12904=DIRECTION('',(-1.,0.,0.));
#12905=DIRECTION('',(0.,0.,-1.));
#12906=DIRECTION('',(0.,0.,-1.));
#12907=DIRECTION('',(-1.,0.,0.));
#12908=DIRECTION('',(1.,0.,0.));
#12909=DIRECTION('',(0.,0.,-1.));
#12910=DIRECTION('',(0.,0.,-1.));
#12911=DIRECTION('',(0.,-1.,0.));
#12912=DIRECTION('',(0.,0.,-1.));
#12913=DIRECTION('',(-1.,0.,0.));
#12914=DIRECTION('',(0.,0.,-1.));
#12915=DIRECTION('',(0.,0.,-1.));
#12916=DIRECTION('',(-1.,0.,0.));
#12917=DIRECTION('',(0.,-1.,0.));
#12918=DIRECTION('',(0.,0.,-1.));
#12919=DIRECTION('',(0.,0.,-1.));
#12920=DIRECTION('',(-1.,0.,0.));
#12921=DIRECTION('',(0.,0.,-1.));
#12922=DIRECTION('',(-1.,0.,0.));
#12923=DIRECTION('',(0.,0.,-1.));
#12924=DIRECTION('',(0.,0.,-1.));
#12925=DIRECTION('',(-1.,0.,0.));
#12926=DIRECTION('',(1.,0.,0.));
#12927=DIRECTION('',(0.,0.,-1.));
#12928=DIRECTION('',(0.,0.,-1.));
#12929=DIRECTION('',(0.,-1.,0.));
#12930=DIRECTION('',(0.,0.,-1.));
#12931=DIRECTION('',(-1.,0.,0.));
#12932=DIRECTION('',(0.,0.,-1.));
#12933=DIRECTION('',(0.,0.,-1.));
#12934=DIRECTION('',(-1.,0.,0.));
#12935=DIRECTION('',(-0.00250511692561672,-0.999996862189672,0.));
#12936=DIRECTION('',(0.999996862189672,-0.00250511692561672,0.));
#12937=DIRECTION('',(0.,0.,-1.));
#12938=DIRECTION('',(-0.999996862189672,0.00250511692561672,0.));
#12939=DIRECTION('',(0.,-1.,0.));
#12940=DIRECTION('',(0.,0.,-1.));
#12941=DIRECTION('',(0.,0.,-1.));
#12942=DIRECTION('',(-1.,0.,0.));
#12943=DIRECTION('',(0.,0.,-1.));
#12944=DIRECTION('',(-1.,0.,0.));
#12945=DIRECTION('',(0.,0.,-1.));
#12946=DIRECTION('',(0.,0.,-1.));
#12947=DIRECTION('',(-1.,0.,0.));
#12948=DIRECTION('',(0.,1.,0.));
#12949=DIRECTION('',(0.,0.,1.));
#12950=DIRECTION('',(0.,0.,-1.));
#12951=DIRECTION('',(1.,0.,0.));
#12952=DIRECTION('',(-1.,0.,0.));
#12953=DIRECTION('',(0.,0.,1.));
#12954=DIRECTION('',(0.,0.,-1.));
#12955=DIRECTION('',(0.,1.,0.));
#12956=DIRECTION('',(0.0037332952086668,0.999993031229161,0.));
#12957=DIRECTION('',(-0.999993031229161,0.0037332952086668,0.));
#12958=DIRECTION('',(0.,0.,-1.));
#12959=DIRECTION('',(0.999993031229161,-0.0037332952086668,0.));
#12960=DIRECTION('',(0.00264839905271849,0.999996492985079,0.));
#12961=DIRECTION('',(-0.999996492985079,0.00264839905271849,0.));
#12962=DIRECTION('',(0.,0.,-1.));
#12963=DIRECTION('',(0.999996492985079,-0.00264839905271849,0.));
#12964=DIRECTION('',(0.,0.,-1.));
#12965=DIRECTION('',(-1.,0.,0.));
#12966=DIRECTION('',(0.,0.,-1.));
#12967=DIRECTION('',(0.,0.,-1.));
#12968=DIRECTION('',(-1.,0.,0.));
#12969=DIRECTION('',(0.,0.,-1.));
#12970=DIRECTION('',(-1.,0.,0.));
#12971=DIRECTION('',(0.,0.,-1.));
#12972=DIRECTION('',(0.,0.,-1.));
#12973=DIRECTION('',(-1.,0.,0.));
#12974=DIRECTION('',(0.,0.,-1.));
#12975=DIRECTION('',(-1.,0.,0.));
#12976=DIRECTION('',(0.,0.,-1.));
#12977=DIRECTION('',(0.,0.,-1.));
#12978=DIRECTION('',(-1.,0.,0.));
#12979=DIRECTION('',(0.,0.,-1.));
#12980=DIRECTION('',(-1.,0.,0.));
#12981=DIRECTION('',(0.,0.,-1.));
#12982=DIRECTION('',(0.,0.,-1.));
#12983=DIRECTION('',(-1.,0.,0.));
#12984=DIRECTION('',(0.,0.,-1.));
#12985=DIRECTION('',(-1.,0.,0.));
#12986=DIRECTION('',(0.,0.,-1.));
#12987=DIRECTION('',(0.,0.,-1.));
#12988=DIRECTION('',(-1.,0.,0.));
#12989=DIRECTION('',(0.,0.,-1.));
#12990=DIRECTION('',(-1.,0.,0.));
#12991=DIRECTION('',(0.,0.,-1.));
#12992=DIRECTION('',(0.,0.,-1.));
#12993=DIRECTION('',(-1.,0.,0.));
#12994=DIRECTION('',(0.,0.,-1.));
#12995=DIRECTION('',(-1.,0.,0.));
#12996=DIRECTION('',(0.,0.,-1.));
#12997=DIRECTION('',(0.,0.,-1.));
#12998=DIRECTION('',(-1.,0.,0.));
#12999=DIRECTION('',(0.00487819151850686,-0.999988101552968,0.));
#13000=DIRECTION('',(0.999988101552968,0.00487819151850686,0.));
#13001=DIRECTION('',(-0.999988101552968,-0.00487819151850686,0.));
#13002=DIRECTION('',(-0.999988101552968,-0.00487819151850686,0.));
#13003=DIRECTION('',(0.,-1.,0.));
#13004=DIRECTION('',(0.,0.,-1.));
#13005=DIRECTION('',(-1.,0.,0.));
#13006=DIRECTION('',(-1.,0.,0.));
#13007=DIRECTION('',(0.,0.,-1.));
#13008=DIRECTION('',(-1.,0.,0.));
#13009=DIRECTION('',(0.,0.,-1.));
#13010=DIRECTION('',(-1.,0.,0.));
#13011=DIRECTION('',(0.,-1.,0.));
#13012=DIRECTION('',(0.,0.,-1.));
#13013=DIRECTION('',(-1.,0.,0.));
#13014=DIRECTION('',(-1.,0.,0.));
#13015=DIRECTION('',(0.,0.,-1.));
#13016=DIRECTION('',(1.,0.,0.));
#13017=DIRECTION('',(0.,0.,1.));
#13018=DIRECTION('',(1.,0.,0.));
#13019=DIRECTION('',(0.,0.,1.));
#13020=DIRECTION('',(1.,0.,0.));
#13021=DIRECTION('',(-1.,0.,0.));
#13022=DIRECTION('',(0.,0.,-1.));
#13023=DIRECTION('',(-1.,0.,0.));
#13024=DIRECTION('',(0.,-1.,0.));
#13025=DIRECTION('',(0.,0.,-1.));
#13026=DIRECTION('',(-1.,0.,0.));
#13027=DIRECTION('',(1.,0.,0.));
#13028=DIRECTION('',(0.,0.,-1.));
#13029=DIRECTION('',(-1.,0.,0.));
#13030=DIRECTION('',(0.,0.,-1.));
#13031=DIRECTION('',(-1.,0.,0.));
#13032=DIRECTION('',(0.,0.,-1.));
#13033=DIRECTION('',(-1.,0.,0.));
#13034=DIRECTION('',(-1.,0.,0.));
#13035=DIRECTION('',(0.,-1.,0.));
#13036=DIRECTION('',(0.,0.,-1.));
#13037=DIRECTION('',(-1.,0.,0.));
#13038=DIRECTION('',(1.,0.,0.));
#13039=DIRECTION('',(0.,0.,-1.));
#13040=DIRECTION('',(-1.,0.,0.));
#13041=DIRECTION('',(0.,1.,0.));
#13042=DIRECTION('',(0.,0.,-1.));
#13043=DIRECTION('',(-1.,0.,0.));
#13044=DIRECTION('',(0.999975644582485,0.006979272300477,0.));
#13045=DIRECTION('',(-0.143991065866216,0.989578987726958,0.));
#13046=DIRECTION('',(-1.,0.,0.));
#13047=DIRECTION('',(-0.259620938441856,-0.965710602780445,0.));
#13048=DIRECTION('',(-0.636332353925754,0.771415021468541,0.));
#13049=DIRECTION('',(-1.,0.,0.));
#13050=DIRECTION('',(0.412476721022262,-0.910968141382959,0.));
#13051=DIRECTION('',(-0.261964119160223,0.965077613600382,0.));
#13052=DIRECTION('',(-1.,0.,0.));
#13053=DIRECTION('',(0.262797369858338,-0.964851046740138,0.));
#13054=DIRECTION('',(1.,0.,0.));
#13055=DIRECTION('',(0.,0.,-1.));
#13056=DIRECTION('',(-1.,0.,0.));
#13057=DIRECTION('',(0.,0.,-1.));
#13058=DIRECTION('',(-1.,0.,0.));
#13059=DIRECTION('',(-0.999862710723532,0.0165698432276737,0.));
#13060=DIRECTION('',(0.24652449802955,-0.969136559970409,0.));
#13061=DIRECTION('',(-0.998834397153242,0.0482684893436626,0.));
#13062=DIRECTION('',(0.,-1.,0.));
#13063=DIRECTION('',(1.,0.,0.));
#13064=DIRECTION('',(0.306606766651931,-0.95183627302349,0.));
#13065=DIRECTION('',(1.,0.,0.));
#13066=DIRECTION('',(0.,1.,0.));
#13067=DIRECTION('',(1.,0.,0.));
#13068=DIRECTION('',(0.,1.,0.));
#13069=DIRECTION('',(-1.,0.,0.));
#13070=DIRECTION('',(-0.251538852163096,0.967847201707208,0.));
#13071=DIRECTION('',(0.,0.,-1.));
#13072=DIRECTION('',(-1.,0.,0.));
#13073=DIRECTION('',(0.,0.,-1.));
#13074=DIRECTION('',(-1.,0.,0.));
#13075=DIRECTION('',(0.,0.,-1.));
#13076=DIRECTION('',(-1.,0.,0.));
#13077=DIRECTION('',(0.,0.,-1.));
#13078=DIRECTION('',(-1.,0.,0.));
#13079=DIRECTION('',(0.999998147524045,-0.00192482427210538,0.));
#13080=DIRECTION('',(0.,0.,-1.));
#13081=DIRECTION('',(-1.,0.,0.));
#13082=DIRECTION('',(-1.,0.,0.));
#13083=DIRECTION('',(0.,0.,-1.));
#13084=DIRECTION('',(-1.,0.,0.));
#13085=DIRECTION('',(0.,0.,-1.));
#13086=DIRECTION('',(-1.,0.,0.));
#13087=DIRECTION('',(0.,0.,-1.));
#13088=DIRECTION('',(-1.,0.,0.));
#13089=DIRECTION('',(1.,0.,0.));
#13090=DIRECTION('',(0.,1.,0.));
#13091=DIRECTION('',(0.,0.,-1.));
#13092=DIRECTION('',(-1.,0.,0.));
#13093=DIRECTION('',(-1.,0.,0.));
#13094=DIRECTION('',(0.,0.,-1.));
#13095=DIRECTION('',(-1.,0.,0.));
#13096=DIRECTION('',(0.,-1.,0.));
#13097=DIRECTION('',(-0.26948234027166,0.963005331387999,0.));
#13098=DIRECTION('',(-0.384662896519624,0.923057125015095,0.));
#13099=DIRECTION('',(-1.,0.,0.));
#13100=DIRECTION('',(0.295823416720455,-0.955242642536354,0.));
#13101=DIRECTION('',(1.,0.,0.));
#13102=DIRECTION('',(0.,0.,-1.));
#13103=DIRECTION('',(-1.,0.,0.));
#13104=DIRECTION('',(-0.292694085786081,0.956206134756439,0.));
#13105=DIRECTION('',(-1.,0.,0.));
#13106=DIRECTION('',(0.24652449802955,-0.969136559970409,0.));
#13107=DIRECTION('',(0.,0.,-1.));
#13108=DIRECTION('',(-1.,0.,0.));
#13109=DIRECTION('',(0.497957231005663,-0.867201589072099,0.));
#13110=DIRECTION('',(1.,0.,0.));
#13111=DIRECTION('',(-0.439018156916277,0.898478189995637,0.));
#13112=DIRECTION('',(-1.,0.,0.));
#13113=DIRECTION('',(0.103590688499268,-0.994620012495349,0.));
#13114=DIRECTION('',(1.,0.,0.));
#13115=DIRECTION('',(-0.117038601138447,0.993127366375308,0.));
#13116=DIRECTION('',(0.312309427428955,-0.94998043218742,0.));
#13117=DIRECTION('',(0.348376873100052,-0.937354551004597,0.));
#13118=DIRECTION('',(1.,0.,0.));
#13119=DIRECTION('',(-0.243473111082278,0.969907647242724,0.));
#13120=DIRECTION('',(1.,0.,0.));
#13121=DIRECTION('',(0.312147506393282,-0.950033649010632,0.));
#13122=DIRECTION('',(1.,0.,0.));
#13123=DIRECTION('',(-0.271231312828045,0.962514194670175,0.));
#13124=DIRECTION('',(-1.,0.,0.));
#13125=DIRECTION('',(-0.711577634731071,-0.70260747914503,0.));
#13126=DIRECTION('',(0.,0.,-1.));
#13127=DIRECTION('',(-1.,0.,0.));
#13128=DIRECTION('',(-0.291148377279215,0.956677909438532,0.));
#13129=DIRECTION('',(-1.,6.89276253287271E-16,0.));
#13130=DIRECTION('',(0.,-1.,0.));
#13131=DIRECTION('',(0.,0.,-1.));
#13132=DIRECTION('',(-1.,0.,0.));
#13133=DIRECTION('',(0.,-1.,0.));
#13134=DIRECTION('',(0.,0.,-1.));
#13135=DIRECTION('',(-1.,0.,0.));
#13136=DIRECTION('',(0.308894596084088,-0.951096277203338,0.));
#13137=DIRECTION('',(0.999999883616354,0.000482459613735486,0.));
#13138=DIRECTION('',(0.,1.,0.));
#13139=DIRECTION('',(0.,0.,1.));
#13140=DIRECTION('',(0.,0.,-1.));
#13141=DIRECTION('',(1.,0.,0.));
#13142=DIRECTION('',(0.,0.,-1.));
#13143=DIRECTION('',(0.867201589072099,0.497957231005663,0.));
#13144=DIRECTION('',(-0.497957231005663,0.867201589072099,0.));
#13145=DIRECTION('',(0.,0.,-1.));
#13146=DIRECTION('',(0.497957231005663,-0.867201589072099,0.));
#13147=DIRECTION('',(-0.993127366375308,-0.117038601138447,0.));
#13148=DIRECTION('',(0.117038601138447,-0.993127366375308,0.));
#13149=DIRECTION('',(0.,0.,-1.));
#13150=DIRECTION('',(-0.117038601138447,0.993127366375308,0.));
#13151=DIRECTION('',(0.,1.,0.));
#13152=DIRECTION('',(0.,0.,1.));
#13153=DIRECTION('',(0.,0.,-1.));
#13154=DIRECTION('',(1.,0.,0.));
#13155=DIRECTION('',(0.994620012495349,0.103590688499268,0.));
#13156=DIRECTION('',(-0.103590688499268,0.994620012495349,0.));
#13157=DIRECTION('',(0.,0.,-1.));
#13158=DIRECTION('',(0.103590688499268,-0.994620012495349,0.));
#13159=DIRECTION('',(0.,-1.,0.));
#13160=DIRECTION('',(0.,0.,-1.));
#13161=DIRECTION('',(0.,0.,-1.));
#13162=DIRECTION('',(-1.,0.,0.));
#13163=DIRECTION('',(-0.898478189995637,-0.439018156916277,0.));
#13164=DIRECTION('',(0.439018156916277,-0.898478189995637,0.));
#13165=DIRECTION('',(-0.439018156916277,0.898478189995637,0.));
#13166=DIRECTION('',(0.,0.,-1.));
#13167=DIRECTION('',(1.,0.,0.));
#13168=DIRECTION('',(-0.923057125015095,-0.384662896519624,0.));
#13169=DIRECTION('',(0.384662896519624,-0.923057125015095,0.));
#13170=DIRECTION('',(0.,0.,-1.));
#13171=DIRECTION('',(-0.384662896519624,0.923057125015095,0.));
#13172=DIRECTION('',(0.,0.,-1.));
#13173=DIRECTION('',(-0.963005331387999,-0.26948234027166,0.));
#13174=DIRECTION('',(0.26948234027166,-0.963005331387999,0.));
#13175=DIRECTION('',(0.,0.,-1.));
#13176=DIRECTION('',(-0.26948234027166,0.963005331387999,0.));
#13177=DIRECTION('',(0.,0.,-1.));
#13178=DIRECTION('',(-1.,0.,0.));
#13179=DIRECTION('',(0.,0.,-1.));
#13180=DIRECTION('',(0.,0.,-1.));
#13181=DIRECTION('',(-1.,0.,0.));
#13182=DIRECTION('',(0.969136559970409,0.24652449802955,0.));
#13183=DIRECTION('',(-0.24652449802955,0.969136559970409,0.));
#13184=DIRECTION('',(0.,0.,-1.));
#13185=DIRECTION('',(0.24652449802955,-0.969136559970409,0.));
#13186=DIRECTION('',(0.,-1.,0.));
#13187=DIRECTION('',(0.,0.,-1.));
#13188=DIRECTION('',(0.,0.,-1.));
#13189=DIRECTION('',(-1.,0.,0.));
#13190=DIRECTION('',(-0.956206134756439,-0.292694085786081,0.));
#13191=DIRECTION('',(0.292694085786081,-0.956206134756439,0.));
#13192=DIRECTION('',(0.,0.,-1.));
#13193=DIRECTION('',(-0.292694085786081,0.956206134756439,0.));
#13194=DIRECTION('',(0.,0.,-1.));
#13195=DIRECTION('',(-1.,0.,0.));
#13196=DIRECTION('',(0.,0.,-1.));
#13197=DIRECTION('',(0.,0.,-1.));
#13198=DIRECTION('',(-1.,0.,0.));
#13199=DIRECTION('',(0.,1.,0.));
#13200=DIRECTION('',(0.,0.,1.));
#13201=DIRECTION('',(0.,0.,-1.));
#13202=DIRECTION('',(1.,0.,0.));
#13203=DIRECTION('',(0.955242642536354,0.295823416720455,0.));
#13204=DIRECTION('',(-0.295823416720455,0.955242642536354,0.));
#13205=DIRECTION('',(0.,0.,-1.));
#13206=DIRECTION('',(0.295823416720455,-0.955242642536354,0.));
#13207=DIRECTION('',(0.,-1.,0.));
#13208=DIRECTION('',(0.,0.,-1.));
#13209=DIRECTION('',(-1.,0.,0.));
#13210=DIRECTION('',(0.,0.,-1.));
#13211=DIRECTION('',(1.,0.,0.));
#13212=DIRECTION('',(0.00192482427210538,0.999998147524045,0.));
#13213=DIRECTION('',(-0.999998147524045,0.00192482427210538,0.));
#13214=DIRECTION('',(0.,0.,-1.));
#13215=DIRECTION('',(0.999998147524045,-0.00192482427210538,0.));
#13216=DIRECTION('',(0.,0.,-1.));
#13217=DIRECTION('',(0.,0.,-1.));
#13218=DIRECTION('',(-1.,0.,0.));
#13219=DIRECTION('',(0.,0.,-1.));
#13220=DIRECTION('',(0.,0.,-1.));
#13221=DIRECTION('',(-1.,0.,0.));
#13222=DIRECTION('',(1.,0.,0.));
#13223=DIRECTION('',(0.,0.,-1.));
#13224=DIRECTION('',(0.,0.,-1.));
#13225=DIRECTION('',(0.,-1.,0.));
#13226=DIRECTION('',(0.,0.,-1.));
#13227=DIRECTION('',(-1.,0.,0.));
#13228=DIRECTION('',(0.,0.,-1.));
#13229=DIRECTION('',(0.,0.,-1.));
#13230=DIRECTION('',(-1.,0.,0.));
#13231=DIRECTION('',(0.,-1.,0.));
#13232=DIRECTION('',(0.,0.,-1.));
#13233=DIRECTION('',(0.,0.,-1.));
#13234=DIRECTION('',(-1.,0.,0.));
#13235=DIRECTION('',(0.,0.,-1.));
#13236=DIRECTION('',(-1.,0.,0.));
#13237=DIRECTION('',(0.,0.,-1.));
#13238=DIRECTION('',(0.,0.,-1.));
#13239=DIRECTION('',(-1.,0.,0.));
#13240=DIRECTION('',(-1.,0.,0.));
#13241=DIRECTION('',(0.,0.,1.));
#13242=DIRECTION('',(0.,0.,-1.));
#13243=DIRECTION('',(0.,1.,0.));
#13244=DIRECTION('',(0.,1.,0.));
#13245=DIRECTION('',(0.,0.,1.));
#13246=DIRECTION('',(0.,0.,-1.));
#13247=DIRECTION('',(1.,0.,0.));
#13248=DIRECTION('',(0.,0.,-1.));
#13249=DIRECTION('',(-1.,0.,0.));
#13250=DIRECTION('',(0.,0.,-1.));
#13251=DIRECTION('',(0.,0.,-1.));
#13252=DIRECTION('',(-1.,0.,0.));
#13253=DIRECTION('',(0.,0.,-1.));
#13254=DIRECTION('',(-1.,0.,0.));
#13255=DIRECTION('',(0.,0.,-1.));
#13256=DIRECTION('',(0.,0.,-1.));
#13257=DIRECTION('',(-1.,0.,0.));
#13258=DIRECTION('',(0.,0.,-1.));
#13259=DIRECTION('',(-1.,0.,0.));
#13260=DIRECTION('',(0.,0.,-1.));
#13261=DIRECTION('',(0.,0.,-1.));
#13262=DIRECTION('',(-1.,0.,0.));
#13263=DIRECTION('',(0.,-1.,0.));
#13264=DIRECTION('',(0.,0.,-1.));
#13265=DIRECTION('',(0.,0.,-1.));
#13266=DIRECTION('',(-1.,0.,0.));
#13267=DIRECTION('',(0.,0.,-1.));
#13268=DIRECTION('',(-1.,0.,0.));
#13269=DIRECTION('',(0.,0.,-1.));
#13270=DIRECTION('',(-1.,0.,0.));
#13271=DIRECTION('',(0.,0.,-1.));
#13272=DIRECTION('',(0.,0.,-1.));
#13273=DIRECTION('',(-1.,0.,0.));
#13274=DIRECTION('',(0.,0.,-1.));
#13275=DIRECTION('',(0.,0.,-1.));
#13276=DIRECTION('',(-1.,0.,0.));
#13277=DIRECTION('',(0.,0.,-1.));
#13278=DIRECTION('',(-1.,0.,0.));
#13279=DIRECTION('',(0.,0.,-1.));
#13280=DIRECTION('',(0.,0.,-1.));
#13281=DIRECTION('',(-1.,0.,0.));
#13282=DIRECTION('',(0.,0.,-1.));
#13283=DIRECTION('',(-1.,0.,0.));
#13284=DIRECTION('',(0.,0.,-1.));
#13285=DIRECTION('',(-1.,0.,0.));
#13286=DIRECTION('',(0.,0.,-1.));
#13287=DIRECTION('',(0.,0.,-1.));
#13288=DIRECTION('',(-1.,0.,0.));
#13289=DIRECTION('',(0.,0.,-1.));
#13290=DIRECTION('',(-1.,0.,0.));
#13291=DIRECTION('',(0.,0.,-1.));
#13292=DIRECTION('',(-1.,0.,0.));
#13293=DIRECTION('',(0.,0.,-1.));
#13294=DIRECTION('',(-1.,0.,0.));
#13295=DIRECTION('',(0.,0.,-1.));
#13296=DIRECTION('',(-1.,0.,0.));
#13297=DIRECTION('',(0.,0.,-1.));
#13298=DIRECTION('',(-1.,0.,0.));
#13299=DIRECTION('',(0.,0.,-1.));
#13300=DIRECTION('',(1.,0.,0.));
#13301=DIRECTION('',(0.,0.,1.));
#13302=DIRECTION('',(1.,0.,0.));
#13303=DIRECTION('',(-0.0482684893436626,-0.998834397153242,0.));
#13304=DIRECTION('',(0.998834397153242,-0.0482684893436626,0.));
#13305=DIRECTION('',(0.,0.,-1.));
#13306=DIRECTION('',(-0.998834397153242,0.0482684893436626,0.));
#13307=DIRECTION('',(0.,0.,-1.));
#13308=DIRECTION('',(0.969136559970409,0.24652449802955,0.));
#13309=DIRECTION('',(-0.24652449802955,0.969136559970409,0.));
#13310=DIRECTION('',(0.,0.,-1.));
#13311=DIRECTION('',(0.24652449802955,-0.969136559970409,0.));
#13312=DIRECTION('',(0.,0.,-1.));
#13313=DIRECTION('',(-1.,0.,0.));
#13314=DIRECTION('',(0.,0.,-1.));
#13315=DIRECTION('',(0.,0.,-1.));
#13316=DIRECTION('',(-1.,0.,0.));
#13317=DIRECTION('',(0.,0.,-1.));
#13318=DIRECTION('',(-1.,0.,0.));
#13319=DIRECTION('',(0.,0.,-1.));
#13320=DIRECTION('',(0.,0.,-1.));
#13321=DIRECTION('',(-1.,0.,0.));
#13322=DIRECTION('',(0.,0.,-1.));
#13323=DIRECTION('',(-1.,0.,0.));
#13324=DIRECTION('',(0.,0.,-1.));
#13325=DIRECTION('',(0.,0.,-1.));
#13326=DIRECTION('',(-1.,0.,0.));
#13327=DIRECTION('',(-0.967847201707208,-0.251538852163096,0.));
#13328=DIRECTION('',(0.251538852163096,-0.967847201707208,0.));
#13329=DIRECTION('',(0.,0.,-1.));
#13330=DIRECTION('',(-0.251538852163096,0.967847201707208,0.));
#13331=DIRECTION('',(0.,-1.,0.));
#13332=DIRECTION('',(0.,0.,-1.));
#13333=DIRECTION('',(0.,0.,-1.));
#13334=DIRECTION('',(-1.,0.,0.));
#13335=DIRECTION('',(-1.,0.,0.));
#13336=DIRECTION('',(0.,0.,1.));
#13337=DIRECTION('',(0.,0.,-1.));
#13338=DIRECTION('',(0.,1.,0.));
#13339=DIRECTION('',(0.,1.,0.));
#13340=DIRECTION('',(0.,0.,1.));
#13341=DIRECTION('',(0.,0.,-1.));
#13342=DIRECTION('',(1.,0.,0.));
#13343=DIRECTION('',(-1.,0.,0.));
#13344=DIRECTION('',(0.,0.,1.));
#13345=DIRECTION('',(0.,0.,-1.));
#13346=DIRECTION('',(0.,1.,0.));
#13347=DIRECTION('',(0.,1.,0.));
#13348=DIRECTION('',(0.,0.,1.));
#13349=DIRECTION('',(0.,0.,-1.));
#13350=DIRECTION('',(1.,0.,0.));
#13351=DIRECTION('',(0.95183627302349,0.306606766651931,0.));
#13352=DIRECTION('',(-0.306606766651931,0.95183627302349,0.));
#13353=DIRECTION('',(0.,0.,-1.));
#13354=DIRECTION('',(0.306606766651931,-0.95183627302349,0.));
#13355=DIRECTION('',(0.,1.,0.));
#13356=DIRECTION('',(0.,0.,1.));
#13357=DIRECTION('',(0.,0.,-1.));
#13358=DIRECTION('',(1.,0.,0.));
#13359=DIRECTION('',(1.,0.,0.));
#13360=DIRECTION('',(0.,0.,-1.));
#13361=DIRECTION('',(0.,-1.,0.));
#13362=DIRECTION('',(0.,0.,-1.));
#13363=DIRECTION('',(1.,0.,0.));
#13364=DIRECTION('',(0.,0.,-1.));
#13365=DIRECTION('',(-1.,0.,0.));
#13366=DIRECTION('',(0.,0.,-1.));
#13367=DIRECTION('',(-1.,0.,0.));
#13368=DIRECTION('',(0.,0.,-1.));
#13369=DIRECTION('',(0.,0.,-1.));
#13370=DIRECTION('',(-1.,0.,0.));
#13371=DIRECTION('',(0.,0.,-1.));
#13372=DIRECTION('',(0.,-1.,0.));
#13373=DIRECTION('',(0.,0.,-1.));
#13374=DIRECTION('',(-1.,0.,0.));
#13375=DIRECTION('',(0.,0.,-1.));
#13376=DIRECTION('',(-1.,0.,0.));
#13377=DIRECTION('',(0.,0.,-1.));
#13378=DIRECTION('',(-1.,0.,0.));
#13379=DIRECTION('',(0.,0.,-1.));
#13380=DIRECTION('',(-1.,0.,0.));
#13381=DIRECTION('',(0.,0.,-1.));
#13382=DIRECTION('',(0.,0.,-1.));
#13383=DIRECTION('',(-1.,0.,0.));
#13384=DIRECTION('',(-0.965077613600382,-0.261964119160223,0.));
#13385=DIRECTION('',(0.261964119160223,-0.965077613600382,0.));
#13386=DIRECTION('',(0.,0.,-1.));
#13387=DIRECTION('',(-0.261964119160223,0.965077613600382,0.));
#13388=DIRECTION('',(0.,0.,-1.));
#13389=DIRECTION('',(-0.0165698432276737,-0.999862710723533,0.));
#13390=DIRECTION('',(0.999862710723532,-0.0165698432276737,0.));
#13391=DIRECTION('',(0.,0.,-1.));
#13392=DIRECTION('',(-0.999862710723532,0.0165698432276737,0.));
#13393=DIRECTION('',(0.,0.,-1.));
#13394=DIRECTION('',(-1.,0.,0.));
#13395=DIRECTION('',(0.,0.,-1.));
#13396=DIRECTION('',(0.,0.,-1.));
#13397=DIRECTION('',(-1.,0.,0.));
#13398=DIRECTION('',(0.,0.,-1.));
#13399=DIRECTION('',(-1.,0.,0.));
#13400=DIRECTION('',(0.,0.,-1.));
#13401=DIRECTION('',(0.,0.,-1.));
#13402=DIRECTION('',(-1.,0.,0.));
#13403=DIRECTION('',(0.,1.,0.));
#13404=DIRECTION('',(0.,0.,1.));
#13405=DIRECTION('',(0.,0.,-1.));
#13406=DIRECTION('',(1.,0.,0.));
#13407=DIRECTION('',(0.964851046740138,0.262797369858338,0.));
#13408=DIRECTION('',(-0.262797369858338,0.964851046740138,0.));
#13409=DIRECTION('',(0.,0.,-1.));
#13410=DIRECTION('',(0.262797369858338,-0.964851046740138,0.));
#13411=DIRECTION('',(0.,-1.,0.));
#13412=DIRECTION('',(0.,0.,-1.));
#13413=DIRECTION('',(-1.,0.,0.));
#13414=DIRECTION('',(0.,0.,-1.));
#13415=DIRECTION('',(-1.,0.,0.));
#13416=DIRECTION('',(0.,0.,-1.));
#13417=DIRECTION('',(-1.,0.,0.));
#13418=DIRECTION('',(0.,0.,-1.));
#13419=DIRECTION('',(-1.,0.,0.));
#13420=DIRECTION('',(0.,0.,-1.));
#13421=DIRECTION('',(1.,0.,0.));
#13422=DIRECTION('',(-0.107072897129614,0.994251172843297,0.));
#13423=DIRECTION('',(-0.994251172843297,-0.107072897129614,0.));
#13424=DIRECTION('',(0.994251172843297,0.107072897129614,0.));
#13425=DIRECTION('',(0.,0.,-1.));
#13426=DIRECTION('',(0.994251172843297,0.107072897129614,0.));
#13427=DIRECTION('',(0.,0.,-1.));
#13428=DIRECTION('',(-0.948683320651216,-0.316227698214725,0.));
#13429=DIRECTION('',(0.316227698214725,-0.948683320651216,0.));
#13430=DIRECTION('',(-0.316227698214725,0.948683320651216,0.));
#13431=DIRECTION('',(0.,0.,-1.));
#13432=DIRECTION('',(-0.316227698214725,0.948683320651216,0.));
#13433=DIRECTION('',(-0.989578987726958,-0.143991065866216,0.));
#13434=DIRECTION('',(0.143991065866216,-0.989578987726958,0.));
#13435=DIRECTION('',(0.,0.,-1.));
#13436=DIRECTION('',(-0.143991065866216,0.989578987726958,0.));
#13437=DIRECTION('',(0.,0.,-1.));
#13438=DIRECTION('',(-0.006979272300477,0.999975644582485,0.));
#13439=DIRECTION('',(-0.999975644582485,-0.006979272300477,0.));
#13440=DIRECTION('',(0.,0.,-1.));
#13441=DIRECTION('',(0.999975644582485,0.006979272300477,0.));
#13442=DIRECTION('',(0.910968141382959,0.412476721022262,0.));
#13443=DIRECTION('',(-0.412476721022262,0.910968141382959,0.));
#13444=DIRECTION('',(0.,0.,-1.));
#13445=DIRECTION('',(0.412476721022262,-0.910968141382959,0.));
#13446=DIRECTION('',(0.,-1.,0.));
#13447=DIRECTION('',(0.,0.,-1.));
#13448=DIRECTION('',(0.,0.,-1.));
#13449=DIRECTION('',(-1.,0.,0.));
#13450=DIRECTION('',(-0.771415021468541,-0.636332353925754,0.));
#13451=DIRECTION('',(0.636332353925754,-0.771415021468541,0.));
#13452=DIRECTION('',(0.,0.,-1.));
#13453=DIRECTION('',(-0.636332353925754,0.771415021468541,0.));
#13454=DIRECTION('',(0.965710602780445,-0.259620938441856,0.));
#13455=DIRECTION('',(0.259620938441856,0.965710602780445,0.));
#13456=DIRECTION('',(0.,0.,-1.));
#13457=DIRECTION('',(-0.259620938441856,-0.965710602780445,0.));
#13458=DIRECTION('',(0.,-1.,0.));
#13459=DIRECTION('',(0.,0.,-1.));
#13460=DIRECTION('',(-1.,0.,0.));
#13461=DIRECTION('',(1.,0.,0.));
#13462=DIRECTION('',(0.,0.,-1.));
#13463=DIRECTION('',(0.,-1.,0.));
#13464=DIRECTION('',(0.,-1.,0.));
#13465=DIRECTION('',(0.,0.,-1.));
#13466=DIRECTION('',(1.,0.,0.));
#13467=DIRECTION('',(0.,0.,1.));
#13468=DIRECTION('',(1.,0.,0.));
#13469=DIRECTION('',(0.,0.,-1.));
#13470=DIRECTION('',(-1.,0.,0.));
#13471=DIRECTION('',(0.,0.,-1.));
#13472=DIRECTION('',(-1.,0.,0.));
#13473=DIRECTION('',(0.,0.,-1.));
#13474=DIRECTION('',(-1.,0.,0.));
#13475=DIRECTION('',(0.,0.,-1.));
#13476=DIRECTION('',(-1.,0.,0.));
#13477=DIRECTION('',(0.,0.,-1.));
#13478=DIRECTION('',(-1.,0.,0.));
#13479=DIRECTION('',(0.,0.,-1.));
#13480=DIRECTION('',(-1.,0.,0.));
#13481=DIRECTION('',(0.,0.,-1.));
#13482=DIRECTION('',(-1.,0.,0.));
#13483=DIRECTION('',(0.,0.,-1.));
#13484=DIRECTION('',(-1.,0.,0.));
#13485=DIRECTION('',(0.,0.,-1.));
#13486=DIRECTION('',(-1.,0.,0.));
#13487=DIRECTION('',(0.,0.,-1.));
#13488=DIRECTION('',(-1.,0.,0.));
#13489=DIRECTION('',(0.,0.,-1.));
#13490=DIRECTION('',(-1.,0.,0.));
#13491=DIRECTION('',(0.,0.,-1.));
#13492=DIRECTION('',(-1.,0.,0.));
#13493=DIRECTION('',(0.,0.,-1.));
#13494=DIRECTION('',(-1.,0.,0.));
#13495=DIRECTION('',(0.,0.,-1.));
#13496=DIRECTION('',(-1.,0.,0.));
#13497=DIRECTION('',(0.,0.,-1.));
#13498=DIRECTION('',(-1.,0.,0.));
#13499=DIRECTION('',(0.,0.,-1.));
#13500=DIRECTION('',(-1.,0.,0.));
#13501=DIRECTION('',(0.,0.,-1.));
#13502=DIRECTION('',(-1.,0.,0.));
#13503=DIRECTION('',(0.,0.,-1.));
#13504=DIRECTION('',(-1.,0.,0.));
#13505=DIRECTION('',(0.,0.,-1.));
#13506=DIRECTION('',(-1.,0.,0.));
#13507=DIRECTION('',(0.,0.,-1.));
#13508=DIRECTION('',(-1.,0.,0.));
#13509=DIRECTION('',(0.,0.,-1.));
#13510=DIRECTION('',(-1.,0.,0.));
#13511=DIRECTION('',(0.,0.,-1.));
#13512=DIRECTION('',(-1.,0.,0.));
#13513=DIRECTION('',(0.,0.,-1.));
#13514=DIRECTION('',(-1.,0.,0.));
#13515=DIRECTION('',(0.,0.,-1.));
#13516=DIRECTION('',(-1.,0.,0.));
#13517=DIRECTION('',(0.,0.,-1.));
#13518=DIRECTION('',(-1.,0.,0.));
#13519=DIRECTION('',(0.,0.,-1.));
#13520=DIRECTION('',(-1.,0.,0.));
#13521=DIRECTION('',(0.,0.,-1.));
#13522=DIRECTION('',(-1.,0.,0.));
#13523=DIRECTION('',(0.,0.,-1.));
#13524=DIRECTION('',(-1.,0.,0.));
#13525=DIRECTION('',(0.,0.,-1.));
#13526=DIRECTION('',(-1.,0.,0.));
#13527=DIRECTION('',(0.,0.,-1.));
#13528=DIRECTION('',(-1.,0.,0.));
#13529=DIRECTION('',(0.,0.,-1.));
#13530=DIRECTION('',(-1.,0.,0.));
#13531=DIRECTION('',(0.,0.,-1.));
#13532=DIRECTION('',(-1.,0.,0.));
#13533=DIRECTION('',(0.,0.,-1.));
#13534=DIRECTION('',(-1.,0.,0.));
#13535=DIRECTION('',(0.,0.,-1.));
#13536=DIRECTION('',(-1.,0.,0.));
#13537=DIRECTION('',(0.,0.,-1.));
#13538=DIRECTION('',(-1.,0.,0.));
#13539=DIRECTION('',(0.,0.,-1.));
#13540=DIRECTION('',(-1.,0.,0.));
#13541=DIRECTION('',(0.,0.,-1.));
#13542=DIRECTION('',(-1.,0.,0.));
#13543=DIRECTION('',(0.,0.,-1.));
#13544=DIRECTION('',(-1.,0.,0.));
#13545=DIRECTION('',(0.,0.,-1.));
#13546=DIRECTION('',(-1.,0.,0.));
#13547=DIRECTION('',(0.,0.,-1.));
#13548=DIRECTION('',(-1.,0.,0.));
#13549=DIRECTION('',(0.,0.,-1.));
#13550=DIRECTION('',(-1.,0.,0.));
#13551=DIRECTION('',(0.,0.,-1.));
#13552=DIRECTION('',(-1.,0.,0.));
#13553=DIRECTION('',(0.,0.,-1.));
#13554=DIRECTION('',(-1.,0.,0.));
#13555=DIRECTION('',(0.,0.,-1.));
#13556=DIRECTION('',(-1.,0.,0.));
#13557=DIRECTION('',(0.,0.,-1.));
#13558=DIRECTION('',(-1.,0.,0.));
#13559=DIRECTION('',(0.,0.,-1.));
#13560=DIRECTION('',(-1.,0.,0.));
#13561=DIRECTION('',(0.,0.,-1.));
#13562=DIRECTION('',(-1.,0.,0.));
#13563=DIRECTION('',(0.,0.,-1.));
#13564=DIRECTION('',(-1.,0.,0.));
#13565=DIRECTION('',(0.,0.,-1.));
#13566=DIRECTION('',(-1.,0.,0.));
#13567=DIRECTION('',(0.,0.,-1.));
#13568=DIRECTION('',(-1.,0.,0.));
#13569=DIRECTION('',(0.,0.,-1.));
#13570=DIRECTION('',(-1.,0.,0.));
#13571=DIRECTION('',(0.,0.,-1.));
#13572=DIRECTION('',(-1.,0.,0.));
#13573=DIRECTION('',(0.,0.,-1.));
#13574=DIRECTION('',(-1.,0.,0.));
#13575=DIRECTION('',(0.,0.,-1.));
#13576=DIRECTION('',(-1.,0.,0.));
#13577=DIRECTION('',(0.,0.,-1.));
#13578=DIRECTION('',(-1.,0.,0.));
#13579=DIRECTION('',(0.,0.,-1.));
#13580=DIRECTION('',(-1.,0.,0.));
#13581=DIRECTION('',(0.,0.,-1.));
#13582=DIRECTION('',(-1.,0.,0.));
#13583=DIRECTION('',(0.345390149247634,-0.938459186540735,0.));
#13584=DIRECTION('',(0.,0.,-1.));
#13585=DIRECTION('',(-1.,0.,0.));
#13586=DIRECTION('',(0.,0.,-1.));
#13587=DIRECTION('',(-1.,0.,0.));
#13588=DIRECTION('',(0.,0.,-1.));
#13589=DIRECTION('',(-1.,0.,0.));
#13590=DIRECTION('',(0.,0.,-1.));
#13591=DIRECTION('',(-1.,0.,0.));
#13592=DIRECTION('',(0.,0.,-1.));
#13593=DIRECTION('',(-1.,0.,0.));
#13594=DIRECTION('',(0.,0.,-1.));
#13595=DIRECTION('',(-1.,0.,0.));
#13596=DIRECTION('',(0.,0.,-1.));
#13597=DIRECTION('',(-1.,0.,0.));
#13598=DIRECTION('',(0.,0.,-1.));
#13599=DIRECTION('',(-1.,0.,0.));
#13600=DIRECTION('',(0.,0.,-1.));
#13601=DIRECTION('',(-1.,0.,0.));
#13602=DIRECTION('',(0.,0.,-1.));
#13603=DIRECTION('',(-1.,0.,0.));
#13604=DIRECTION('',(0.,0.,-1.));
#13605=DIRECTION('',(-1.,0.,0.));
#13606=DIRECTION('',(0.,0.,-1.));
#13607=DIRECTION('',(-1.,0.,0.));
#13608=DIRECTION('',(0.,0.,-1.));
#13609=DIRECTION('',(0.,0.,-1.));
#13610=DIRECTION('',(-1.,0.,0.));
#13611=DIRECTION('',(0.,0.,-1.));
#13612=DIRECTION('',(0.,0.,-1.));
#13613=DIRECTION('',(-1.,0.,0.));
#13614=DIRECTION('',(0.,0.,-1.));
#13615=DIRECTION('',(0.,0.,-1.));
#13616=DIRECTION('',(-1.,0.,0.));
#13617=DIRECTION('',(0.,0.,-1.));
#13618=DIRECTION('',(-1.,0.,0.));
#13619=DIRECTION('',(0.,0.,-1.));
#13620=DIRECTION('',(0.,0.,-1.));
#13621=DIRECTION('',(-1.,0.,0.));
#13622=DIRECTION('',(0.,0.,-1.));
#13623=DIRECTION('',(-1.,0.,0.));
#13624=DIRECTION('',(0.,0.,-1.));
#13625=DIRECTION('',(0.,0.,-1.));
#13626=DIRECTION('',(-1.,0.,0.));
#13627=DIRECTION('',(0.,0.,-1.));
#13628=DIRECTION('',(-1.,0.,0.));
#13629=DIRECTION('',(0.,0.,-1.));
#13630=DIRECTION('',(0.,0.,-1.));
#13631=DIRECTION('',(-1.,0.,0.));
#13632=DIRECTION('',(0.,0.,-1.));
#13633=DIRECTION('',(-1.,0.,0.));
#13634=DIRECTION('',(0.,0.,-1.));
#13635=DIRECTION('',(0.,0.,-1.));
#13636=DIRECTION('',(-1.,0.,0.));
#13637=DIRECTION('',(0.,0.,-1.));
#13638=DIRECTION('',(-1.,0.,0.));
#13639=DIRECTION('',(0.,0.,-1.));
#13640=DIRECTION('',(0.,0.,-1.));
#13641=DIRECTION('',(-1.,0.,0.));
#13642=DIRECTION('',(0.,0.,-1.));
#13643=DIRECTION('',(-1.,0.,0.));
#13644=DIRECTION('',(0.,0.,-1.));
#13645=DIRECTION('',(0.,0.,-1.));
#13646=DIRECTION('',(-1.,0.,0.));
#13647=DIRECTION('',(0.,0.,-1.));
#13648=DIRECTION('',(-1.,0.,0.));
#13649=DIRECTION('',(0.,0.,-1.));
#13650=DIRECTION('',(0.,0.,-1.));
#13651=DIRECTION('',(-1.,0.,0.));
#13652=DIRECTION('',(0.,0.,-1.));
#13653=DIRECTION('',(-1.,0.,0.));
#13654=DIRECTION('',(0.,0.,-1.));
#13655=DIRECTION('',(-1.,0.,0.));
#13656=DIRECTION('',(0.,0.,-1.));
#13657=DIRECTION('',(0.,0.,-1.));
#13658=DIRECTION('',(-1.,0.,0.));
#13659=DIRECTION('',(0.,0.,-1.));
#13660=DIRECTION('',(0.,0.,-1.));
#13661=DIRECTION('',(-1.,0.,0.));
#13662=DIRECTION('',(0.,0.,-1.));
#13663=DIRECTION('',(-1.,0.,0.));
#13664=DIRECTION('',(0.,0.,-1.));
#13665=DIRECTION('',(0.,0.,-1.));
#13666=DIRECTION('',(-1.,0.,0.));
#13667=DIRECTION('',(0.,0.,-1.));
#13668=DIRECTION('',(-1.,0.,0.));
#13669=DIRECTION('',(0.,0.,-1.));
#13670=DIRECTION('',(-1.,0.,0.));
#13671=DIRECTION('',(0.,0.,-1.));
#13672=DIRECTION('',(0.,0.,-1.));
#13673=DIRECTION('',(-1.,0.,0.));
#13674=DIRECTION('',(0.,0.,-1.));
#13675=DIRECTION('',(-1.,0.,0.));
#13676=DIRECTION('',(0.,0.,-1.));
#13677=DIRECTION('',(-1.,0.,0.));
#13678=DIRECTION('',(0.,0.,-1.));
#13679=DIRECTION('',(0.,0.,-1.));
#13680=DIRECTION('',(-1.,0.,0.));
#13681=DIRECTION('',(0.,0.,-1.));
#13682=DIRECTION('',(0.,0.,-1.));
#13683=DIRECTION('',(-1.,0.,0.));
#13684=DIRECTION('',(0.,0.,-1.));
#13685=DIRECTION('',(-1.,0.,0.));
#13686=DIRECTION('',(0.,0.,-1.));
#13687=DIRECTION('',(0.,0.,-1.));
#13688=DIRECTION('',(-1.,0.,0.));
#13689=DIRECTION('',(0.,0.,-1.));
#13690=DIRECTION('',(-1.,0.,0.));
#13691=DIRECTION('',(0.,0.,-1.));
#13692=DIRECTION('',(-1.,0.,0.));
#13693=DIRECTION('',(0.,0.,-1.));
#13694=DIRECTION('',(0.,0.,-1.));
#13695=DIRECTION('',(-1.,0.,0.));
#13696=DIRECTION('',(0.,0.,-1.));
#13697=DIRECTION('',(-1.,0.,0.));
#13698=DIRECTION('',(0.,0.,-1.));
#13699=DIRECTION('',(-1.,0.,0.));
#13700=DIRECTION('',(0.,0.,-1.));
#13701=DIRECTION('',(-1.,0.,0.));
#13702=DIRECTION('',(0.,0.,-1.));
#13703=DIRECTION('',(-1.,0.,0.));
#13704=DIRECTION('',(0.,0.,-1.));
#13705=DIRECTION('',(-1.,0.,0.));
#13706=DIRECTION('',(0.,0.,-1.));
#13707=DIRECTION('',(-1.,0.,0.));
#13708=DIRECTION('',(0.,0.,-1.));
#13709=DIRECTION('',(-1.,0.,0.));
#13710=DIRECTION('',(0.,0.,-1.));
#13711=DIRECTION('',(-1.,0.,0.));
#13712=DIRECTION('',(0.,0.,-1.));
#13713=DIRECTION('',(1.,0.,0.));
#13714=DIRECTION('',(0.,0.,1.));
#13715=DIRECTION('',(1.,0.,0.));
#13716=DIRECTION('',(0.,0.,1.));
#13717=DIRECTION('',(1.,0.,0.));
#13718=DIRECTION('',(0.,0.,-1.));
#13719=DIRECTION('',(-1.,0.,0.));
#13720=DIRECTION('',(0.,0.,-1.));
#13721=DIRECTION('',(0.,0.,-1.));
#13722=DIRECTION('',(-1.,0.,0.));
#13723=DIRECTION('',(0.,0.,-1.));
#13724=DIRECTION('',(0.,0.,-1.));
#13725=DIRECTION('',(-1.,0.,0.));
#13726=DIRECTION('',(0.,0.,-1.));
#13727=DIRECTION('',(0.,0.,-1.));
#13728=DIRECTION('',(-1.,0.,0.));
#13729=DIRECTION('',(0.,0.,-1.));
#13730=DIRECTION('',(-1.,0.,0.));
#13731=DIRECTION('',(0.,0.,-1.));
#13732=DIRECTION('',(0.,0.,-1.));
#13733=DIRECTION('',(-1.,0.,0.));
#13734=DIRECTION('',(0.,0.,-1.));
#13735=DIRECTION('',(-1.,0.,0.));
#13736=DIRECTION('',(0.,0.,-1.));
#13737=DIRECTION('',(0.,0.,-1.));
#13738=DIRECTION('',(-1.,0.,0.));
#13739=DIRECTION('',(0.,0.,-1.));
#13740=DIRECTION('',(-1.,0.,0.));
#13741=DIRECTION('',(0.,0.,-1.));
#13742=DIRECTION('',(0.,0.,-1.));
#13743=DIRECTION('',(-1.,0.,0.));
#13744=DIRECTION('',(0.,0.,-1.));
#13745=DIRECTION('',(-1.,0.,0.));
#13746=DIRECTION('',(0.,0.,-1.));
#13747=DIRECTION('',(-1.,0.,0.));
#13748=DIRECTION('',(0.,0.,-1.));
#13749=DIRECTION('',(1.,0.,0.));
#13750=DIRECTION('',(0.,0.,-1.));
#13751=DIRECTION('',(-1.,0.,0.));
#13752=DIRECTION('',(0.,0.,-1.));
#13753=DIRECTION('',(0.,0.,-1.));
#13754=DIRECTION('',(-1.,0.,0.));
#13755=DIRECTION('',(0.,0.,-1.));
#13756=DIRECTION('',(0.,0.,-1.));
#13757=DIRECTION('',(-1.,0.,0.));
#13758=DIRECTION('',(0.,0.,-1.));
#13759=DIRECTION('',(0.,0.,-1.));
#13760=DIRECTION('',(-1.,0.,0.));
#13761=DIRECTION('',(0.,0.,-1.));
#13762=DIRECTION('',(-1.,0.,0.));
#13763=DIRECTION('',(0.,0.,-1.));
#13764=DIRECTION('',(0.,0.,-1.));
#13765=DIRECTION('',(-1.,0.,0.));
#13766=DIRECTION('',(0.,0.,-1.));
#13767=DIRECTION('',(-1.,0.,0.));
#13768=DIRECTION('',(0.,0.,-1.));
#13769=DIRECTION('',(-1.,0.,0.));
#13770=DIRECTION('',(0.,0.,-1.));
#13771=DIRECTION('',(1.,0.,0.));
#13772=DIRECTION('',(0.,0.,-1.));
#13773=DIRECTION('',(-1.,0.,0.));
#13774=DIRECTION('',(0.,0.,-1.));
#13775=DIRECTION('',(0.,0.,-1.));
#13776=DIRECTION('',(-1.,0.,0.));
#13777=DIRECTION('',(0.,0.,-1.));
#13778=DIRECTION('',(0.,0.,-1.));
#13779=DIRECTION('',(-1.,0.,0.));
#13780=DIRECTION('',(0.,0.,-1.));
#13781=DIRECTION('',(0.,0.,-1.));
#13782=DIRECTION('',(-1.,0.,0.));
#13783=DIRECTION('',(0.,0.,-1.));
#13784=DIRECTION('',(-1.,0.,0.));
#13785=DIRECTION('',(0.,0.,-1.));
#13786=DIRECTION('',(0.,0.,-1.));
#13787=DIRECTION('',(-1.,0.,0.));
#13788=DIRECTION('',(0.,0.,-1.));
#13789=DIRECTION('',(-1.,0.,0.));
#13790=DIRECTION('',(0.,0.,-1.));
#13791=DIRECTION('',(0.,0.,-1.));
#13792=DIRECTION('',(-1.,0.,0.));
#13793=DIRECTION('',(0.,0.,-1.));
#13794=DIRECTION('',(-1.,0.,0.));
#13795=DIRECTION('',(0.,0.,-1.));
#13796=DIRECTION('',(0.,0.,-1.));
#13797=DIRECTION('',(-1.,0.,0.));
#13798=DIRECTION('',(0.,0.,-1.));
#13799=DIRECTION('',(-1.,0.,0.));
#13800=DIRECTION('',(0.,0.,-1.));
#13801=DIRECTION('',(0.,0.,-1.));
#13802=DIRECTION('',(-1.,0.,0.));
#13803=DIRECTION('',(0.,0.,-1.));
#13804=DIRECTION('',(-1.,0.,0.));
#13805=DIRECTION('',(0.,0.,-1.));
#13806=DIRECTION('',(0.,0.,-1.));
#13807=DIRECTION('',(-1.,0.,0.));
#13808=DIRECTION('',(0.,0.,-1.));
#13809=DIRECTION('',(-1.,0.,0.));
#13810=DIRECTION('',(0.,0.,-1.));
#13811=DIRECTION('',(0.,0.,-1.));
#13812=DIRECTION('',(-1.,0.,0.));
#13813=DIRECTION('',(0.,0.,-1.));
#13814=DIRECTION('',(-1.,0.,0.));
#13815=DIRECTION('',(0.,0.,-1.));
#13816=DIRECTION('',(0.,0.,-1.));
#13817=DIRECTION('',(-1.,0.,0.));
#13818=DIRECTION('',(0.,0.,-1.));
#13819=DIRECTION('',(-1.,0.,0.));
#13820=DIRECTION('',(0.,0.,-1.));
#13821=DIRECTION('',(0.,0.,-1.));
#13822=DIRECTION('',(-1.,0.,0.));
#13823=DIRECTION('',(0.,0.,-1.));
#13824=DIRECTION('',(-1.,0.,0.));
#13825=DIRECTION('',(0.,0.,-1.));
#13826=DIRECTION('',(0.,0.,-1.));
#13827=DIRECTION('',(-1.,0.,0.));
#13828=DIRECTION('',(0.,0.,-1.));
#13829=DIRECTION('',(-1.,0.,0.));
#13830=DIRECTION('',(0.,0.,-1.));
#13831=DIRECTION('',(-1.,0.,0.));
#13832=DIRECTION('',(0.,0.,-1.));
#13833=DIRECTION('',(0.,0.,-1.));
#13834=DIRECTION('',(-1.,0.,0.));
#13835=DIRECTION('',(0.,0.,-1.));
#13836=DIRECTION('',(0.,0.,-1.));
#13837=DIRECTION('',(-1.,0.,0.));
#13838=DIRECTION('',(0.,0.,-1.));
#13839=DIRECTION('',(-1.,0.,0.));
#13840=DIRECTION('',(0.,0.,-1.));
#13841=DIRECTION('',(0.,0.,-1.));
#13842=DIRECTION('',(-1.,0.,0.));
#13843=DIRECTION('',(0.,0.,-1.));
#13844=DIRECTION('',(-1.,0.,0.));
#13845=DIRECTION('',(0.,0.,-1.));
#13846=DIRECTION('',(-1.,0.,0.));
#13847=DIRECTION('',(0.,0.,-1.));
#13848=DIRECTION('',(0.,0.,-1.));
#13849=DIRECTION('',(-1.,0.,0.));
#13850=DIRECTION('',(0.,0.,-1.));
#13851=DIRECTION('',(-1.,0.,0.));
#13852=DIRECTION('',(0.,0.,-1.));
#13853=DIRECTION('',(-1.,0.,0.));
#13854=DIRECTION('',(0.,0.,-1.));
#13855=DIRECTION('',(-1.,0.,0.));
#13856=DIRECTION('',(0.,0.,-1.));
#13857=DIRECTION('',(-1.,0.,0.));
#13858=DIRECTION('',(0.,0.,-1.));
#13859=DIRECTION('',(-1.,0.,0.));
#13860=DIRECTION('',(0.,0.,-1.));
#13861=DIRECTION('',(1.,0.,0.));
#13862=DIRECTION('',(0.,0.,1.));
#13863=DIRECTION('',(1.,0.,0.));
#13864=DIRECTION('',(0.,-1.,0.));
#13865=DIRECTION('',(0.,0.,-1.));
#13866=DIRECTION('',(0.,0.,-1.));
#13867=DIRECTION('',(-1.,0.,0.));
#13868=DIRECTION('',(0.,0.,-1.));
#13869=DIRECTION('',(0.,0.,-1.));
#13870=DIRECTION('',(-1.,0.,0.));
#13871=DIRECTION('',(0.,0.,-1.));
#13872=DIRECTION('',(0.,0.,-1.));
#13873=DIRECTION('',(-1.,0.,0.));
#13874=DIRECTION('',(-1.,0.,0.));
#13875=DIRECTION('',(0.,0.,1.));
#13876=DIRECTION('',(0.,0.,-1.));
#13877=DIRECTION('',(0.,1.,0.));
#13878=DIRECTION('',(0.,0.,-1.));
#13879=DIRECTION('',(-1.,0.,0.));
#13880=DIRECTION('',(0.,0.,-1.));
#13881=DIRECTION('',(0.,0.,-1.));
#13882=DIRECTION('',(-1.,0.,0.));
#13883=DIRECTION('',(0.,1.,0.));
#13884=DIRECTION('',(0.,0.,1.));
#13885=DIRECTION('',(0.,0.,-1.));
#13886=DIRECTION('',(1.,0.,0.));
#13887=DIRECTION('',(0.,0.,-1.));
#13888=DIRECTION('',(-1.,0.,0.));
#13889=DIRECTION('',(0.,0.,-1.));
#13890=DIRECTION('',(0.,0.,-1.));
#13891=DIRECTION('',(-1.,0.,0.));
#13892=DIRECTION('',(1.,0.,0.));
#13893=DIRECTION('',(0.,0.,-1.));
#13894=DIRECTION('',(0.,0.,-1.));
#13895=DIRECTION('',(0.,-1.,0.));
#13896=DIRECTION('',(0.,-1.,0.));
#13897=DIRECTION('',(0.,0.,-1.));
#13898=DIRECTION('',(0.,0.,-1.));
#13899=DIRECTION('',(-1.,0.,0.));
#13900=DIRECTION('',(0.,0.,-1.));
#13901=DIRECTION('',(-1.,0.,0.));
#13902=DIRECTION('',(0.,0.,-1.));
#13903=DIRECTION('',(0.,0.,-1.));
#13904=DIRECTION('',(-1.,0.,0.));
#13905=DIRECTION('',(0.,0.,-1.));
#13906=DIRECTION('',(-1.,0.,0.));
#13907=DIRECTION('',(0.,0.,-1.));
#13908=DIRECTION('',(0.,0.,-1.));
#13909=DIRECTION('',(-1.,0.,0.));
#13910=DIRECTION('',(0.,0.,-1.));
#13911=DIRECTION('',(-1.,0.,0.));
#13912=DIRECTION('',(0.,0.,-1.));
#13913=DIRECTION('',(0.,0.,-1.));
#13914=DIRECTION('',(-1.,0.,0.));
#13915=DIRECTION('',(0.,1.,0.));
#13916=DIRECTION('',(0.,0.,1.));
#13917=DIRECTION('',(0.,0.,-1.));
#13918=DIRECTION('',(1.,0.,0.));
#13919=DIRECTION('',(0.,0.,-1.));
#13920=DIRECTION('',(-1.,0.,0.));
#13921=DIRECTION('',(0.,0.,-1.));
#13922=DIRECTION('',(0.,0.,-1.));
#13923=DIRECTION('',(-1.,0.,0.));
#13924=DIRECTION('',(1.,0.,0.));
#13925=DIRECTION('',(0.,0.,-1.));
#13926=DIRECTION('',(0.,0.,-1.));
#13927=DIRECTION('',(0.,-1.,0.));
#13928=DIRECTION('',(0.,0.,-1.));
#13929=DIRECTION('',(-1.,0.,0.));
#13930=DIRECTION('',(0.,0.,-1.));
#13931=DIRECTION('',(-1.,0.,0.));
#13932=DIRECTION('',(0.,0.,-1.));
#13933=DIRECTION('',(0.,0.,-1.));
#13934=DIRECTION('',(-1.,0.,0.));
#13935=DIRECTION('',(0.,0.,-1.));
#13936=DIRECTION('',(0.,0.,-1.));
#13937=DIRECTION('',(-1.,0.,0.));
#13938=DIRECTION('',(0.,0.,-1.));
#13939=DIRECTION('',(-1.,0.,0.));
#13940=DIRECTION('',(0.,0.,-1.));
#13941=DIRECTION('',(0.,0.,-1.));
#13942=DIRECTION('',(-1.,0.,0.));
#13943=DIRECTION('',(0.,0.,-1.));
#13944=DIRECTION('',(-1.,0.,0.));
#13945=DIRECTION('',(0.,0.,-1.));
#13946=DIRECTION('',(-1.,0.,0.));
#13947=DIRECTION('',(0.,0.,-1.));
#13948=DIRECTION('',(0.,0.,-1.));
#13949=DIRECTION('',(-1.,0.,0.));
#13950=DIRECTION('',(0.,0.,-1.));
#13951=DIRECTION('',(-1.,0.,0.));
#13952=DIRECTION('',(0.,0.,-1.));
#13953=DIRECTION('',(-1.,0.,0.));
#13954=DIRECTION('',(0.,0.,-1.));
#13955=DIRECTION('',(-1.,0.,0.));
#13956=DIRECTION('',(0.,0.,-1.));
#13957=DIRECTION('',(-1.,0.,0.));
#13958=DIRECTION('',(0.,0.,-1.));
#13959=DIRECTION('',(-1.,0.,0.));
#13960=DIRECTION('',(0.,0.,-1.));
#13961=DIRECTION('',(1.,0.,0.));
#13962=DIRECTION('',(0.,0.,1.));
#13963=DIRECTION('',(1.,0.,0.));
#13964=DIRECTION('',(0.937354551004597,0.348376873100052,0.));
#13965=DIRECTION('',(-0.348376873100052,0.937354551004597,0.));
#13966=DIRECTION('',(0.,0.,-1.));
#13967=DIRECTION('',(0.348376873100052,-0.937354551004597,0.));
#13968=DIRECTION('',(0.,0.,-1.));
#13969=DIRECTION('',(0.94998043218742,0.312309427428956,0.));
#13970=DIRECTION('',(-0.312309427428956,0.94998043218742,0.));
#13971=DIRECTION('',(0.,0.,-1.));
#13972=DIRECTION('',(0.312309427428955,-0.94998043218742,0.));
#13973=DIRECTION('',(0.,0.,-1.));
#13974=DIRECTION('',(-1.,0.,0.));
#13975=DIRECTION('',(0.,0.,-1.));
#13976=DIRECTION('',(0.,0.,-1.));
#13977=DIRECTION('',(-1.,0.,0.));
#13978=DIRECTION('',(0.70260747914503,-0.711577634731071,0.));
#13979=DIRECTION('',(0.711577634731071,0.70260747914503,0.));
#13980=DIRECTION('',(0.,0.,-1.));
#13981=DIRECTION('',(-0.711577634731071,-0.70260747914503,0.));
#13982=DIRECTION('',(0.,-1.,0.));
#13983=DIRECTION('',(0.,0.,-1.));
#13984=DIRECTION('',(0.,0.,-1.));
#13985=DIRECTION('',(-1.,0.,0.));
#13986=DIRECTION('',(-0.962514194670175,-0.271231312828045,0.));
#13987=DIRECTION('',(0.271231312828045,-0.962514194670175,0.));
#13988=DIRECTION('',(0.,0.,-1.));
#13989=DIRECTION('',(-0.271231312828045,0.962514194670175,0.));
#13990=DIRECTION('',(0.,1.,0.));
#13991=DIRECTION('',(0.,0.,1.));
#13992=DIRECTION('',(0.,0.,-1.));
#13993=DIRECTION('',(1.,0.,0.));
#13994=DIRECTION('',(0.950033649010632,0.312147506393282,0.));
#13995=DIRECTION('',(-0.312147506393282,0.950033649010632,0.));
#13996=DIRECTION('',(0.,0.,-1.));
#13997=DIRECTION('',(0.312147506393282,-0.950033649010632,0.));
#13998=DIRECTION('',(0.,1.,0.));
#13999=DIRECTION('',(0.,0.,1.));
#14000=DIRECTION('',(0.,0.,-1.));
#14001=DIRECTION('',(1.,0.,0.));
#14002=DIRECTION('',(-0.969907647242724,-0.243473111082278,0.));
#14003=DIRECTION('',(0.243473111082278,-0.969907647242724,0.));
#14004=DIRECTION('',(0.,0.,-1.));
#14005=DIRECTION('',(-0.243473111082278,0.969907647242724,0.));
#14006=DIRECTION('',(0.,1.,0.));
#14007=DIRECTION('',(0.,0.,1.));
#14008=DIRECTION('',(1.,0.,0.));
#14009=DIRECTION('',(0.,0.,-1.));
#14010=DIRECTION('',(1.,0.,0.));
#14011=DIRECTION('',(-0.956677909438532,-0.291148377279215,0.));
#14012=DIRECTION('',(0.291148377279215,-0.956677909438532,0.));
#14013=DIRECTION('',(0.,0.,-1.));
#14014=DIRECTION('',(-0.291148377279215,0.956677909438532,0.));
#14015=DIRECTION('',(0.,0.,-1.));
#14016=DIRECTION('',(-0.000482459613735486,0.999999883616354,0.));
#14017=DIRECTION('',(-0.999999883616354,-0.000482459613735486,0.));
#14018=DIRECTION('',(0.,0.,-1.));
#14019=DIRECTION('',(0.999999883616354,0.000482459613735486,0.));
#14020=DIRECTION('',(0.951096277203338,0.308894596084088,0.));
#14021=DIRECTION('',(-0.308894596084088,0.951096277203338,0.));
#14022=DIRECTION('',(0.,0.,-1.));
#14023=DIRECTION('',(0.308894596084088,-0.951096277203338,0.));
#14024=DIRECTION('',(0.,0.,-1.));
#14025=DIRECTION('',(-1.,0.,0.));
#14026=DIRECTION('',(0.,0.,-1.));
#14027=DIRECTION('',(0.,0.,-1.));
#14028=DIRECTION('',(-1.,0.,0.));
#14029=DIRECTION('',(1.,0.,0.));
#14030=DIRECTION('',(0.,0.,-1.));
#14031=DIRECTION('',(0.,0.,-1.));
#14032=DIRECTION('',(0.,-1.,0.));
#14033=DIRECTION('',(0.,0.,-1.));
#14034=DIRECTION('',(-1.,0.,0.));
#14035=DIRECTION('',(0.,0.,-1.));
#14036=DIRECTION('',(0.,0.,-1.));
#14037=DIRECTION('',(-1.,0.,0.));
#14038=DIRECTION('',(1.,0.,0.));
#14039=DIRECTION('',(0.,0.,-1.));
#14040=DIRECTION('',(0.,0.,-1.));
#14041=DIRECTION('',(0.,-1.,0.));
#14042=DIRECTION('',(-6.89276253287271E-16,-1.,0.));
#14043=DIRECTION('',(1.,-6.89276253287271E-16,0.));
#14044=DIRECTION('',(-1.,6.89276253287271E-16,0.));
#14045=DIRECTION('',(0.,0.,-1.));
#14046=DIRECTION('',(1.,0.,0.));
#14047=DIRECTION('',(0.,0.,-1.));
#14048=DIRECTION('',(-1.,0.,0.));
#14049=DIRECTION('',(0.,0.,-1.));
#14050=DIRECTION('',(0.,0.,-1.));
#14051=DIRECTION('',(-1.,0.,0.));
#14052=DIRECTION('',(0.,0.,-1.));
#14053=DIRECTION('',(0.,0.,-1.));
#14054=DIRECTION('',(-1.,0.,0.));
#14055=DIRECTION('',(0.,0.,-1.));
#14056=DIRECTION('',(0.,0.,-1.));
#14057=DIRECTION('',(-1.,0.,0.));
#14058=DIRECTION('',(0.,0.,-1.));
#14059=DIRECTION('',(-1.,0.,0.));
#14060=DIRECTION('',(0.,0.,-1.));
#14061=DIRECTION('',(0.,0.,-1.));
#14062=DIRECTION('',(-1.,0.,0.));
#14063=DIRECTION('',(0.,0.,-1.));
#14064=DIRECTION('',(-1.,0.,0.));
#14065=DIRECTION('',(0.,0.,-1.));
#14066=DIRECTION('',(0.,0.,-1.));
#14067=DIRECTION('',(-1.,0.,0.));
#14068=DIRECTION('',(0.,0.,-1.));
#14069=DIRECTION('',(-1.,0.,0.));
#14070=DIRECTION('',(0.,0.,-1.));
#14071=DIRECTION('',(0.,0.,-1.));
#14072=DIRECTION('',(-1.,0.,0.));
#14073=DIRECTION('',(0.,0.,-1.));
#14074=DIRECTION('',(-1.,0.,0.));
#14075=DIRECTION('',(0.,0.,-1.));
#14076=DIRECTION('',(0.,0.,-1.));
#14077=DIRECTION('',(-1.,0.,0.));
#14078=DIRECTION('',(0.,0.,-1.));
#14079=DIRECTION('',(-1.,0.,0.));
#14080=DIRECTION('',(0.,0.,-1.));
#14081=DIRECTION('',(0.,0.,-1.));
#14082=DIRECTION('',(-1.,0.,0.));
#14083=DIRECTION('',(0.,0.,-1.));
#14084=DIRECTION('',(-1.,0.,0.));
#14085=DIRECTION('',(0.,0.,-1.));
#14086=DIRECTION('',(0.,0.,-1.));
#14087=DIRECTION('',(-1.,0.,0.));
#14088=DIRECTION('',(0.,0.,-1.));
#14089=DIRECTION('',(-1.,0.,0.));
#14090=DIRECTION('',(0.,0.,-1.));
#14091=DIRECTION('',(0.,0.,-1.));
#14092=DIRECTION('',(-1.,0.,0.));
#14093=DIRECTION('',(0.,0.,-1.));
#14094=DIRECTION('',(-1.,0.,0.));
#14095=DIRECTION('',(0.,0.,-1.));
#14096=DIRECTION('',(0.,0.,-1.));
#14097=DIRECTION('',(-1.,0.,0.));
#14098=DIRECTION('',(0.,0.,-1.));
#14099=DIRECTION('',(-1.,0.,0.));
#14100=DIRECTION('',(0.,0.,-1.));
#14101=DIRECTION('',(0.,0.,-1.));
#14102=DIRECTION('',(-1.,0.,0.));
#14103=DIRECTION('',(0.,0.,-1.));
#14104=DIRECTION('',(-1.,0.,0.));
#14105=DIRECTION('',(0.,0.,-1.));
#14106=DIRECTION('',(0.,0.,-1.));
#14107=DIRECTION('',(-1.,0.,0.));
#14108=DIRECTION('',(0.,0.,-1.));
#14109=DIRECTION('',(-1.,0.,0.));
#14110=DIRECTION('',(0.,0.,-1.));
#14111=DIRECTION('',(0.,0.,-1.));
#14112=DIRECTION('',(-1.,0.,0.));
#14113=DIRECTION('',(0.,0.,-1.));
#14114=DIRECTION('',(-1.,0.,0.));
#14115=DIRECTION('',(0.,0.,-1.));
#14116=DIRECTION('',(0.,0.,-1.));
#14117=DIRECTION('',(-1.,0.,0.));
#14118=DIRECTION('',(0.,0.,-1.));
#14119=DIRECTION('',(-1.,0.,0.));
#14120=DIRECTION('',(0.,0.,-1.));
#14121=DIRECTION('',(-1.,0.,0.));
#14122=DIRECTION('',(0.,0.,-1.));
#14123=DIRECTION('',(0.,0.,-1.));
#14124=DIRECTION('',(-1.,0.,0.));
#14125=DIRECTION('',(0.,0.,-1.));
#14126=DIRECTION('',(0.,0.,-1.));
#14127=DIRECTION('',(-1.,0.,0.));
#14128=DIRECTION('',(0.,0.,-1.));
#14129=DIRECTION('',(-1.,0.,0.));
#14130=DIRECTION('',(0.,0.,-1.));
#14131=DIRECTION('',(0.,0.,-1.));
#14132=DIRECTION('',(-1.,0.,0.));
#14133=DIRECTION('',(0.,0.,-1.));
#14134=DIRECTION('',(-1.,0.,0.));
#14135=DIRECTION('',(0.,0.,-1.));
#14136=DIRECTION('',(-1.,0.,0.));
#14137=DIRECTION('',(0.,0.,-1.));
#14138=DIRECTION('',(0.,0.,-1.));
#14139=DIRECTION('',(-1.,0.,0.));
#14140=DIRECTION('',(0.,0.,-1.));
#14141=DIRECTION('',(-1.,0.,0.));
#14142=DIRECTION('',(0.,0.,-1.));
#14143=DIRECTION('',(-1.,0.,0.));
#14144=DIRECTION('',(0.,0.,-1.));
#14145=DIRECTION('',(0.,0.,-1.));
#14146=DIRECTION('',(-1.,0.,0.));
#14147=DIRECTION('',(0.,0.,-1.));
#14148=DIRECTION('',(-1.,0.,0.));
#14149=DIRECTION('',(0.,0.,-1.));
#14150=DIRECTION('',(-1.,0.,0.));
#14151=DIRECTION('',(0.,0.,-1.));
#14152=DIRECTION('',(0.,0.,-1.));
#14153=DIRECTION('',(-1.,0.,0.));
#14154=DIRECTION('',(0.,0.,-1.));
#14155=DIRECTION('',(-1.,0.,0.));
#14156=DIRECTION('',(0.,0.,-1.));
#14157=DIRECTION('',(-1.,0.,0.));
#14158=DIRECTION('',(0.,0.,-1.));
#14159=DIRECTION('',(-1.,0.,0.));
#14160=DIRECTION('',(0.,0.,-1.));
#14161=DIRECTION('',(-1.,0.,0.));
#14162=DIRECTION('',(0.,0.,-1.));
#14163=DIRECTION('',(-1.,0.,0.));
#14164=DIRECTION('',(0.,0.,-1.));
#14165=DIRECTION('',(1.,0.,0.));
#14166=DIRECTION('',(0.,0.,1.));
#14167=DIRECTION('',(1.,0.,0.));
#14168=DIRECTION('',(0.,0.,-1.));
#14169=DIRECTION('',(-1.,0.,0.));
#14170=DIRECTION('',(0.,0.,-1.));
#14171=DIRECTION('',(0.,0.,-1.));
#14172=DIRECTION('',(-1.,0.,0.));
#14173=DIRECTION('',(0.,0.,-1.));
#14174=DIRECTION('',(0.,0.,-1.));
#14175=DIRECTION('',(-1.,0.,0.));
#14176=DIRECTION('',(0.,0.,-1.));
#14177=DIRECTION('',(0.,0.,-1.));
#14178=DIRECTION('',(-1.,0.,0.));
#14179=DIRECTION('',(0.,0.,-1.));
#14180=DIRECTION('',(-1.,0.,0.));
#14181=DIRECTION('',(0.,0.,-1.));
#14182=DIRECTION('',(0.,0.,-1.));
#14183=DIRECTION('',(-1.,0.,0.));
#14184=DIRECTION('',(0.,0.,-1.));
#14185=DIRECTION('',(-1.,0.,0.));
#14186=DIRECTION('',(0.,0.,-1.));
#14187=DIRECTION('',(0.,0.,-1.));
#14188=DIRECTION('',(-1.,0.,0.));
#14189=DIRECTION('',(0.,0.,-1.));
#14190=DIRECTION('',(-1.,0.,0.));
#14191=DIRECTION('',(0.,0.,-1.));
#14192=DIRECTION('',(0.,0.,-1.));
#14193=DIRECTION('',(-1.,0.,0.));
#14194=DIRECTION('',(0.,0.,-1.));
#14195=DIRECTION('',(-1.,0.,0.));
#14196=DIRECTION('',(0.,0.,-1.));
#14197=DIRECTION('',(0.,0.,-1.));
#14198=DIRECTION('',(-1.,0.,0.));
#14199=DIRECTION('',(0.,0.,-1.));
#14200=DIRECTION('',(-1.,0.,0.));
#14201=DIRECTION('',(0.,0.,-1.));
#14202=DIRECTION('',(0.,0.,-1.));
#14203=DIRECTION('',(-1.,0.,0.));
#14204=DIRECTION('',(0.,0.,-1.));
#14205=DIRECTION('',(-1.,0.,0.));
#14206=DIRECTION('',(0.,0.,-1.));
#14207=DIRECTION('',(0.,0.,-1.));
#14208=DIRECTION('',(-1.,0.,0.));
#14209=DIRECTION('',(0.,0.,-1.));
#14210=DIRECTION('',(-1.,0.,0.));
#14211=DIRECTION('',(0.,0.,-1.));
#14212=DIRECTION('',(0.,0.,-1.));
#14213=DIRECTION('',(-1.,0.,0.));
#14214=DIRECTION('',(0.,0.,-1.));
#14215=DIRECTION('',(-1.,0.,0.));
#14216=DIRECTION('',(0.,0.,-1.));
#14217=DIRECTION('',(-1.,0.,0.));
#14218=DIRECTION('',(0.,0.,-1.));
#14219=DIRECTION('',(1.,0.,0.));
#14220=DIRECTION('',(0.,0.,-1.));
#14221=DIRECTION('',(-1.,0.,0.));
#14222=DIRECTION('',(0.,0.,-1.));
#14223=DIRECTION('',(0.,0.,-1.));
#14224=DIRECTION('',(-1.,0.,0.));
#14225=DIRECTION('',(0.,0.,-1.));
#14226=DIRECTION('',(0.938459186540735,0.345390149247634,0.));
#14227=DIRECTION('',(-0.345390149247634,0.938459186540735,0.));
#14228=DIRECTION('',(0.,0.,-1.));
#14229=DIRECTION('',(0.345390149247634,-0.938459186540735,0.));
#14230=DIRECTION('',(0.,0.,-1.));
#14231=DIRECTION('',(-1.,0.,0.));
#14232=DIRECTION('',(0.,0.,-1.));
#14233=DIRECTION('',(0.,0.,-1.));
#14234=DIRECTION('',(-1.,0.,0.));
#14235=DIRECTION('',(0.,0.,-1.));
#14236=DIRECTION('',(-1.,0.,0.));
#14237=DIRECTION('',(0.,0.,-1.));
#14238=DIRECTION('',(0.,0.,-1.));
#14239=DIRECTION('',(-1.,0.,0.));
#14240=DIRECTION('',(0.,0.,-1.));
#14241=DIRECTION('',(-1.,0.,0.));
#14242=DIRECTION('',(0.,0.,-1.));
#14243=DIRECTION('',(0.,0.,-1.));
#14244=DIRECTION('',(-1.,0.,0.));
#14245=DIRECTION('',(0.,0.,-1.));
#14246=DIRECTION('',(-1.,0.,0.));
#14247=DIRECTION('',(0.,0.,-1.));
#14248=DIRECTION('',(-1.,0.,0.));
#14249=DIRECTION('',(0.,0.,-1.));
#14250=DIRECTION('',(1.,0.,0.));
#14251=DIRECTION('',(0.,0.,-1.));
#14252=DIRECTION('',(-1.,0.,0.));
#14253=DIRECTION('',(0.,0.,-1.));
#14254=DIRECTION('',(0.,0.,-1.));
#14255=DIRECTION('',(-1.,0.,0.));
#14256=DIRECTION('',(0.,0.,-1.));
#14257=DIRECTION('',(0.,0.,-1.));
#14258=DIRECTION('',(-1.,0.,0.));
#14259=DIRECTION('',(0.,0.,-1.));
#14260=DIRECTION('',(0.,0.,-1.));
#14261=DIRECTION('',(-1.,0.,0.));
#14262=DIRECTION('',(0.,0.,-1.));
#14263=DIRECTION('',(-1.,0.,0.));
#14264=DIRECTION('',(0.,0.,-1.));
#14265=DIRECTION('',(0.,0.,-1.));
#14266=DIRECTION('',(-1.,0.,0.));
#14267=DIRECTION('',(0.,0.,-1.));
#14268=DIRECTION('',(-1.,0.,0.));
#14269=DIRECTION('',(0.,0.,-1.));
#14270=DIRECTION('',(0.,0.,-1.));
#14271=DIRECTION('',(-1.,0.,0.));
#14272=DIRECTION('',(0.,0.,-1.));
#14273=DIRECTION('',(-1.,0.,0.));
#14274=DIRECTION('',(0.,0.,-1.));
#14275=DIRECTION('',(0.,0.,-1.));
#14276=DIRECTION('',(-1.,0.,0.));
#14277=DIRECTION('',(0.,0.,-1.));
#14278=DIRECTION('',(-1.,0.,0.));
#14279=DIRECTION('',(0.,0.,-1.));
#14280=DIRECTION('',(-1.,0.,0.));
#14281=DIRECTION('',(0.,0.,-1.));
#14282=DIRECTION('',(1.,0.,0.));
#14283=DIRECTION('',(0.,0.,1.));
#14284=DIRECTION('',(1.,0.,0.));
#14285=DIRECTION('',(0.,0.,1.));
#14286=DIRECTION('',(1.,0.,0.));
#14287=CARTESIAN_POINT('',(0.,0.,0.));
#14288=CARTESIAN_POINT('',(0.,0.,0.));
#14289=CARTESIAN_POINT('',(0.594438817312778,0.166759785306077,0.));
#14290=CARTESIAN_POINT('',(0.016810734162783,-0.00295967555604069,0.));
#14291=CARTESIAN_POINT('',(0.0125152702772168,0.0124099124703118,0.));
#14292=CARTESIAN_POINT('',(0.00395576711332904,0.0091831449769387,0.));
#14293=CARTESIAN_POINT('',(0.00459653858400803,0.0183081948283783,0.));
#14294=CARTESIAN_POINT('',(0.00158920602112075,-0.00111450848262166,0.));
#14295=CARTESIAN_POINT('',(-0.00299184845468853,0.0179982985571776,0.));
#14296=CARTESIAN_POINT('',(-0.000312075819743537,0.0131081048848303,0.));
#14297=CARTESIAN_POINT('',(-0.00544381495767955,0.0152899456095949,0.));
#14298=CARTESIAN_POINT('',(0.00644614138526533,0.0143443792906118,0.));
#14299=CARTESIAN_POINT('',(-0.0041723439385814,0.00891179915517128,0.));
#14300=CARTESIAN_POINT('',(0.347172983326253,0.127687620494517,0.));
#14301=CARTESIAN_POINT('',(-0.000213189927352642,-0.00221265416987937,0.));
#14302=CARTESIAN_POINT('',(0.0104194056315032,0.00970429817880956,0.));
#14303=CARTESIAN_POINT('',(0.00689110849047344,-0.00587186825853069,0.));
#14304=CARTESIAN_POINT('',(0.010876185820092,0.00868452078930634,0.));
#14305=CARTESIAN_POINT('',(0.0105097926131701,-0.00640305885266908,0.));
#14306=CARTESIAN_POINT('',(0.0112893219579191,-0.00034285415442067,0.));
#14307=CARTESIAN_POINT('',(-0.0443894803528839,0.0181002406297605,0.));
#14308=CARTESIAN_POINT('',(-0.0365278346798579,0.0231496061155509,0.));
#14309=CARTESIAN_POINT('',(-0.0351585673842545,0.0195465498162381,0.));
#14310=CARTESIAN_POINT('',(-0.0353940578761381,0.00149323997146123,0.));
#14311=CARTESIAN_POINT('',(-0.0415991532710283,0.0222725670911693,0.));
#14312=CARTESIAN_POINT('',(-0.0330683857047021,0.0214862709397832,0.));
#14313=CARTESIAN_POINT('',(-0.0407109242875293,0.0176153717007995,0.));
#14314=CARTESIAN_POINT('',(-0.0254313771583917,0.0399665309040163,0.));
#14315=CARTESIAN_POINT('',(-0.0382798267041048,0.0161346987782576,0.));
#14316=CARTESIAN_POINT('',(-0.0365345744177459,0.0241108461717699,0.));
#14317=CARTESIAN_POINT('',(-0.0347893221313869,0.0161346987782576,0.));
#14318=CARTESIAN_POINT('',(-0.0358773902863234,0.0166855481167653,0.));
#14319=CARTESIAN_POINT('',(-0.0347893221313869,0.0172363974552731,0.));
#14320=CARTESIAN_POINT('',(-0.0370936858583918,0.0150425237213097,0.));
#14321=CARTESIAN_POINT('',(-0.0363842968963105,0.0181441267660896,0.));
#14322=CARTESIAN_POINT('',(-0.0359945421184141,0.0185142508953926,0.));
#14323=CARTESIAN_POINT('',(-0.0363842968963105,0.0188843750246956,0.));
#14324=CARTESIAN_POINT('',(-0.0366787497528253,0.0208949675733453,0.));
#14325=CARTESIAN_POINT('',(-0.0404143370413402,0.00134941936232377,0.));
#14326=CARTESIAN_POINT('',(-0.0480511076748371,0.00698113907128573,0.));
#14327=CARTESIAN_POINT('',(-0.0431516451629147,0.0104347744371964,0.));
#14328=CARTESIAN_POINT('',(-0.0438943901326492,0.00532256148289889,0.));
#14329=CARTESIAN_POINT('',(-0.0480511076748371,0.00366398389451206,0.));
#14330=CARTESIAN_POINT('',(-0.0398577794101247,0.00751553722184858,0.));
#14331=CARTESIAN_POINT('',(-0.0434014201164245,-0.000815591251011927,0.));
#14332=CARTESIAN_POINT('',(-0.0407221801578998,0.0288072496671829,0.));
#14333=CARTESIAN_POINT('',(-0.0380429401993751,-0.000815591251011938,0.));
#14334=CARTESIAN_POINT('',(-0.0456246910515808,0.0110378419837099,0.));
#14335=CARTESIAN_POINT('',(-0.0337452061441032,0.00349697573586134,0.));
#14336=CARTESIAN_POINT('',(-0.033771732447867,0.0048516106737849,0.));
#14337=CARTESIAN_POINT('',(-0.0337982587516308,0.00620624561170846,0.));
#14338=CARTESIAN_POINT('',(-0.0363991948663994,0.00620624561170846,0.));
#14339=CARTESIAN_POINT('',(-0.0390001309811679,0.00620624561170846,0.));
#14340=CARTESIAN_POINT('',(-0.0390001309811679,0.00516617451497175,0.));
#14341=CARTESIAN_POINT('',(-0.0398138511424274,0.00581394560527071,0.));
#14342=CARTESIAN_POINT('',(-0.0407072581423437,0.00395626495228411,0.));
#14343=CARTESIAN_POINT('',(-0.0407488139487441,0.00601719352720726,0.));
#14344=CARTESIAN_POINT('',(-0.0304165469836712,-0.0185164872566178,0.));
#14345=CARTESIAN_POINT('',(-0.0393203605792726,0.00657094658773834,0.));
#14346=CARTESIAN_POINT('',(-0.0405128155627314,0.0123444684818952,0.));
#14347=CARTESIAN_POINT('',(-0.0357136243572579,0.00892054270536469,0.));
#14348=CARTESIAN_POINT('',(-0.0422524539577979,0.0109070507220825,0.));
#14349=CARTESIAN_POINT('',(-0.0357746910538593,0.0130844561518863,0.));
#14350=CARTESIAN_POINT('',(-0.0415325792184854,0.0103559137784521,0.));
#14351=CARTESIAN_POINT('',(-0.0380672940562386,0.0157028772479625,0.));
#14352=CARTESIAN_POINT('',(-0.0415462310695589,0.00834774015013522,0.));
#14353=CARTESIAN_POINT('',(-0.0450251680828792,0.0157028772479625,0.));
#14354=CARTESIAN_POINT('',(-0.0427538163124986,0.00970030847649579,0.));
#14355=CARTESIAN_POINT('',(-0.0485768768301715,0.0123987963731737,0.));
#14356=CARTESIAN_POINT('',(-0.0448603831470727,0.011592428140031,0.));
#14357=CARTESIAN_POINT('',(-0.0481617439674517,0.00970468563703933,0.));
#14358=CARTESIAN_POINT('',(-0.0474334373724516,0.0135111370286503,0.));
#14359=CARTESIAN_POINT('',(-0.0463599184364115,0.00978728689914975,0.));
#14360=CARTESIAN_POINT('',(-0.0541904414539315,0.0363757663712829,0.));
#14361=CARTESIAN_POINT('',(-0.0433944817845741,0.0108471239047207,0.));
#14362=CARTESIAN_POINT('',(-0.0434800622850646,0.0105190455528205,0.));
#14363=CARTESIAN_POINT('',(-0.0117546096222458,-0.132381558372333,0.));
#14364=CARTESIAN_POINT('',(0.00498645312495608,0.0261752232909203,0.));
#14365=CARTESIAN_POINT('',(0.0308312807059433,0.0212640017271042,0.));
#14366=CARTESIAN_POINT('',(0.0254328915793803,0.0276399328661085,0.));
#14367=CARTESIAN_POINT('',(0.00739450458097353,0.0179024375975132,0.));
#14368=CARTESIAN_POINT('',(0.013033558437593,0.0393314617407118,0.));
#14369=CARTESIAN_POINT('',(0.0117337654189641,0.0172110516577959,0.));
#14370=CARTESIAN_POINT('',(0.0757447425113099,0.0308501906489725,0.));
#14371=CARTESIAN_POINT('',(0.0129358429007507,0.0124525432328449,0.));
#14372=CARTESIAN_POINT('',(0.249065891643341,0.0697402380581064,0.));
#14373=CARTESIAN_POINT('',(0.0172167974935775,-0.00295967555604074,0.));
#14374=CARTESIAN_POINT('',(0.053512806360353,0.0184881821084242,0.));
#14375=CARTESIAN_POINT('',(0.0275621700720386,-0.0147379421657642,0.));
#14376=CARTESIAN_POINT('',(0.0811823521984537,0.0583286934374209,0.));
#14377=CARTESIAN_POINT('',(0.0501600992441292,-0.0268269111419513,0.));
#14378=CARTESIAN_POINT('',(0.151957219688576,0.0151060838394671,0.));
#14379=CARTESIAN_POINT('',(0.043967517303846,-0.00632412795954021,0.));
#14380=CARTESIAN_POINT('',(-0.0055959515917031,-0.106237135833524,0.));
#14381=CARTESIAN_POINT('',(0.0343004359412638,-0.00208616438723293,0.));
#14382=CARTESIAN_POINT('',(0.0392070886373841,0.0139606468357831,0.));
#14383=CARTESIAN_POINT('',(0.0258466811156455,0.00380806578658537,0.));
#14384=CARTESIAN_POINT('',(0.0393688776683592,0.0137161501982185,0.));
#14385=CARTESIAN_POINT('',(0.0226057587095753,0.0138494884595275,0.));
#14386=CARTESIAN_POINT('',(0.00909320846167331,-0.0584267525449916,0.));
#14387=CARTESIAN_POINT('',(0.032857857726358,0.0111554684117436,0.));
#14388=CARTESIAN_POINT('',(-0.0693730838697197,-0.00408256287378332,0.));
#14389=CARTESIAN_POINT('',(0.057998102158308,-0.0484952554106712,0.));
#14390=CARTESIAN_POINT('',(0.0590856222972616,-0.0495856222972605,0.));
#14391=CARTESIAN_POINT('',(0.0585,-0.0470393369526163,0.));
#14392=CARTESIAN_POINT('',(0.057998102158308,-0.0484952554106712,0.));
#14393=CARTESIAN_POINT('',(0.0565431681737083,-0.049,0.));
#14394=CARTESIAN_POINT('',(-0.0576647591259499,-0.049,0.));
#14395=CARTESIAN_POINT('',(-0.0565442226274953,-0.049,0.));
#14396=CARTESIAN_POINT('',(-0.0579997152090073,-0.0484968684613705,0.));
#14397=CARTESIAN_POINT('',(-0.0590872353479592,-0.0495872353479614,0.));
#14398=CARTESIAN_POINT('',(-0.0579997152090073,-0.0484968684613705,0.));
#14399=CARTESIAN_POINT('',(-0.0585,-0.0470403949367565,0.));
#14400=CARTESIAN_POINT('',(-0.0585,0.0481901591606734,0.));
#14401=CARTESIAN_POINT('',(-0.0585,0.0470520487201278,0.));
#14402=CARTESIAN_POINT('',(-0.05799276009202,0.0485061146318913,0.));
#14403=CARTESIAN_POINT('',(-0.0590883613327021,0.0495883613327021,0.));
#14404=CARTESIAN_POINT('',(-0.05799276009202,0.0485061146318913,0.));
#14405=CARTESIAN_POINT('',(-0.0565341041205284,0.049,0.));
#14406=CARTESIAN_POINT('',(-5.71438321498243E-18,0.049,0.));
#14407=CARTESIAN_POINT('',(0.056537599682421,0.049,0.));
#14408=CARTESIAN_POINT('',(0.0579981133341789,0.0485116355121136,0.));
#14409=CARTESIAN_POINT('',(0.0590937978766892,0.0495937978766892,0.));
#14410=CARTESIAN_POINT('',(0.0579981133341789,0.0485116355121136,0.));
#14411=CARTESIAN_POINT('',(0.0585,0.0470557132014558,0.));
#14412=CARTESIAN_POINT('',(0.0585,8.11850586757146E-18,0.));
#14413=CARTESIAN_POINT('',(-0.0342020165157218,0.00349697573586135,0.));
#14414=CARTESIAN_POINT('',(-0.0179131980985403,0.00726465554907919,0.));
#14415=CARTESIAN_POINT('',(-0.0175162721425295,0.00244485819712281,0.));
#14416=CARTESIAN_POINT('',(-0.0334711322526236,0.00506559550297051,0.));
#14417=CARTESIAN_POINT('',(-0.0245475471019745,0.0179982985571776,0.));
#14418=CARTESIAN_POINT('',(-0.0287436907818931,0.00261285993353571,0.));
#14419=CARTESIAN_POINT('',(-0.0313235744833947,0.0183501895517111,0.));
#14420=CARTESIAN_POINT('',(-0.0299295547642402,0.0130151992415543,0.));
#14421=CARTESIAN_POINT('',(-0.0349525958299637,0.0152899456095948,0.));
#14422=CARTESIAN_POINT('',(-0.024095815011659,0.0135170887632795,0.));
#14423=CARTESIAN_POINT('',(-0.0349525958299637,0.0117442319169641,0.));
#14424=CARTESIAN_POINT('',(-0.00812190691158173,0.0170377722027743,0.));
#14425=CARTESIAN_POINT('',(-0.0343288592994213,0.00922092609107495,0.));
#14426=CARTESIAN_POINT('',(-0.0174449230613673,0.0111954216295308,0.));
#14427=CARTESIAN_POINT('',(-0.0326844565570355,0.00366398389451206,0.));
#14428=CARTESIAN_POINT('',(-0.0239210328166139,0.00831371001285963,0.));
#14429=CARTESIAN_POINT('',(-0.0286018047481775,-0.000433170731412228,0.));
#14430=CARTESIAN_POINT('',(-0.0251003634184599,0.026763903320949,0.));
#14431=CARTESIAN_POINT('',(-0.0215989220887422,-0.000433170731412233,0.));
#14432=CARTESIAN_POINT('',(-0.0238331668773501,0.00707098591562572,0.));
#14433=CARTESIAN_POINT('',(-0.0106921949644512,-0.00653470865068527,0.));
#14434=CARTESIAN_POINT('',(-0.0132774283676349,0.0179223665273151,0.));
#14435=CARTESIAN_POINT('',(-0.00897070858627558,0.0179982985571777,0.));
#14436=CARTESIAN_POINT('',(0.109585874299449,0.0552669950083361,0.));
#14437=CARTESIAN_POINT('',(-0.0112634031102061,0.0262830127030611,0.));
#14438=CARTESIAN_POINT('',(-0.0156216209201117,-0.00749945738694883,0.));
#14439=CARTESIAN_POINT('',(-0.0245475471019745,0.025372676551342,0.));
#14440=CARTESIAN_POINT('',(-0.00860215248359328,0.0262065074253487,0.));
#14441=CARTESIAN_POINT('',(-0.0226931609213352,0.0186968892812729,0.));
#14442=CARTESIAN_POINT('',(-0.0216242698952555,0.00965310817829012,0.));
#14443=CARTESIAN_POINT('',(-0.020555378869176,0.0186968892812729,0.));
#14444=CARTESIAN_POINT('',(0.0167632157252199,0.0250137182069307,0.));
#14445=CARTESIAN_POINT('',(-0.0188021417707205,0.0120643870905042,0.));
#14446=CARTESIAN_POINT('',(0.00964030132255784,0.0179681409997269,0.));
#14447=CARTESIAN_POINT('',(-0.0153125235810876,0.00309590483084321,0.));
#14448=CARTESIAN_POINT('',(-0.00710740810738802,0.00776413830790187,0.));
#14449=CARTESIAN_POINT('',(-0.0124771827831864,-1.38777878078145E-17,0.));
#14450=CARTESIAN_POINT('',(-0.00328109811294758,0.0956450947337824,0.));
#14451=CARTESIAN_POINT('',(-0.00451358547434211,-0.000433170731412247,0.));
#14452=CARTESIAN_POINT('',(-0.00634467950342108,-0.000428321246712981,0.));
#14453=CARTESIAN_POINT('',(-0.00817577353250005,-0.000423471762013714,0.));
#14454=CARTESIAN_POINT('',(-0.0130445780164551,-0.000405294950891798,0.));
#14455=CARTESIAN_POINT('',(-0.0179133825004101,-0.000387118139769882,0.));
#14456=CARTESIAN_POINT('',(-0.0179133825004101,-0.00123148832864807,0.));
#14457=CARTESIAN_POINT('',(-0.0179133825004101,-0.00207585851752626,0.));
#14458=CARTESIAN_POINT('',(-0.0267019287237178,-0.00207585851752626,0.));
#14459=CARTESIAN_POINT('',(-0.0309238483237526,-0.00207585851752626,0.));
#14460=CARTESIAN_POINT('',(-0.0352520866018949,0.175875303819579,0.));
#14461=CARTESIAN_POINT('',(-0.0380701622059604,-0.00210617913190373,0.));
#14462=CARTESIAN_POINT('',(-0.0412252067620884,-0.00210617913190373,0.));
#14463=CARTESIAN_POINT('',(-0.0443802513182164,-0.00210617913190373,0.));
#14464=CARTESIAN_POINT('',(-0.0462727594951603,-0.00210143816276153,0.));
#14465=CARTESIAN_POINT('',(-0.0481652676721043,-0.00209669719361934,0.));
#14466=CARTESIAN_POINT('',(-0.0476661977859071,-0.00454665277925788,0.));
#14467=CARTESIAN_POINT('',(-0.0498734042048454,-0.00337209203280509,0.));
#14468=CARTESIAN_POINT('',(-0.0498734042048454,-0.00485347083304077,0.));
#14469=CARTESIAN_POINT('',(-0.0498734042048454,-0.00633484963327646,0.));
#14470=CARTESIAN_POINT('',(-0.0430961116459272,-0.00633484963327646,0.));
#14471=CARTESIAN_POINT('',(-0.0466921962797642,-0.0120794009417295,0.));
#14472=CARTESIAN_POINT('',(-0.0474576931446791,-0.0120794009417295,0.));
#14473=CARTESIAN_POINT('',(-0.048223190009594,-0.0120794009417295,0.));
#14474=CARTESIAN_POINT('',(-0.047628677909938,-0.0144970662044152,0.));
#14475=CARTESIAN_POINT('',(-0.0499384701251984,-0.0135678676888347,0.));
#14476=CARTESIAN_POINT('',(-0.0499384701251984,-0.0155369787934312,0.));
#14477=CARTESIAN_POINT('',(-0.0499384701251984,-0.0175060898980277,0.));
#14478=CARTESIAN_POINT('',(-0.0422514501131807,-0.0160656445252937,0.));
#14479=CARTESIAN_POINT('',(-0.0462545832399239,-0.0227842816420432,0.));
#14480=CARTESIAN_POINT('',(-0.0440739531288772,-0.0227842816420432,0.));
#14481=CARTESIAN_POINT('',(-0.0418933230178306,-0.0227842816420432,0.));
#14482=CARTESIAN_POINT('',(-0.0418933230178306,-0.0205038457157986,0.));
#14483=CARTESIAN_POINT('',(-0.0396270614913546,-0.0207577092762423,0.));
#14484=CARTESIAN_POINT('',(-0.0393413217399066,-0.0207577092762423,0.));
#14485=CARTESIAN_POINT('',(-0.0390555819884585,-0.0207577092762423,0.));
#14486=CARTESIAN_POINT('',(-0.0360321680597251,-0.0210800781571807,0.));
#14487=CARTESIAN_POINT('',(-0.0385647224780878,-0.0227626718686538,0.));
#14488=CARTESIAN_POINT('',(-0.0340726745574156,-0.0227626718686538,0.));
#14489=CARTESIAN_POINT('',(-0.0295806266367435,-0.0227626718686538,0.));
#14490=CARTESIAN_POINT('',(-0.0283378662954066,-0.020017666627956,0.));
#14491=CARTESIAN_POINT('',(-0.0270951059540697,-0.0227626718686538,0.));
#14492=CARTESIAN_POINT('',(-0.0245162530880686,-0.0240829551446942,0.));
#14493=CARTESIAN_POINT('',(-0.0263707973136853,-0.0218571304101957,0.));
#14494=CARTESIAN_POINT('',(-0.029481655509229,-0.0234027281177658,0.));
#14495=CARTESIAN_POINT('',(-0.0260674734718443,-0.0227626718686538,0.));
#14496=CARTESIAN_POINT('',(-0.024267509133373,-0.0227626718686538,0.));
#14497=CARTESIAN_POINT('',(-0.0224675447949017,-0.0227626718686538,0.));
#14498=CARTESIAN_POINT('',(-0.00206236970604674,-0.0369304656299222,0.));
#14499=CARTESIAN_POINT('',(-0.0215652146464117,-0.0215442188588367,0.));
#14500=CARTESIAN_POINT('',(-0.0293989558328982,-0.0238041678557419,0.));
#14501=CARTESIAN_POINT('',(-0.0213125378029948,-0.0227626718686538,0.));
#14502=CARTESIAN_POINT('',(-0.0166627634637584,-0.0227626718686538,0.));
#14503=CARTESIAN_POINT('',(-0.0120129891245219,-0.0227626718686538,0.));
#14504=CARTESIAN_POINT('',(-0.0138354196596939,-0.0233975220972257,0.));
#14505=CARTESIAN_POINT('',(-0.0126004257299714,-0.0219145932851132,0.));
#14506=CARTESIAN_POINT('',(-0.0128431642231585,-0.0241228521870008,0.));
#14507=CARTESIAN_POINT('',(-0.011086679422364,-0.0227626718686538,0.));
#14508=CARTESIAN_POINT('',(-0.00943241400472476,-0.0227626718686538,0.));
#14509=CARTESIAN_POINT('',(-0.00777814858708552,-0.0227626718686538,0.));
#14510=CARTESIAN_POINT('',(-0.0174286634917254,-0.0105419567542084,0.));
#14511=CARTESIAN_POINT('',(-0.00559207614743623,-0.0206599365858805,0.));
#14512=CARTESIAN_POINT('',(0.0974627094233628,0.0193747502284859,0.));
#14513=CARTESIAN_POINT('',(-0.00475031634329402,-0.0227626718686538,0.));
#14514=CARTESIAN_POINT('',(0.000675278223253092,-0.0227626718686538,0.));
#14515=CARTESIAN_POINT('',(0.00610087278980021,-0.0227626718686538,0.));
#14516=CARTESIAN_POINT('',(0.00716735528070884,-0.0153072162299929,0.));
#14517=CARTESIAN_POINT('',(0.00823383777161748,-0.0227626718686538,0.));
#14518=CARTESIAN_POINT('',(0.0114939467242502,-0.0244500094525767,0.));
#14519=CARTESIAN_POINT('',(0.00910243407792272,-0.0216650344495272,0.));
#14520=CARTESIAN_POINT('',(0.014557215468041,-0.0207090033423688,0.));
#14521=CARTESIAN_POINT('',(0.00941415401828351,-0.0227626718686538,0.));
#14522=CARTESIAN_POINT('',(0.0142857218151573,-0.0227626718686538,0.));
#14523=CARTESIAN_POINT('',(0.019157289612031,-0.0227626718686538,0.));
#14524=CARTESIAN_POINT('',(0.019157289612031,-0.0220906917819512,0.));
#14525=CARTESIAN_POINT('',(0.019157289612031,-0.0214187116952485,0.));
#14526=CARTESIAN_POINT('',(0.112220710771593,0.0283775078096627,0.));
#14527=CARTESIAN_POINT('',(0.0140975920571739,-0.0105110176015602,0.));
#14528=CARTESIAN_POINT('',(0.0107213707519377,-0.0105110176015602,0.));
#14529=CARTESIAN_POINT('',(0.00734514944670144,-0.0105110176015602,0.));
#14530=CARTESIAN_POINT('',(0.00734514944670144,-0.0115413297850953,0.));
#14531=CARTESIAN_POINT('',(0.00734514944670144,-0.0125716419686304,0.));
#14532=CARTESIAN_POINT('',(0.00736380128029343,-0.0114279154774416,0.));
#14533=CARTESIAN_POINT('',(0.00650262505027889,-0.0121807990530369,0.));
#14534=CARTESIAN_POINT('',(0.00510401684510841,-0.0121807990530369,0.));
#14535=CARTESIAN_POINT('',(0.00370540863993793,-0.0121807990530369,0.));
#14536=CARTESIAN_POINT('',(-0.00387235183181144,-0.0136682806032191,0.));
#14537=CARTESIAN_POINT('',(0.00316434807840334,-0.0104871000828898,0.));
#14538=CARTESIAN_POINT('',(0.000883458600190917,-0.0104871000828898,0.));
#14539=CARTESIAN_POINT('',(-0.00139743087802151,-0.0104871000828898,0.));
#14540=CARTESIAN_POINT('',(-0.00251445848489215,-0.00672338781946525,0.));
#14541=CARTESIAN_POINT('',(-0.00363148609176278,-0.00295967555604069,0.));
#14542=CARTESIAN_POINT('',(-0.00343417362335501,0.00437428858651632,0.));
#14543=CARTESIAN_POINT('',(-0.000344576990847364,-0.00228005998437314,0.));
#14544=CARTESIAN_POINT('',(0.150249320666177,0.0573846193912016,0.));
#14545=CARTESIAN_POINT('',(-0.00398813917049614,0.00789520678956428,0.));
#14546=CARTESIAN_POINT('',(-0.00553913867487667,0.0153763144059152,0.));
#14547=CARTESIAN_POINT('',(-0.00961131416261196,0.00891179915517126,0.));
#14548=CARTESIAN_POINT('',(-0.00531890033971812,0.0147110785230258,0.));
#14549=CARTESIAN_POINT('',(-0.0124771827831864,0.013808055780828,0.));
#14550=CARTESIAN_POINT('',(0.0150381952964003,0.021294858472133,0.));
#14551=CARTESIAN_POINT('',(-6.93889390390723E-18,0.05,0.011));
#14552=CARTESIAN_POINT('',(-6.93889390390723E-18,0.05,0.011));
#14553=CARTESIAN_POINT('',(0.0349048619866371,0.05,0.011));
#14554=CARTESIAN_POINT('',(-0.0576187193095503,0.05,0.011));
#14555=CARTESIAN_POINT('',(0.0349048619866371,0.05,0.0081231351941824));
#14556=CARTESIAN_POINT('',(0.0349048619866371,0.05,0.0081231351941824));
#14557=CARTESIAN_POINT('',(0.0359048619866371,0.05,0.0081231351941824));
#14558=CARTESIAN_POINT('',(0.0359048619866371,0.05,0.0071231351941824));
#14559=CARTESIAN_POINT('',(-6.93889390390723E-18,0.05,0.0071231351941824));
#14560=CARTESIAN_POINT('',(0.0451670438051224,0.05,0.0071231351941824));
#14561=CARTESIAN_POINT('',(0.0451670438051224,0.05,0.0081231351941824));
#14562=CARTESIAN_POINT('',(0.0461670438051224,0.05,0.0081231351941824));
#14563=CARTESIAN_POINT('',(0.0461670438051224,0.05,0.011));
#14564=CARTESIAN_POINT('',(0.0461670438051224,0.05,0.011));
#14565=CARTESIAN_POINT('',(-6.93889390390723E-18,0.05,0.011));
#14566=CARTESIAN_POINT('',(0.0576026754108603,0.05,0.011));
#14567=CARTESIAN_POINT('',(0.0576026754108603,0.05,0.013));
#14568=CARTESIAN_POINT('',(0.0576026754108603,0.05,0.001));
#14569=CARTESIAN_POINT('',(-6.93889390390723E-18,0.05,0.001));
#14570=CARTESIAN_POINT('',(-0.0576187193095503,0.05,0.001));
#14571=CARTESIAN_POINT('',(-0.0576187193095503,0.05,0.013));
#14572=CARTESIAN_POINT('',(0.,0.,0.011));
#14573=CARTESIAN_POINT('',(0.0359048619866371,4.18722736066734E-18,0.011));
#14574=CARTESIAN_POINT('',(0.0359048619866371,0.0485,0.011));
#14575=CARTESIAN_POINT('',(0.0359048619866371,0.049,0.011));
#14576=CARTESIAN_POINT('',(0.0349048619866371,0.049,0.011));
#14577=CARTESIAN_POINT('',(-0.05799276009202,0.0485061146318913,0.011));
#14578=CARTESIAN_POINT('',(-0.0564527722312637,0.0485,0.011));
#14579=CARTESIAN_POINT('',(-6.7639638054894E-18,0.0485,0.011));
#14580=CARTESIAN_POINT('',(-0.0011,0.0485,0.011));
#14581=CARTESIAN_POINT('',(0.,0.0485,0.011));
#14582=CARTESIAN_POINT('',(0.0011,0.0485,0.011));
#14583=CARTESIAN_POINT('',(-6.7639638054894E-18,0.0485,0.011));
#14584=CARTESIAN_POINT('',(0.0595,-0.05,0.));
#14585=CARTESIAN_POINT('',(0.0595,-0.048835700520962,0.0011642994790379));
#14586=CARTESIAN_POINT('',(0.0595,-0.048835700520962,0.00103272422995777));
#14587=CARTESIAN_POINT('',(0.0594825565467954,-0.0489147304707562,0.000783119388043348));
#14588=CARTESIAN_POINT('',(0.0594263511184929,-0.0490819745265698,0.000441537302665299));
#14589=CARTESIAN_POINT('',(0.0593229209151909,-0.04929941244018,0.000130034691399766));
#14590=CARTESIAN_POINT('',(0.0591773847768358,-0.0494940993926632,2.35685497212364E-16));
#14591=CARTESIAN_POINT('',(0.0590856222972616,-0.0495856222972605,-8.31670778977573E-18));
#14592=CARTESIAN_POINT('',(0.0595,-0.0488357005209621,0.0011642994790379));
#14593=CARTESIAN_POINT('',(0.0595,-0.048825735674429,0.001174264325571));
#14594=CARTESIAN_POINT('',(0.0595,-0.05,0.));
#14595=CARTESIAN_POINT('',(0.02425,-0.05,0.03525));
#14596=CARTESIAN_POINT('',(0.058325735674429,-0.05,0.001174264325571));
#14597=CARTESIAN_POINT('',(0.0583257356744289,-0.05,0.001174264325571));
#14598=CARTESIAN_POINT('',(0.0583257356744289,-0.05,0.00104148934214009));
#14599=CARTESIAN_POINT('',(0.0584074451806614,-0.0499826523063973,0.000790470730572068));
#14600=CARTESIAN_POINT('',(0.0585769820932602,-0.0499267666285348,0.000446024372724583));
#14601=CARTESIAN_POINT('',(0.0587965077726958,-0.0498237209215409,0.000131899922887384));
#14602=CARTESIAN_POINT('',(0.0589932299984534,-0.0496777733767494,-2.57011550530084E-16));
#14603=CARTESIAN_POINT('',(0.0590856222972616,-0.0495856222972605,-8.25112113014489E-18));
#14604=CARTESIAN_POINT('',(0.0595,-0.05,0.011));
#14605=CARTESIAN_POINT('',(0.02975,-0.05,-0.01875));
#14606=CARTESIAN_POINT('',(0.0595,-0.05,0.011));
#14607=CARTESIAN_POINT('',(0.058325735674429,-0.05,0.009825735674429));
#14608=CARTESIAN_POINT('',(0.0595,-0.05,0.011));
#14609=CARTESIAN_POINT('',(0.0595,-0.0488357005209621,0.00983570052096211));
#14610=CARTESIAN_POINT('',(0.058325735674429,-0.05,0.009825735674429));
#14611=CARTESIAN_POINT('',(0.058325735674429,-0.05,0.00995798232938578));
#14612=CARTESIAN_POINT('',(0.0584067586828615,-0.0499828913827311,0.0102080099015364));
#14613=CARTESIAN_POINT('',(0.0585759805825111,-0.0499268871586861,0.0105514407160552));
#14614=CARTESIAN_POINT('',(0.0587918684972698,-0.0498268428436785,0.0108641041549278));
#14615=CARTESIAN_POINT('',(0.0590927586570701,-0.0496035545979346,0.0110657591458532));
#14616=CARTESIAN_POINT('',(0.0593240089588459,-0.0492993149897245,0.0108725718433318));
#14617=CARTESIAN_POINT('',(0.0594250820091048,-0.0490842553646963,0.0105614133464658));
#14618=CARTESIAN_POINT('',(0.0594826708121578,-0.0489149374936753,0.0102179701287892));
#14619=CARTESIAN_POINT('',(0.0595,-0.048835700520962,0.00996790767230298));
#14620=CARTESIAN_POINT('',(0.0595,-0.048835700520962,0.00983570052096213));
#14621=CARTESIAN_POINT('',(-0.0595,-0.05,0.));
#14622=CARTESIAN_POINT('',(-0.0583346712920647,-0.05,0.00116532870793531));
#14623=CARTESIAN_POINT('',(-0.0583346712920647,-0.05,0.00103360221152925));
#14624=CARTESIAN_POINT('',(-0.0584146233174341,-0.0499826414803275,0.00078407457748797));
#14625=CARTESIAN_POINT('',(-0.0585824663135594,-0.0499267495415456,0.000442228192919258));
#14626=CARTESIAN_POINT('',(-0.0588003015392628,-0.049823859552027,0.000130525076568129));
#14627=CARTESIAN_POINT('',(-0.0589954593338146,-0.0496787717517925,4.86631144134782E-16));
#14628=CARTESIAN_POINT('',(-0.0590872353479592,-0.0495872353479614,-2.64376410499598E-19));
#14629=CARTESIAN_POINT('',(-0.0583346712920647,-0.05,0.00116532870793531));
#14630=CARTESIAN_POINT('',(-0.02425,-0.05,0.03525));
#14631=CARTESIAN_POINT('',(-0.0595,-0.05,0.));
#14632=CARTESIAN_POINT('',(-0.0595,-0.0195,0.0305));
#14633=CARTESIAN_POINT('',(-0.0595,-0.0488443530594693,0.00115564694053074));
#14634=CARTESIAN_POINT('',(-0.0595,-0.0488443530594693,0.00115564694053074));
#14635=CARTESIAN_POINT('',(-0.0595,-0.0488443530594693,0.00102508073282082));
#14636=CARTESIAN_POINT('',(-0.0594825545297311,-0.0489217542461662,0.000776947276368066));
#14637=CARTESIAN_POINT('',(-0.0594263577339985,-0.0490873450688874,0.000437878170088789));
#14638=CARTESIAN_POINT('',(-0.0593230896885132,-0.0493031404358298,0.000128723566645772));
#14639=CARTESIAN_POINT('',(-0.0591784113025838,-0.0494962974370052,-4.82688842216372E-16));
#14640=CARTESIAN_POINT('',(-0.0590872353479592,-0.0495872353479614,-5.0837920741565E-19));
#14641=CARTESIAN_POINT('',(-0.0595,-0.05,0.011));
#14642=CARTESIAN_POINT('',(-0.0595,-0.025,-0.014));
#14643=CARTESIAN_POINT('',(-0.0595,-0.05,0.011));
#14644=CARTESIAN_POINT('',(-0.0595,-0.0488443530594693,0.00984435305946925));
#14645=CARTESIAN_POINT('',(-0.02975,-0.05,-0.01875));
#14646=CARTESIAN_POINT('',(-0.0583346712920647,-0.05,0.00983467129206468));
#14647=CARTESIAN_POINT('',(-0.0595,-0.0488443530594693,0.00984435305946925));
#14648=CARTESIAN_POINT('',(-0.0595,-0.0488443530594693,0.00997545929185953));
#14649=CARTESIAN_POINT('',(-0.0594825605468471,-0.0489221808723239,0.0102245904189677));
#14650=CARTESIAN_POINT('',(-0.0594253304304104,-0.0490892826783891,0.0105647894089728));
#14651=CARTESIAN_POINT('',(-0.0593231706104114,-0.0493044782045677,0.0108750635433933));
#14652=CARTESIAN_POINT('',(-0.0590952543265446,-0.0496038987373255,0.0110649681286534));
#14653=CARTESIAN_POINT('',(-0.0587947410799195,-0.0498276670585296,0.0108648234379021));
#14654=CARTESIAN_POINT('',(-0.0585818918848894,-0.0499266178343538,0.0105557276415725));
#14655=CARTESIAN_POINT('',(-0.0584138250550959,-0.049982953756617,0.010214210909538));
#14656=CARTESIAN_POINT('',(-0.0583346712920647,-0.05,0.00996601953961629));
#14657=CARTESIAN_POINT('',(-0.0583346712920647,-0.05,0.00983467129206468));
#14658=CARTESIAN_POINT('',(-0.0595,0.05,0.));
#14659=CARTESIAN_POINT('',(-0.0595,0.0488220701031091,0.00117792989689087));
#14660=CARTESIAN_POINT('',(-0.0595,0.0488220701031091,0.00104465568896722));
#14661=CARTESIAN_POINT('',(-0.059482825382082,0.0489059571276739,0.000793533548883963));
#14662=CARTESIAN_POINT('',(-0.0594275428792224,0.0490769043473925,0.000448077080698365));
#14663=CARTESIAN_POINT('',(-0.0593254740520769,0.0492974895232629,0.000133111419223653));
#14664=CARTESIAN_POINT('',(-0.0591802340707726,0.0494953549176773,-4.29708041860644E-18));
#14665=CARTESIAN_POINT('',(-0.0590883613327021,0.0495883613327021,-5.85634207306604E-18));
#14666=CARTESIAN_POINT('',(-0.0595,0.0488220701031091,0.00117792989689087));
#14667=CARTESIAN_POINT('',(-0.0595,0.0195000000000003,0.0305));
#14668=CARTESIAN_POINT('',(-0.0595,0.05,0.));
#14669=CARTESIAN_POINT('',(-0.0583668008744898,0.05,0.00113319912551024));
#14670=CARTESIAN_POINT('',(-0.0583668008744898,0.05,0.00113319912551024));
#14671=CARTESIAN_POINT('',(-0.0583668008744898,0.05,0.00113319912551024));
#14672=CARTESIAN_POINT('',(-0.0583668008744898,0.05,0.00100528317856872));
#14673=CARTESIAN_POINT('',(-0.0584389845892748,0.0499824438598818,0.000760679945179005));
#14674=CARTESIAN_POINT('',(-0.0585995536639126,0.0499257422713162,0.00042791887718493));
#14675=CARTESIAN_POINT('',(-0.0588106997959247,0.0498219076538265,0.000124736562350159));
#14676=CARTESIAN_POINT('',(-0.0589992810192162,0.0496785408656148,-8.13251234712867E-18));
#14677=CARTESIAN_POINT('',(-0.0590883613327021,0.0495883613327021,-6.62058262913218E-18));
#14678=CARTESIAN_POINT('',(-0.0595,0.05,0.011));
#14679=CARTESIAN_POINT('',(-0.0595,0.05,0.011));
#14680=CARTESIAN_POINT('',(-0.0595,0.05,0.011));
#14681=CARTESIAN_POINT('',(-0.0583668008744898,0.05,0.00986680087448976));
#14682=CARTESIAN_POINT('',(-0.0595,0.025,-0.014));
#14683=CARTESIAN_POINT('',(-0.0595,0.0488220701031091,0.00982207010310912));
#14684=CARTESIAN_POINT('',(-0.0583668008744898,0.05,0.00986680087448976));
#14685=CARTESIAN_POINT('',(-0.0583668008744898,0.05,0.00999721140918196));
#14686=CARTESIAN_POINT('',(-0.0584413326048495,0.0499820129334084,0.0102465034991103));
#14687=CARTESIAN_POINT('',(-0.0586068970270453,0.0499224236340397,0.0105842451976369));
#14688=CARTESIAN_POINT('',(-0.0588228216359858,0.0498163717423773,0.0108932494265746));
#14689=CARTESIAN_POINT('',(-0.0591238352713265,0.0495765668012845,0.0110631615982283));
#14690=CARTESIAN_POINT('',(-0.0593342674328931,0.049281381901883,0.0108478590533411));
#14691=CARTESIAN_POINT('',(-0.0594296197058601,0.0490706057094966,0.0105399477227914));
#14692=CARTESIAN_POINT('',(-0.0594834893161786,0.0489031565893268,0.0101993113127272));
#14693=CARTESIAN_POINT('',(-0.0595,0.0488220701031091,0.00995298071459864));
#14694=CARTESIAN_POINT('',(-0.0595,0.0488220701031091,0.00982207010310915));
#14695=CARTESIAN_POINT('',(0.0595,0.05,0.));
#14696=CARTESIAN_POINT('',(0.0583935512574975,0.05,0.00110644874250249));
#14697=CARTESIAN_POINT('',(0.0583935512574975,0.05,0.000981634052223224));
#14698=CARTESIAN_POINT('',(0.0584612505928071,0.0499825460755544,0.000741986055365426));
#14699=CARTESIAN_POINT('',(0.0586168809005293,0.0499259146037898,0.00041644314067705));
#14700=CARTESIAN_POINT('',(0.0588229828285634,0.0498226163052421,0.000120540514180871));
#14701=CARTESIAN_POINT('',(0.0590066839486121,0.0496820003383124,-3.9299570461277E-18));
#14702=CARTESIAN_POINT('',(0.0590937978766892,0.0495937978766892,-9.33221651564723E-19));
#14703=CARTESIAN_POINT('',(0.0583935512574975,0.05,0.00110644874250249));
#14704=CARTESIAN_POINT('',(0.0595,0.05,0.));
#14705=CARTESIAN_POINT('',(0.0595,0.05,0.));
#14706=CARTESIAN_POINT('',(0.0595,0.05,0.));
#14707=CARTESIAN_POINT('',(0.0595,0.0488521299218017,0.00114787007819833));
#14708=CARTESIAN_POINT('',(0.0595,0.0488521299218017,0.00114787007819833));
#14709=CARTESIAN_POINT('',(0.0595,0.0488521299218017,0.00101812753708677));
#14710=CARTESIAN_POINT('',(0.0594827877119541,0.0489300866064042,0.000772013194474163));
#14711=CARTESIAN_POINT('',(0.059427486937117,0.0490953583750379,0.000435305800825527));
#14712=CARTESIAN_POINT('',(0.0593259576102766,0.0493102610262672,0.000128480201082042));
#14713=CARTESIAN_POINT('',(0.0591835935846145,0.049502880124993,-3.82106604405515E-19));
#14714=CARTESIAN_POINT('',(0.0590937978766892,0.0495937978766892,-3.8142145904948E-19));
#14715=CARTESIAN_POINT('',(0.0595,0.05,0.011));
#14716=CARTESIAN_POINT('',(0.0595,0.05,0.011));
#14717=CARTESIAN_POINT('',(0.0595,0.05,0.011));
#14718=CARTESIAN_POINT('',(0.0595,0.0488521299218017,0.00985212992180167));
#14719=CARTESIAN_POINT('',(0.0595,0.05,0.011));
#14720=CARTESIAN_POINT('',(0.0583935512574975,0.05,0.00989355125749751));
#14721=CARTESIAN_POINT('',(0.0595,0.0488521299218017,0.00985212992180167));
#14722=CARTESIAN_POINT('',(0.0595,0.0488521299218017,0.00997953241817394));
#14723=CARTESIAN_POINT('',(0.0594833856270377,0.0489275818302454,0.0102212862116468));
#14724=CARTESIAN_POINT('',(0.0594296735330172,0.0490892312064507,0.010553267521422));
#14725=CARTESIAN_POINT('',(0.0593336256367226,0.0492961406436771,0.0108544883000769));
#14726=CARTESIAN_POINT('',(0.0591288795882145,0.0495812513002561,0.0110609128722279));
#14727=CARTESIAN_POINT('',(0.0588334062144427,0.0498181021919005,0.0108957890390181));
#14728=CARTESIAN_POINT('',(0.0586244361202527,0.0499223413784935,0.0105958943858254));
#14729=CARTESIAN_POINT('',(0.0584631275439429,0.0499822635421173,0.0102642853063669));
#14730=CARTESIAN_POINT('',(0.0583935512574975,0.05,0.0100208571353103));
#14731=CARTESIAN_POINT('',(0.0583935512574975,0.05,0.00989355125749751));
#14732=CARTESIAN_POINT('',(0.,0.,0.0015));
#14733=CARTESIAN_POINT('',(1.02491553022332E-8,-0.0485,0.0015));
#14734=CARTESIAN_POINT('',(0.0011000102491553,-0.0485,0.0015));
#14735=CARTESIAN_POINT('',(0.000804684096126868,-0.04775,0.0015));
#14736=CARTESIAN_POINT('',(6.7639638054894E-18,-0.0485,0.0015));
#14737=CARTESIAN_POINT('',(0.0564581094671331,-0.0485,0.0015));
#14738=CARTESIAN_POINT('',(0.057998102158308,-0.0484952554106712,0.0015));
#14739=CARTESIAN_POINT('',(0.0566504395993322,-0.04775,0.0015));
#14740=CARTESIAN_POINT('',(-6.93889390390723E-18,-0.04775,0.0015));
#14741=CARTESIAN_POINT('',(6.7639638054894E-18,-0.0485,0.011));
#14742=CARTESIAN_POINT('',(0.0011000102491553,-0.0485,0.));
#14743=CARTESIAN_POINT('',(0.0011000102491553,-0.0485,0.011));
#14744=CARTESIAN_POINT('',(6.7639638054894E-18,-0.0485,0.011));
#14745=CARTESIAN_POINT('',(0.0564581094671331,-0.0485,0.011));
#14746=CARTESIAN_POINT('',(0.0564581094671331,-0.0485,0.013));
#14747=CARTESIAN_POINT('',(-6.93889390390723E-18,-0.04775,0.0065));
#14748=CARTESIAN_POINT('',(-6.93889390390723E-18,-0.04775,0.0015));
#14749=CARTESIAN_POINT('',(-0.0566529459260898,-0.04775,0.0015));
#14750=CARTESIAN_POINT('',(-0.000804663597816264,-0.04775,0.0015));
#14751=CARTESIAN_POINT('',(-0.000804663597816264,-0.04775,0.));
#14752=CARTESIAN_POINT('',(-0.000804663597816264,-0.04775,0.0065));
#14753=CARTESIAN_POINT('',(-6.93889390390723E-18,-0.04775,0.0065));
#14754=CARTESIAN_POINT('',(-0.0566529459260898,-0.04775,0.0065));
#14755=CARTESIAN_POINT('',(-0.0566529459260898,-0.04775,0.013));
#14756=CARTESIAN_POINT('',(0.058,-2.08166817117217E-19,0.011));
#14757=CARTESIAN_POINT('',(0.058,-0.00105,0.));
#14758=CARTESIAN_POINT('',(0.058,-0.00105,0.0015));
#14759=CARTESIAN_POINT('',(0.058,-0.00105,0.011));
#14760=CARTESIAN_POINT('',(0.058,-2.08166817117217E-19,0.0015));
#14761=CARTESIAN_POINT('',(0.058,-0.0469552565800883,0.0015));
#14762=CARTESIAN_POINT('',(0.058,-0.0469552565800883,0.013));
#14763=CARTESIAN_POINT('',(0.058,-0.0469552565800883,0.011));
#14764=CARTESIAN_POINT('',(0.058,-2.08166817117217E-19,0.011));
#14765=CARTESIAN_POINT('',(0.05725,0.,0.0065));
#14766=CARTESIAN_POINT('',(0.05725,0.000734846922834956,0.));
#14767=CARTESIAN_POINT('',(0.05725,0.000734846922834956,0.0015));
#14768=CARTESIAN_POINT('',(0.05725,0.000734846922834956,0.0065));
#14769=CARTESIAN_POINT('',(0.05725,0.,0.0015));
#14770=CARTESIAN_POINT('',(0.05725,0.0471655573423093,0.0015));
#14771=CARTESIAN_POINT('',(0.05725,0.0471655573423093,0.013));
#14772=CARTESIAN_POINT('',(0.05725,0.0471655573423093,0.0065));
#14773=CARTESIAN_POINT('',(0.05725,0.,0.0065));
#14774=CARTESIAN_POINT('',(0.,0.,0.0015));
#14775=CARTESIAN_POINT('',(0.058,6.42939569552361E-20,0.0015));
#14776=CARTESIAN_POINT('',(0.058,0.00105,0.0015));
#14777=CARTESIAN_POINT('',(0.058,-2.08166817117217E-19,0.0015));
#14778=CARTESIAN_POINT('',(0.058,0.0469716366677984,0.0015));
#14779=CARTESIAN_POINT('',(0.0579981133341789,0.0485116355121136,0.0015));
#14780=CARTESIAN_POINT('',(-6.7639638054894E-18,0.0485,0.011));
#14781=CARTESIAN_POINT('',(0.0451670438051224,0.0485,0.011));
#14782=CARTESIAN_POINT('',(0.0451670438051224,0.0485,0.0081231351941824));
#14783=CARTESIAN_POINT('',(0.0451670438051224,0.0485,0.011));
#14784=CARTESIAN_POINT('',(-6.7639638054894E-18,0.0485,0.0081231351941824));
#14785=CARTESIAN_POINT('',(0.0359048619866371,0.0485,0.0081231351941824));
#14786=CARTESIAN_POINT('',(0.0359048619866371,0.0485,0.011));
#14787=CARTESIAN_POINT('',(0.0011,0.0485,0.));
#14788=CARTESIAN_POINT('',(0.0011,0.0485,0.0015));
#14789=CARTESIAN_POINT('',(-6.7639638054894E-18,0.0485,0.0015));
#14790=CARTESIAN_POINT('',(0.0564581572910212,0.0485,0.0015));
#14791=CARTESIAN_POINT('',(0.0564581572910212,0.0485,0.013));
#14792=CARTESIAN_POINT('',(0.0564581572910212,0.0485,0.011));
#14793=CARTESIAN_POINT('',(-6.7639638054894E-18,0.0485,0.011));
#14794=CARTESIAN_POINT('',(6.93889390390723E-18,0.04775,0.0065));
#14795=CARTESIAN_POINT('',(-0.000804673846971547,0.04775,0.));
#14796=CARTESIAN_POINT('',(-0.000804673846971547,0.04775,0.0015));
#14797=CARTESIAN_POINT('',(-0.000804673846971547,0.04775,0.0065));
#14798=CARTESIAN_POINT('',(6.93889390390723E-18,0.04775,0.0015));
#14799=CARTESIAN_POINT('',(-0.0566511600534691,0.04775,0.0015));
#14800=CARTESIAN_POINT('',(-0.0566511600534691,0.04775,0.013));
#14801=CARTESIAN_POINT('',(-0.0566511600534691,0.04775,0.0065));
#14802=CARTESIAN_POINT('',(6.93889390390723E-18,0.04775,0.0065));
#14803=CARTESIAN_POINT('',(0.,0.,0.0015));
#14804=CARTESIAN_POINT('',(0.,0.0485,0.0015));
#14805=CARTESIAN_POINT('',(-0.0011,0.0485,0.0015));
#14806=CARTESIAN_POINT('',(-6.7639638054894E-18,0.0485,0.0015));
#14807=CARTESIAN_POINT('',(-0.0564527722312637,0.0485,0.0015));
#14808=CARTESIAN_POINT('',(-0.05799276009202,0.0485061146318913,0.0015));
#14809=CARTESIAN_POINT('',(-0.058,-1.36696209906972E-17,0.011));
#14810=CARTESIAN_POINT('',(-0.058,-1.36696209906972E-17,0.0015));
#14811=CARTESIAN_POINT('',(-0.058,-0.0469568684877036,0.0015));
#14812=CARTESIAN_POINT('',(-0.058,-0.00105,0.0015));
#14813=CARTESIAN_POINT('',(-0.058,-0.00105,0.));
#14814=CARTESIAN_POINT('',(-0.058,-0.00105,0.011));
#14815=CARTESIAN_POINT('',(-0.058,-1.36696209906972E-17,0.011));
#14816=CARTESIAN_POINT('',(-0.058,-0.0469568684877036,0.011));
#14817=CARTESIAN_POINT('',(-0.058,-0.0469568684877036,0.013));
#14818=CARTESIAN_POINT('',(-0.05725,0.,0.0065));
#14819=CARTESIAN_POINT('',(-0.05725,0.,0.0015));
#14820=CARTESIAN_POINT('',(-0.05725,0.0471570751789091,0.0015));
#14821=CARTESIAN_POINT('',(-0.05725,0.000734846922834956,0.0015));
#14822=CARTESIAN_POINT('',(-0.05725,0.000734846922834956,0.));
#14823=CARTESIAN_POINT('',(-0.05725,0.000734846922834956,0.0065));
#14824=CARTESIAN_POINT('',(-0.05725,0.,0.0065));
#14825=CARTESIAN_POINT('',(-0.05725,0.0471570751789091,0.0065));
#14826=CARTESIAN_POINT('',(-0.05725,0.0471570751789091,0.013));
#14827=CARTESIAN_POINT('',(0.,0.,0.0015));
#14828=CARTESIAN_POINT('',(-0.058,6.4293956955236E-20,0.0015));
#14829=CARTESIAN_POINT('',(-0.058,0.00105,0.0015));
#14830=CARTESIAN_POINT('',(-0.05799276009202,0.0485061146318913,0.0015));
#14831=CARTESIAN_POINT('',(-0.058,0.046966131650254,0.0015));
#14832=CARTESIAN_POINT('',(-0.058,-1.36696209906972E-17,0.0015));
#14833=CARTESIAN_POINT('',(0.,0.,0.0015));
#14834=CARTESIAN_POINT('',(1.02491553022332E-8,-0.0485,0.0015));
#14835=CARTESIAN_POINT('',(-0.0010999897508447,-0.0485,0.0015));
#14836=CARTESIAN_POINT('',(-0.0579997152090073,-0.0484968684613705,0.0015));
#14837=CARTESIAN_POINT('',(-0.0564597183929502,-0.0485,0.0015));
#14838=CARTESIAN_POINT('',(6.7639638054894E-18,-0.0485,0.0015));
#14839=CARTESIAN_POINT('',(0.,0.,0.011));
#14840=CARTESIAN_POINT('',(1.02491553022332E-8,-0.0485,0.011));
#14841=CARTESIAN_POINT('',(-0.0010999897508447,-0.0485,0.011));
#14842=CARTESIAN_POINT('',(6.7639638054894E-18,-0.0485,0.011));
#14843=CARTESIAN_POINT('',(-0.0564597183929502,-0.0485,0.011));
#14844=CARTESIAN_POINT('',(-0.0579997152090073,-0.0484968684613705,0.011));
#14845=CARTESIAN_POINT('',(-0.0576647591259499,-0.05,0.011));
#14846=CARTESIAN_POINT('',(6.93889390390723E-18,-0.05,0.011));
#14847=CARTESIAN_POINT('',(0.0576704686421871,-0.05,0.011));
#14848=CARTESIAN_POINT('',(0.057998102158308,-0.0484952554106712,0.011));
#14849=CARTESIAN_POINT('',(0.0595,0.,0.011));
#14850=CARTESIAN_POINT('',(0.0595,-0.0481548103003804,0.013));
#14851=CARTESIAN_POINT('',(0.0595,-0.0481548103003804,0.001));
#14852=CARTESIAN_POINT('',(0.0595,-0.0481548103003804,0.011));
#14853=CARTESIAN_POINT('',(0.0595,0.,0.001));
#14854=CARTESIAN_POINT('',(0.0595,0.0481711411024255,0.001));
#14855=CARTESIAN_POINT('',(0.0595,0.0481711411024255,0.013));
#14856=CARTESIAN_POINT('',(0.0595,0.0481711411024255,0.011));
#14857=CARTESIAN_POINT('',(0.0595,0.,0.011));
#14858=CARTESIAN_POINT('',(0.0595,0.,0.011));
#14859=CARTESIAN_POINT('',(0.0595,-0.05,0.011));
#14860=CARTESIAN_POINT('',(0.0595,-0.0488357005209621,0.013));
#14861=CARTESIAN_POINT('',(0.058,-2.08166817117217E-19,0.011));
#14862=CARTESIAN_POINT('',(0.058,0.00105,0.));
#14863=CARTESIAN_POINT('',(0.058,0.00105,0.011));
#14864=CARTESIAN_POINT('',(0.058,-2.08166817117217E-19,0.011));
#14865=CARTESIAN_POINT('',(0.058,0.0469716366677984,0.011));
#14866=CARTESIAN_POINT('',(0.058,0.0469716366677984,0.013));
#14867=CARTESIAN_POINT('',(0.05725,0.,0.0065));
#14868=CARTESIAN_POINT('',(0.05725,-0.000734846922834956,0.));
#14869=CARTESIAN_POINT('',(0.05725,-0.000734846922834956,0.0065));
#14870=CARTESIAN_POINT('',(0.05725,-0.000734846922834956,0.0015));
#14871=CARTESIAN_POINT('',(0.05725,0.,0.0065));
#14872=CARTESIAN_POINT('',(0.05725,-0.0471491710296851,0.0065));
#14873=CARTESIAN_POINT('',(0.05725,-0.0471491710296851,0.013));
#14874=CARTESIAN_POINT('',(0.05725,-0.0471491710296851,0.0015));
#14875=CARTESIAN_POINT('',(0.05725,0.,0.0015));
#14876=CARTESIAN_POINT('',(6.93889390390723E-18,-0.05,0.011));
#14877=CARTESIAN_POINT('',(-0.0576647591259499,-0.05,0.013));
#14878=CARTESIAN_POINT('',(-0.0576647591259499,-0.05,0.001));
#14879=CARTESIAN_POINT('',(0.0576704686421871,-0.05,0.001));
#14880=CARTESIAN_POINT('',(0.0576704686421871,-0.05,0.001));
#14881=CARTESIAN_POINT('',(0.0576704686421871,-0.05,0.013));
#14882=CARTESIAN_POINT('',(6.93889390390723E-18,-0.05,0.011));
#14883=CARTESIAN_POINT('',(0.058325735674429,-0.05,0.013));
#14884=CARTESIAN_POINT('',(6.7639638054894E-18,-0.0485,0.011));
#14885=CARTESIAN_POINT('',(-0.0010999897508447,-0.0485,0.));
#14886=CARTESIAN_POINT('',(-0.0564597183929502,-0.0485,0.013));
#14887=CARTESIAN_POINT('',(-6.93889390390723E-18,-0.04775,0.0065));
#14888=CARTESIAN_POINT('',(-6.93889390390723E-18,-0.04775,0.0065));
#14889=CARTESIAN_POINT('',(0.000804684096126868,-0.04775,0.0065));
#14890=CARTESIAN_POINT('',(0.0566504395993322,-0.04775,0.0065));
#14891=CARTESIAN_POINT('',(0.000804684096126868,-0.04775,0.));
#14892=CARTESIAN_POINT('',(0.0566504395993322,-0.04775,0.013));
#14893=CARTESIAN_POINT('',(-6.93889390390723E-18,0.05,0.011));
#14894=CARTESIAN_POINT('',(0.0595,0.05,0.011));
#14895=CARTESIAN_POINT('',(0.0583935512574975,0.05,0.013));
#14896=CARTESIAN_POINT('',(-6.7639638054894E-18,0.0485,0.011));
#14897=CARTESIAN_POINT('',(-0.0011,0.0485,0.));
#14898=CARTESIAN_POINT('',(-0.0564527722312637,0.0485,0.013));
#14899=CARTESIAN_POINT('',(0.,0.,0.0015));
#14900=CARTESIAN_POINT('',(0.058,6.42939569552361E-20,0.0015));
#14901=CARTESIAN_POINT('',(0.057998102158308,-0.0484952554106712,0.0015));
#14902=CARTESIAN_POINT('',(6.93889390390723E-18,0.04775,0.0065));
#14903=CARTESIAN_POINT('',(0.000804673846971547,0.04775,0.));
#14904=CARTESIAN_POINT('',(0.000804673846971547,0.04775,0.0065));
#14905=CARTESIAN_POINT('',(0.000804673846971547,0.04775,0.0015));
#14906=CARTESIAN_POINT('',(6.93889390390723E-18,0.04775,0.0065));
#14907=CARTESIAN_POINT('',(0.0566596398205495,0.04775,0.0065));
#14908=CARTESIAN_POINT('',(0.0566596398205495,0.04775,0.013));
#14909=CARTESIAN_POINT('',(0.0566596398205495,0.04775,0.0015));
#14910=CARTESIAN_POINT('',(6.93889390390723E-18,0.04775,0.0015));
#14911=CARTESIAN_POINT('',(0.,0.,0.011));
#14912=CARTESIAN_POINT('',(0.058,6.42939569552361E-20,0.011));
#14913=CARTESIAN_POINT('',(0.057998102158308,-0.0484952554106712,0.011));
#14914=CARTESIAN_POINT('',(0.0579981133341789,0.0485116355121136,0.011));
#14915=CARTESIAN_POINT('',(0.,0.,0.011));
#14916=CARTESIAN_POINT('',(0.0461670438051224,0.049,0.011));
#14917=CARTESIAN_POINT('',(0.0451670438051224,0.049,0.011));
#14918=CARTESIAN_POINT('',(0.0451670438051224,5.26738361204831E-18,0.011));
#14919=CARTESIAN_POINT('',(0.0579981133341789,0.0485116355121136,0.011));
#14920=CARTESIAN_POINT('',(0.0595,0.,0.011));
#14921=CARTESIAN_POINT('',(0.0595,0.0488521299218017,0.013));
#14922=CARTESIAN_POINT('',(0.,0.,0.011));
#14923=CARTESIAN_POINT('',(-0.058,6.4293956955236E-20,0.011));
#14924=CARTESIAN_POINT('',(-0.058,0.00105,0.011));
#14925=CARTESIAN_POINT('',(-0.058,-1.36696209906972E-17,0.011));
#14926=CARTESIAN_POINT('',(-0.058,0.046966131650254,0.011));
#14927=CARTESIAN_POINT('',(-0.05799276009202,0.0485061146318913,0.011));
#14928=CARTESIAN_POINT('',(-0.0595,0.0481901591606734,0.011));
#14929=CARTESIAN_POINT('',(-0.0595,-1.38777878078145E-17,0.011));
#14930=CARTESIAN_POINT('',(-0.0595,-0.0481493838632717,0.011));
#14931=CARTESIAN_POINT('',(-0.0579997152090073,-0.0484968684613705,0.011));
#14932=CARTESIAN_POINT('',(-0.0595,-1.38777878078145E-17,0.011));
#14933=CARTESIAN_POINT('',(-0.0595,0.05,0.011));
#14934=CARTESIAN_POINT('',(-0.0595,0.0488220701031091,0.013));
#14935=CARTESIAN_POINT('',(-0.0595,-1.38777878078145E-17,0.011));
#14936=CARTESIAN_POINT('',(-0.0595,0.0481901591606734,0.013));
#14937=CARTESIAN_POINT('',(-0.0595,0.0481901591606734,0.001));
#14938=CARTESIAN_POINT('',(-0.0595,-0.0481493838632717,0.001));
#14939=CARTESIAN_POINT('',(-0.0595,-0.0481493838632717,0.001));
#14940=CARTESIAN_POINT('',(-0.0595,-0.0481493838632717,0.013));
#14941=CARTESIAN_POINT('',(-0.058,-1.36696209906972E-17,0.011));
#14942=CARTESIAN_POINT('',(-0.058,0.00105,0.));
#14943=CARTESIAN_POINT('',(-0.058,0.046966131650254,0.013));
#14944=CARTESIAN_POINT('',(-0.05725,0.,0.0065));
#14945=CARTESIAN_POINT('',(-0.05725,0.,0.0065));
#14946=CARTESIAN_POINT('',(-0.05725,-0.000734846922834956,0.0065));
#14947=CARTESIAN_POINT('',(-0.05725,-0.0471516818180443,0.0065));
#14948=CARTESIAN_POINT('',(-0.05725,-0.000734846922834956,0.));
#14949=CARTESIAN_POINT('',(-0.05725,-0.000734846922834956,0.0015));
#14950=CARTESIAN_POINT('',(-0.05725,0.,0.0015));
#14951=CARTESIAN_POINT('',(-0.05725,-0.0471516818180443,0.0015));
#14952=CARTESIAN_POINT('',(-0.05725,-0.0471516818180443,0.013));
#14953=CARTESIAN_POINT('',(-6.93889390390723E-18,0.05,0.011));
#14954=CARTESIAN_POINT('',(-0.0583668008744898,0.05,0.013));
#14955=CARTESIAN_POINT('',(0.,0.,0.0015));
#14956=CARTESIAN_POINT('',(0.,0.0485,0.0015));
#14957=CARTESIAN_POINT('',(0.0579981133341789,0.0485116355121136,0.0015));
#14958=CARTESIAN_POINT('',(6.93889390390723E-18,-0.05,0.011));
#14959=CARTESIAN_POINT('',(-0.0595,-0.05,0.011));
#14960=CARTESIAN_POINT('',(-0.0583346712920647,-0.05,0.013));
#14961=CARTESIAN_POINT('',(-0.0595,-1.38777878078145E-17,0.011));
#14962=CARTESIAN_POINT('',(-0.0595,-0.0488443530594693,0.013));
#14963=CARTESIAN_POINT('',(0.,0.,0.0065));
#14964=CARTESIAN_POINT('',(1.02491553022332E-8,-0.0485,0.0065));
#14965=CARTESIAN_POINT('',(0.057998102158308,-0.0484952554106712,0.0065));
#14966=CARTESIAN_POINT('',(0.058,6.42939569552361E-20,0.0065));
#14967=CARTESIAN_POINT('',(0.0579981133341789,0.0485116355121136,0.0065));
#14968=CARTESIAN_POINT('',(0.,0.0485,0.0065));
#14969=CARTESIAN_POINT('',(-0.05799276009202,0.0485061146318913,0.0065));
#14970=CARTESIAN_POINT('',(-0.058,6.4293956955236E-20,0.0065));
#14971=CARTESIAN_POINT('',(-0.0579997152090073,-0.0484968684613705,0.0065));
#14972=CARTESIAN_POINT('',(-0.05575,-2.1797572473007E-19,0.0065));
#14973=CARTESIAN_POINT('',(-0.05575,0.04625,0.0065));
#14974=CARTESIAN_POINT('',(-0.05575,-0.04625,0.0065));
#14975=CARTESIAN_POINT('',(6.93889390390723E-18,0.04625,0.0065));
#14976=CARTESIAN_POINT('',(0.05575,0.04625,0.0065));
#14977=CARTESIAN_POINT('',(0.05575,2.1797572473007E-19,0.0065));
#14978=CARTESIAN_POINT('',(0.05575,-0.04625,0.0065));
#14979=CARTESIAN_POINT('',(-6.93889390390723E-18,-0.04625,0.0065));
#14980=CARTESIAN_POINT('',(0.,0.,0.0015));
#14981=CARTESIAN_POINT('',(-0.058,6.4293956955236E-20,0.0015));
#14982=CARTESIAN_POINT('',(-0.0579997152090073,-0.0484968684613705,0.0015));
#14983=CARTESIAN_POINT('',(-0.05575,-2.1797572473007E-19,0.0065));
#14984=CARTESIAN_POINT('',(-0.05575,8.1014311024676E-18,0.0015));
#14985=CARTESIAN_POINT('',(-0.05575,-0.04625,0.0015));
#14986=CARTESIAN_POINT('',(-0.05575,0.04625,0.0015));
#14987=CARTESIAN_POINT('',(-0.05575,0.04625,0.0065));
#14988=CARTESIAN_POINT('',(-0.05575,-0.04625,0.0065));
#14989=CARTESIAN_POINT('',(-6.93889390390723E-18,-0.04625,0.0065));
#14990=CARTESIAN_POINT('',(0.,-0.04625,0.0015));
#14991=CARTESIAN_POINT('',(0.05575,-0.04625,0.0015));
#14992=CARTESIAN_POINT('',(0.05575,-0.04625,0.0065));
#14993=CARTESIAN_POINT('',(0.05575,2.1797572473007E-19,0.0065));
#14994=CARTESIAN_POINT('',(0.05575,0.04625,0.0065));
#14995=CARTESIAN_POINT('',(0.05575,0.04625,0.0015));
#14996=CARTESIAN_POINT('',(0.05575,-8.1014311024676E-18,0.0015));
#14997=CARTESIAN_POINT('',(6.93889390390723E-18,0.04625,0.0065));
#14998=CARTESIAN_POINT('',(0.,0.04625,0.0015));
#14999=CARTESIAN_POINT('',(0.,0.,0.0015));
#15000=CARTESIAN_POINT('',(-0.0579997152090073,-0.0484968684613705,0.013));
#15001=CARTESIAN_POINT('',(-0.0565442226274953,-0.049,0.));
#15002=CARTESIAN_POINT('',(-0.056598047002895,-0.0491557067547627,-1.02676007354508E-18));
#15003=CARTESIAN_POINT('',(-0.0567535964552192,-0.0494400615645932,7.21074652308929E-5));
#15004=CARTESIAN_POINT('',(-0.0570671516052644,-0.0497454547214708,0.000302123109965278));
#15005=CARTESIAN_POINT('',(-0.0573539332653196,-0.0499039803001166,0.000546091861565289));
#15006=CARTESIAN_POINT('',(-0.0575742111969642,-0.0499800056108577,0.00077211655983441));
#15007=CARTESIAN_POINT('',(-0.0576647591259484,-0.05,0.000916683464709583));
#15008=CARTESIAN_POINT('',(-0.0576647591259484,-0.05,0.00100000000000012));
#15009=CARTESIAN_POINT('',(-0.0595,-0.0481493838632717,0.001));
#15010=CARTESIAN_POINT('',(-0.0595,-0.0481493838632717,0.000917152323899404));
#15011=CARTESIAN_POINT('',(-0.0594798389627347,-0.0480614822293249,0.000771074237043108));
#15012=CARTESIAN_POINT('',(-0.0594037984339362,-0.0478448557899978,0.000545870603482245));
#15013=CARTESIAN_POINT('',(-0.0592441205248376,-0.047558811007053,0.000300481599924588));
#15014=CARTESIAN_POINT('',(-0.0589387841375298,-0.047247897134418,7.16851564170972E-5));
#15015=CARTESIAN_POINT('',(-0.0586550740758047,-0.0470936614055877,9.3474395198673E-19));
#15016=CARTESIAN_POINT('',(-0.0585,-0.0470403949367565,-7.76053871360832E-20));
#15017=CARTESIAN_POINT('',(-0.0579997152090073,-0.0484968684613705,0.013));
#15018=CARTESIAN_POINT('',(-0.0564597152090073,-0.0484968684613705,0.013));
#15019=CARTESIAN_POINT('',(-0.0579997152090073,-0.0484968684613705,0.013));
#15020=CARTESIAN_POINT('',(-0.05799276009202,0.0485061146318913,0.013));
#15021=CARTESIAN_POINT('',(-0.0585,0.0470520487201278,0.));
#15022=CARTESIAN_POINT('',(-0.0586563809092007,0.0471066010188586,-1.02113347758159E-18));
#15023=CARTESIAN_POINT('',(-0.0589416516536184,0.0472640534422865,7.27225406644111E-5));
#15024=CARTESIAN_POINT('',(-0.0592470501008026,0.047580806844684,0.000303758339140131));
#15025=CARTESIAN_POINT('',(-0.0594048958984768,0.0478711025697751,0.000548122256120244));
#15026=CARTESIAN_POINT('',(-0.0594800256947021,0.0480945791385666,0.000772769746432157));
#15027=CARTESIAN_POINT('',(-0.0595000000000002,0.0481901591606554,0.000916290951333028));
#15028=CARTESIAN_POINT('',(-0.0595,0.0481901591606545,0.00100000000000225));
#15029=CARTESIAN_POINT('',(-0.0576187193095503,0.05,0.001));
#15030=CARTESIAN_POINT('',(-0.0576187193095503,0.05,0.000917806367804835));
#15031=CARTESIAN_POINT('',(-0.0575371801411191,0.0499799107365952,0.000770648960915079));
#15032=CARTESIAN_POINT('',(-0.0573251963865635,0.0499026661058134,0.000543271885529409));
#15033=CARTESIAN_POINT('',(-0.0570442292908818,0.0497420683972107,0.000298467087121308));
#15034=CARTESIAN_POINT('',(-0.05673803681353,0.0494370213366735,7.0989125966512E-5));
#15035=CARTESIAN_POINT('',(-0.0565862827133346,0.0491541058328418,1.80093487271165E-18));
#15036=CARTESIAN_POINT('',(-0.0565341041205284,0.049,7.8491343212464E-19));
#15037=CARTESIAN_POINT('',(-0.05799276009202,0.0485061146318913,0.013));
#15038=CARTESIAN_POINT('',(-0.05645276009202,0.0485061146318913,0.013));
#15039=CARTESIAN_POINT('',(-0.05799276009202,0.0485061146318913,0.013));
#15040=CARTESIAN_POINT('',(0.0579981133341789,0.0485116355121136,0.013));
#15041=CARTESIAN_POINT('',(0.056537599682421,0.049,0.));
#15042=CARTESIAN_POINT('',(0.0565889866271939,0.0491536789349442,-1.01326954570745E-18));
#15043=CARTESIAN_POINT('',(0.0567374569002841,0.0494351957008028,7.01327061684041E-5));
#15044=CARTESIAN_POINT('',(0.0570445574784985,0.0497414235339178,0.000297948517551863));
#15045=CARTESIAN_POINT('',(0.0573607666664998,0.0499317097630951,0.000587340672637994));
#15046=CARTESIAN_POINT('',(0.0576026754108603,0.05,0.000835982269702836));
#15047=CARTESIAN_POINT('',(0.0576026754108603,0.05,0.001));
#15048=CARTESIAN_POINT('',(0.0595,0.0481711411024255,0.001));
#15049=CARTESIAN_POINT('',(0.0595,0.0481711411024255,0.000916977255923331));
#15050=CARTESIAN_POINT('',(0.0594798329056235,0.0480814841349223,0.000771255626587573));
#15051=CARTESIAN_POINT('',(0.0594041155814593,0.0478636614982992,0.000546582869267366));
#15052=CARTESIAN_POINT('',(0.0592446820422665,0.0475762799454428,0.000301034568581274));
#15053=CARTESIAN_POINT('',(0.0589392473330922,0.0472641300171817,7.18671976867556E-5));
#15054=CARTESIAN_POINT('',(0.0586553384772508,0.0471092616015664,1.83590759874728E-18));
#15055=CARTESIAN_POINT('',(0.0585,0.0470557132014558,8.2150197887376E-19));
#15056=CARTESIAN_POINT('',(0.0579981133341789,0.0485116355121136,0.013));
#15057=CARTESIAN_POINT('',(0.0595381133341789,0.0485116355121136,0.013));
#15058=CARTESIAN_POINT('',(0.0579981133341789,0.0485116355121136,0.013));
#15059=CARTESIAN_POINT('',(0.057998102158308,-0.0484952554106712,0.013));
#15060=CARTESIAN_POINT('',(0.0585,-0.0470393369526163,0.));
#15061=CARTESIAN_POINT('',(0.0586555155472317,-0.0470929477280504,-1.01520850442912E-18));
#15062=CARTESIAN_POINT('',(0.058939612648389,-0.0472479441347719,7.19333502019671E-5));
#15063=CARTESIAN_POINT('',(0.059245008849268,-0.0475605674826228,0.000301667264570887));
#15064=CARTESIAN_POINT('',(0.0594037310802902,-0.0478463398619891,0.000545531497497369));
#15065=CARTESIAN_POINT('',(0.0594800075351674,-0.0480656653964569,0.000771970272660372));
#15066=CARTESIAN_POINT('',(0.0595,-0.0481548103003798,0.000916798319674367));
#15067=CARTESIAN_POINT('',(0.0595,-0.0481548103003798,0.00100000000000005));
#15068=CARTESIAN_POINT('',(0.0576704686421871,-0.05,0.001));
#15069=CARTESIAN_POINT('',(0.0576704686421871,-0.05,0.00091665189252521));
#15070=CARTESIAN_POINT('',(0.0575774895029034,-0.0499798366015165,0.000771669557620716));
#15071=CARTESIAN_POINT('',(0.0573574988998139,-0.0499047203766908,0.000547924623056625));
#15072=CARTESIAN_POINT('',(0.0570676562706166,-0.0497457387181472,0.000302077041043832));
#15073=CARTESIAN_POINT('',(0.0567532392201163,-0.0494400970174568,7.22001372439003E-5));
#15074=CARTESIAN_POINT('',(0.0565972305627409,-0.0491558356617489,1.0272912012991E-18));
#15075=CARTESIAN_POINT('',(0.0565431681737083,-0.049,-2.99746343299635E-22));
#15076=CARTESIAN_POINT('',(0.057998102158308,-0.0484952554106712,0.013));
#15077=CARTESIAN_POINT('',(0.059538102158308,-0.0484952554106712,0.013));
#15078=CARTESIAN_POINT('',(0.057998102158308,-0.0484952554106712,0.013));
#15079=CARTESIAN_POINT('',(-0.058,6.4293956955236E-20,0.));
#15080=CARTESIAN_POINT('',(0.,0.0485,0.));
#15081=CARTESIAN_POINT('',(0.058,6.42939569552361E-20,0.));
#15082=CARTESIAN_POINT('',(1.02491553022332E-8,-0.0485,0.));
#15083=CARTESIAN_POINT('',(5.71438321498243E-18,-0.049,0.001));
#15084=CARTESIAN_POINT('',(-0.0585,-8.11850586757146E-18,0.001));
#15085=CARTESIAN_POINT('',(-6.82227383829534E-18,0.049,0.001));
#15086=CARTESIAN_POINT('',(0.0585,-1.38777878078145E-19,0.001));
#15087=CARTESIAN_POINT('',(0.0451670438051224,0.0246,0.00960723031312227));
#15088=CARTESIAN_POINT('',(0.0451670438051224,0.049,0.00960723031312227));
#15089=CARTESIAN_POINT('',(0.0451670438051224,0.049,0.0081231351941824));
#15090=CARTESIAN_POINT('',(0.0451670438051224,0.0246,0.0081231351941824));
#15091=CARTESIAN_POINT('',(0.0405359528958797,0.0246,0.0081231351941824));
#15092=CARTESIAN_POINT('',(0.0405359528958797,0.049,0.0081231351941824));
#15093=CARTESIAN_POINT('',(0.0359048619866371,0.049,0.0081231351941824));
#15094=CARTESIAN_POINT('',(0.0359048619866371,0.0246,0.0081231351941824));
#15095=CARTESIAN_POINT('',(0.0359048619866371,0.0246,0.00960723031312227));
#15096=CARTESIAN_POINT('',(0.0359048619866371,0.049,0.011));
#15097=CARTESIAN_POINT('',(0.0461670438051224,0.049,0.00960723031312227));
#15098=CARTESIAN_POINT('',(0.0461670438051224,0.049,0.0081231351941824));
#15099=CARTESIAN_POINT('',(0.0451670438051224,0.049,0.0081231351941824));
#15100=CARTESIAN_POINT('',(0.0451670438051224,0.049,0.0071231351941824));
#15101=CARTESIAN_POINT('',(0.0405359528958797,0.049,0.0071231351941824));
#15102=CARTESIAN_POINT('',(0.0359048619866371,0.049,0.0071231351941824));
#15103=CARTESIAN_POINT('',(0.0359048619866371,0.049,0.0081231351941824));
#15104=CARTESIAN_POINT('',(0.0349048619866371,0.049,0.0081231351941824));
#15105=CARTESIAN_POINT('',(0.0349048619866371,0.049,0.011));
#15106=CARTESIAN_POINT('',(0.0254328915793803,0.0276399328661085,0.0005));
#15107=CARTESIAN_POINT('',(0.00498645312495608,0.0261752232909203,0.0005));
#15108=CARTESIAN_POINT('',(0.00498645312495608,0.0261752232909203,0.0005));
#15109=CARTESIAN_POINT('',(0.0254328915793803,0.0276399328661085,0.0005));
#15110=CARTESIAN_POINT('',(0.00739450458097353,0.0179024375975132,0.0005));
#15111=CARTESIAN_POINT('',(0.00739450458097353,0.0179024375975132,0.0005));
#15112=CARTESIAN_POINT('',(-0.0117546096222458,-0.132381558372333,0.0005));
#15113=CARTESIAN_POINT('',(0.0308312807059433,0.0212640017271042,0.0005));
#15114=CARTESIAN_POINT('',(0.0308312807059433,0.0212640017271042,0.0005));
#15115=CARTESIAN_POINT('',(-0.0117546096222458,-0.132381558372333,0.0005));
#15116=CARTESIAN_POINT('',(-0.0693730838697197,-0.00408256287378332,0.0005));
#15117=CARTESIAN_POINT('',(0.032857857726358,0.0111554684117436,0.0005));
#15118=CARTESIAN_POINT('',(0.032857857726358,0.0111554684117436,0.0005));
#15119=CARTESIAN_POINT('',(-0.0693730838697197,-0.00408256287378332,0.0005));
#15120=CARTESIAN_POINT('',(0.00909320846167331,-0.0584267525449916,0.0005));
#15121=CARTESIAN_POINT('',(0.0226057587095753,0.0138494884595275,0.0005));
#15122=CARTESIAN_POINT('',(0.0226057587095753,0.0138494884595275,0.0005));
#15123=CARTESIAN_POINT('',(0.00909320846167331,-0.0584267525449916,0.0005));
#15124=CARTESIAN_POINT('',(0.0393688776683592,0.0137161501982185,0.0005));
#15125=CARTESIAN_POINT('',(0.0258466811156455,0.00380806578658537,0.0005));
#15126=CARTESIAN_POINT('',(0.0258466811156455,0.00380806578658537,0.0005));
#15127=CARTESIAN_POINT('',(0.0393688776683592,0.0137161501982185,0.0005));
#15128=CARTESIAN_POINT('',(0.0392070886373841,0.0139606468357831,0.0005));
#15129=CARTESIAN_POINT('',(0.0343004359412638,-0.00208616438723293,0.0005));
#15130=CARTESIAN_POINT('',(0.0343004359412638,-0.00208616438723293,0.0005));
#15131=CARTESIAN_POINT('',(0.0392070886373841,0.0139606468357831,0.0005));
#15132=CARTESIAN_POINT('',(-0.0055959515917031,-0.106237135833524,0.0005));
#15133=CARTESIAN_POINT('',(0.043967517303846,-0.00632412795954021,0.0005));
#15134=CARTESIAN_POINT('',(0.043967517303846,-0.00632412795954021,0.0005));
#15135=CARTESIAN_POINT('',(-0.0055959515917031,-0.106237135833524,0.0005));
#15136=CARTESIAN_POINT('',(0.151957219688576,0.0151060838394671,0.0005));
#15137=CARTESIAN_POINT('',(0.0501600992441292,-0.0268269111419513,0.0005));
#15138=CARTESIAN_POINT('',(0.0501600992441292,-0.0268269111419513,0.0005));
#15139=CARTESIAN_POINT('',(0.151957219688576,0.0151060838394671,0.0005));
#15140=CARTESIAN_POINT('',(0.0811823521984537,0.0583286934374209,0.0005));
#15141=CARTESIAN_POINT('',(0.0275621700720386,-0.0147379421657642,0.0005));
#15142=CARTESIAN_POINT('',(0.0275621700720386,-0.0147379421657642,0.0005));
#15143=CARTESIAN_POINT('',(0.0811823521984537,0.0583286934374209,0.0005));
#15144=CARTESIAN_POINT('',(0.053512806360353,0.0184881821084242,0.0005));
#15145=CARTESIAN_POINT('',(0.0172167974935775,-0.00295967555604074,0.0005));
#15146=CARTESIAN_POINT('',(0.0172167974935775,-0.00295967555604074,0.0005));
#15147=CARTESIAN_POINT('',(0.053512806360353,0.0184881821084242,0.0005));
#15148=CARTESIAN_POINT('',(0.249065891643341,0.0697402380581064,0.0005));
#15149=CARTESIAN_POINT('',(0.0129358429007507,0.0124525432328449,0.0005));
#15150=CARTESIAN_POINT('',(0.0129358429007507,0.0124525432328449,0.0005));
#15151=CARTESIAN_POINT('',(0.249065891643341,0.0697402380581064,0.0005));
#15152=CARTESIAN_POINT('',(0.0757447425113099,0.0308501906489725,0.0005));
#15153=CARTESIAN_POINT('',(0.0117337654189641,0.0172110516577959,0.0005));
#15154=CARTESIAN_POINT('',(0.0117337654189641,0.0172110516577959,0.0005));
#15155=CARTESIAN_POINT('',(0.0757447425113099,0.0308501906489725,0.0005));
#15156=CARTESIAN_POINT('',(0.013033558437593,0.0393314617407118,0.0005));
#15157=CARTESIAN_POINT('',(0.013033558437593,0.0393314617407118,0.0005));
#15158=CARTESIAN_POINT('',(-8.00937414169312E-7,7.38352537155151E-6,0.0005));
#15159=CARTESIAN_POINT('',(-0.0438943901326492,0.00532256148289889,0.0005));
#15160=CARTESIAN_POINT('',(-0.0480511076748371,0.00698113907128573,0.0005));
#15161=CARTESIAN_POINT('',(-0.0480511076748371,0.00698113907128573,0.0005));
#15162=CARTESIAN_POINT('',(-0.0438943901326492,0.00532256148289889,0.0005));
#15163=CARTESIAN_POINT('',(-0.0480511076748371,0.00366398389451206,0.0005));
#15164=CARTESIAN_POINT('',(-0.0480511076748371,0.00366398389451206,0.0005));
#15165=CARTESIAN_POINT('',(-0.0404143370413402,0.00134941936232377,0.0005));
#15166=CARTESIAN_POINT('',(-0.0431516451629147,0.0104347744371964,0.0005));
#15167=CARTESIAN_POINT('',(-0.0431516451629147,0.0104347744371964,0.0005));
#15168=CARTESIAN_POINT('',(-0.0404143370413402,0.00134941936232377,0.0005));
#15169=CARTESIAN_POINT('',(-0.0434800622850646,0.0105190455528205,0.0005));
#15170=CARTESIAN_POINT('',(-0.0433944817845741,0.0108471239047207,0.0005));
#15171=CARTESIAN_POINT('',(-0.0433944817845741,0.0108471239047207,0.0005));
#15172=CARTESIAN_POINT('',(-0.0434800622850646,0.0105190455528205,0.0005));
#15173=CARTESIAN_POINT('',(-0.0541904414539315,0.0363757663712829,0.0005));
#15174=CARTESIAN_POINT('',(-0.0463599184364115,0.00978728689914975,0.0005));
#15175=CARTESIAN_POINT('',(-0.0463599184364115,0.00978728689914975,0.0005));
#15176=CARTESIAN_POINT('',(-0.0541904414539315,0.0363757663712829,0.0005));
#15177=CARTESIAN_POINT('',(-0.0474334373724516,0.0135111370286503,0.0005));
#15178=CARTESIAN_POINT('',(-0.0481617439674517,0.00970468563703933,0.0005));
#15179=CARTESIAN_POINT('',(-0.0481617439674517,0.00970468563703933,0.0005));
#15180=CARTESIAN_POINT('',(-0.0474334373724516,0.0135111370286503,0.0005));
#15181=CARTESIAN_POINT('',(-0.0448603831470727,0.011592428140031,0.0005));
#15182=CARTESIAN_POINT('',(-0.0485768768301715,0.0123987963731737,0.0005));
#15183=CARTESIAN_POINT('',(-0.0485768768301715,0.0123987963731737,0.0005));
#15184=CARTESIAN_POINT('',(-0.0448603831470727,0.011592428140031,0.0005));
#15185=CARTESIAN_POINT('',(-0.0427538163124986,0.00970030847649579,0.0005));
#15186=CARTESIAN_POINT('',(-0.0450251680828792,0.0157028772479625,0.0005));
#15187=CARTESIAN_POINT('',(-0.0450251680828792,0.0157028772479625,0.0005));
#15188=CARTESIAN_POINT('',(-0.0427538163124986,0.00970030847649579,0.0005));
#15189=CARTESIAN_POINT('',(-0.0415462310695589,0.00834774015013522,0.0005));
#15190=CARTESIAN_POINT('',(-0.0380672940562386,0.0157028772479625,0.0005));
#15191=CARTESIAN_POINT('',(-0.0380672940562386,0.0157028772479625,0.0005));
#15192=CARTESIAN_POINT('',(-0.0415462310695589,0.00834774015013522,0.0005));
#15193=CARTESIAN_POINT('',(-0.0415325792184854,0.0103559137784521,0.0005));
#15194=CARTESIAN_POINT('',(-0.0357746910538593,0.0130844561518863,0.0005));
#15195=CARTESIAN_POINT('',(-0.0357746910538593,0.0130844561518863,0.0005));
#15196=CARTESIAN_POINT('',(-0.0415325792184854,0.0103559137784521,0.0005));
#15197=CARTESIAN_POINT('',(-0.0422524539577979,0.0109070507220825,0.0005));
#15198=CARTESIAN_POINT('',(-0.0357136243572579,0.00892054270536469,0.0005));
#15199=CARTESIAN_POINT('',(-0.0357136243572579,0.00892054270536469,0.0005));
#15200=CARTESIAN_POINT('',(-0.0422524539577979,0.0109070507220825,0.0005));
#15201=CARTESIAN_POINT('',(-0.0405128155627314,0.0123444684818952,0.0005));
#15202=CARTESIAN_POINT('',(-0.0393203605792726,0.00657094658773834,0.0005));
#15203=CARTESIAN_POINT('',(-0.0393203605792726,0.00657094658773834,0.0005));
#15204=CARTESIAN_POINT('',(-0.0405128155627314,0.0123444684818952,0.0005));
#15205=CARTESIAN_POINT('',(-0.0304165469836712,-0.0185164872566178,0.0005));
#15206=CARTESIAN_POINT('',(-0.0407488139487441,0.00601719352720726,0.0005));
#15207=CARTESIAN_POINT('',(-0.0407488139487441,0.00601719352720726,0.0005));
#15208=CARTESIAN_POINT('',(-0.0304165469836712,-0.0185164872566178,0.0005));
#15209=CARTESIAN_POINT('',(-0.0407072581423437,0.00395626495228411,0.0005));
#15210=CARTESIAN_POINT('',(-0.0398138511424274,0.00581394560527071,0.0005));
#15211=CARTESIAN_POINT('',(-0.0398138511424274,0.00581394560527071,0.0005));
#15212=CARTESIAN_POINT('',(-0.0407072581423437,0.00395626495228411,0.0005));
#15213=CARTESIAN_POINT('',(-0.0390001309811679,0.00516617451497175,0.0005));
#15214=CARTESIAN_POINT('',(-0.0390001309811679,0.00620624561170846,0.0005));
#15215=CARTESIAN_POINT('',(-0.0390001309811679,0.00620624561170846,0.0005));
#15216=CARTESIAN_POINT('',(-0.0390001309811679,0.00516617451497175,0.0005));
#15217=CARTESIAN_POINT('',(-0.0363991948663994,0.00620624561170846,0.0005));
#15218=CARTESIAN_POINT('',(-0.0337982587516308,0.00620624561170846,0.0005));
#15219=CARTESIAN_POINT('',(-0.0337982587516308,0.00620624561170846,0.0005));
#15220=CARTESIAN_POINT('',(-0.0363991948663994,0.00620624561170846,0.0005));
#15221=CARTESIAN_POINT('',(-0.033771732447867,0.0048516106737849,0.0005));
#15222=CARTESIAN_POINT('',(-0.0337452061441032,0.00349697573586134,0.0005));
#15223=CARTESIAN_POINT('',(-0.0337452061441032,0.00349697573586134,0.0005));
#15224=CARTESIAN_POINT('',(-0.033771732447867,0.0048516106737849,0.0005));
#15225=CARTESIAN_POINT('',(-0.0456246910515808,0.0110378419837099,0.0005));
#15226=CARTESIAN_POINT('',(-0.0380429401993751,-0.000815591251011938,0.0005));
#15227=CARTESIAN_POINT('',(-0.0380429401993751,-0.000815591251011938,0.0005));
#15228=CARTESIAN_POINT('',(-0.0456246910515808,0.0110378419837099,0.0005));
#15229=CARTESIAN_POINT('',(-0.0407221801578998,0.0288072496671829,0.0005));
#15230=CARTESIAN_POINT('',(-0.0434014201164245,-0.000815591251011938,0.0005));
#15231=CARTESIAN_POINT('',(-0.0434014201164245,-0.000815591251011938,0.0005));
#15232=CARTESIAN_POINT('',(-0.0407221801578998,0.0288072496671829,0.0005));
#15233=CARTESIAN_POINT('',(-0.040447680935689,0.00572367944549095,0.0005));
#15234=CARTESIAN_POINT('',(-0.040447680935689,0.00572367944549095,0.));
#15235=CARTESIAN_POINT('',(-0.0397236298372262,0.00400380022191645,0.));
#15236=CARTESIAN_POINT('',(-0.0411717320341519,0.00400380022191645,0.));
#15237=CARTESIAN_POINT('',(-0.0397236298372262,0.00400380022191645,0.0005));
#15238=CARTESIAN_POINT('',(-0.0397236298372262,0.00400380022191645,0.0005));
#15239=CARTESIAN_POINT('',(-0.040447680935689,0.00572367944549095,0.0005));
#15240=CARTESIAN_POINT('',(-0.0411717320341519,0.00400380022191645,0.0005));
#15241=CARTESIAN_POINT('',(-0.0411717320341519,0.00400380022191645,0.0005));
#15242=CARTESIAN_POINT('',(-0.0406108339601609,0.00471571953650074,0.0005));
#15243=CARTESIAN_POINT('',(-0.0406108339601609,0.00471571953650074,0.));
#15244=CARTESIAN_POINT('',(-0.0412718378011606,0.00564148094659212,0.));
#15245=CARTESIAN_POINT('',(-0.0412718378011606,0.00564148094659212,0.0005));
#15246=CARTESIAN_POINT('',(-0.0412718378011606,0.00564148094659212,0.0005));
#15247=CARTESIAN_POINT('',(-0.0406108339601609,0.00471571953650074,0.0005));
#15248=CARTESIAN_POINT('',(-0.0419991255925063,0.0116576638740124,0.0005));
#15249=CARTESIAN_POINT('',(-0.0419991255925063,0.0116576638740124,0.));
#15250=CARTESIAN_POINT('',(-0.0415100343525409,0.0105625279247761,0.));
#15251=CARTESIAN_POINT('',(-0.0430887900292874,0.0121588269248605,0.));
#15252=CARTESIAN_POINT('',(-0.0415100343525409,0.0105625279247761,0.0005));
#15253=CARTESIAN_POINT('',(-0.0415100343525409,0.0105625279247761,0.0005));
#15254=CARTESIAN_POINT('',(-0.0419991255925063,0.0116576638740124,0.0005));
#15255=CARTESIAN_POINT('',(-0.0430887900292874,0.0121588269248605,0.0005));
#15256=CARTESIAN_POINT('',(-0.0430887900292874,0.0121588269248605,0.0005));
#15257=CARTESIAN_POINT('',(-0.0401313942997956,0.00488929239708648,0.0005));
#15258=CARTESIAN_POINT('',(-0.0401313942997956,0.00488929239708648,0.));
#15259=CARTESIAN_POINT('',(-0.0401313942997956,0.00488929239708648,0.0005));
#15260=CARTESIAN_POINT('',(-0.0422994121909142,0.0113606774248183,0.0005));
#15261=CARTESIAN_POINT('',(-0.0422994121909142,0.0113606774248183,0.));
#15262=CARTESIAN_POINT('',(-0.0422994121909142,0.0113606774248183,0.0005));
#15263=CARTESIAN_POINT('',(-0.0398577794101247,0.00751553722184858,0.0005));
#15264=CARTESIAN_POINT('',(-0.0398577794101247,0.00751553722184858,0.0005));
#15265=CARTESIAN_POINT('',(-8.00937414169312E-7,7.38352537155151E-6,0.0005));
#15266=CARTESIAN_POINT('',(0.,0.,0.));
#15267=CARTESIAN_POINT('',(0.,0.,0.));
#15268=CARTESIAN_POINT('',(-0.0353940578761381,0.00149323997146123,0.0005));
#15269=CARTESIAN_POINT('',(-0.0365278346798579,0.0231496061155509,0.0005));
#15270=CARTESIAN_POINT('',(-0.0365278346798579,0.0231496061155509,0.0005));
#15271=CARTESIAN_POINT('',(-0.0353940578761381,0.00149323997146123,0.0005));
#15272=CARTESIAN_POINT('',(-0.0415991532710283,0.0222725670911693,0.0005));
#15273=CARTESIAN_POINT('',(-0.0415991532710283,0.0222725670911693,0.0005));
#15274=CARTESIAN_POINT('',(-0.0443894803528839,0.0181002406297605,0.0005));
#15275=CARTESIAN_POINT('',(-0.0351585673842545,0.0195465498162381,0.0005));
#15276=CARTESIAN_POINT('',(-0.0351585673842545,0.0195465498162381,0.0005));
#15277=CARTESIAN_POINT('',(-0.0443894803528839,0.0181002406297605,0.0005));
#15278=CARTESIAN_POINT('',(-0.0366787497528253,0.0208949675733453,0.0005));
#15279=CARTESIAN_POINT('',(-0.0363842968963105,0.0188843750246956,0.0005));
#15280=CARTESIAN_POINT('',(-0.0363842968963105,0.0188843750246956,0.0005));
#15281=CARTESIAN_POINT('',(-0.0366787497528253,0.0208949675733453,0.0005));
#15282=CARTESIAN_POINT('',(-0.0359945421184141,0.0185142508953926,0.0005));
#15283=CARTESIAN_POINT('',(-0.0363842968963105,0.0181441267660896,0.0005));
#15284=CARTESIAN_POINT('',(-0.0363842968963105,0.0181441267660896,0.0005));
#15285=CARTESIAN_POINT('',(-0.0359945421184141,0.0185142508953926,0.0005));
#15286=CARTESIAN_POINT('',(-0.0370936858583918,0.0150425237213097,0.0005));
#15287=CARTESIAN_POINT('',(-0.0347893221313869,0.0172363974552731,0.0005));
#15288=CARTESIAN_POINT('',(-0.0347893221313869,0.0172363974552731,0.0005));
#15289=CARTESIAN_POINT('',(-0.0370936858583918,0.0150425237213097,0.0005));
#15290=CARTESIAN_POINT('',(-0.0358773902863234,0.0166855481167653,0.0005));
#15291=CARTESIAN_POINT('',(-0.0347893221313869,0.0161346987782576,0.0005));
#15292=CARTESIAN_POINT('',(-0.0347893221313869,0.0161346987782576,0.0005));
#15293=CARTESIAN_POINT('',(-0.0358773902863234,0.0166855481167653,0.0005));
#15294=CARTESIAN_POINT('',(-0.0365345744177459,0.0241108461717699,0.0005));
#15295=CARTESIAN_POINT('',(-0.0382798267041048,0.0161346987782576,0.0005));
#15296=CARTESIAN_POINT('',(-0.0382798267041048,0.0161346987782576,0.0005));
#15297=CARTESIAN_POINT('',(-0.0365345744177459,0.0241108461717699,0.0005));
#15298=CARTESIAN_POINT('',(-0.0254313771583917,0.0399665309040163,0.0005));
#15299=CARTESIAN_POINT('',(-0.0407109242875293,0.0176153717007995,0.0005));
#15300=CARTESIAN_POINT('',(-0.0407109242875293,0.0176153717007995,0.0005));
#15301=CARTESIAN_POINT('',(-0.0254313771583917,0.0399665309040163,0.0005));
#15302=CARTESIAN_POINT('',(-0.0330683857047021,0.0214862709397832,0.0005));
#15303=CARTESIAN_POINT('',(-0.0330683857047021,0.0214862709397832,0.0005));
#15304=CARTESIAN_POINT('',(-8.00937414169312E-7,7.38352537155151E-6,0.0005));
#15305=CARTESIAN_POINT('',(0.594438817312778,0.166759785306077,0.0005));
#15306=CARTESIAN_POINT('',(0.016810734162783,-0.00295967555604069,0.0005));
#15307=CARTESIAN_POINT('',(0.016810734162783,-0.00295967555604069,0.0005));
#15308=CARTESIAN_POINT('',(0.594438817312778,0.166759785306077,0.0005));
#15309=CARTESIAN_POINT('',(0.0125152702772168,0.0124099124703118,0.0005));
#15310=CARTESIAN_POINT('',(0.0125152702772168,0.0124099124703118,0.0005));
#15311=CARTESIAN_POINT('',(0.0112893219579191,-0.00034285415442067,0.0005));
#15312=CARTESIAN_POINT('',(0.0105097926131701,-0.00640305885266908,0.0005));
#15313=CARTESIAN_POINT('',(0.0105097926131701,-0.00640305885266908,0.0005));
#15314=CARTESIAN_POINT('',(0.0112893219579191,-0.00034285415442067,0.0005));
#15315=CARTESIAN_POINT('',(0.010876185820092,0.00868452078930634,0.0005));
#15316=CARTESIAN_POINT('',(0.00689110849047344,-0.00587186825853069,0.0005));
#15317=CARTESIAN_POINT('',(0.00689110849047344,-0.00587186825853069,0.0005));
#15318=CARTESIAN_POINT('',(0.010876185820092,0.00868452078930634,0.0005));
#15319=CARTESIAN_POINT('',(0.0104194056315032,0.00970429817880956,0.0005));
#15320=CARTESIAN_POINT('',(-0.000213189927352642,-0.00221265416987937,0.0005));
#15321=CARTESIAN_POINT('',(-0.000213189927352642,-0.00221265416987937,0.0005));
#15322=CARTESIAN_POINT('',(0.0104194056315032,0.00970429817880956,0.0005));
#15323=CARTESIAN_POINT('',(0.347172983326253,0.127687620494517,0.0005));
#15324=CARTESIAN_POINT('',(-0.0041723439385814,0.00891179915517128,0.0005));
#15325=CARTESIAN_POINT('',(-0.0041723439385814,0.00891179915517128,0.0005));
#15326=CARTESIAN_POINT('',(0.347172983326253,0.127687620494517,0.0005));
#15327=CARTESIAN_POINT('',(0.00644614138526533,0.0143443792906118,0.0005));
#15328=CARTESIAN_POINT('',(-0.00544381495767955,0.0152899456095949,0.0005));
#15329=CARTESIAN_POINT('',(-0.00544381495767955,0.0152899456095949,0.0005));
#15330=CARTESIAN_POINT('',(0.00644614138526533,0.0143443792906118,0.0005));
#15331=CARTESIAN_POINT('',(-0.000312075819743537,0.0131081048848303,0.0005));
#15332=CARTESIAN_POINT('',(-0.00299184845468853,0.0179982985571776,0.0005));
#15333=CARTESIAN_POINT('',(-0.00299184845468853,0.0179982985571776,0.0005));
#15334=CARTESIAN_POINT('',(-0.000312075819743537,0.0131081048848303,0.0005));
#15335=CARTESIAN_POINT('',(0.00158920602112075,-0.00111450848262166,0.0005));
#15336=CARTESIAN_POINT('',(0.00459653858400803,0.0183081948283783,0.0005));
#15337=CARTESIAN_POINT('',(0.00459653858400803,0.0183081948283783,0.0005));
#15338=CARTESIAN_POINT('',(0.00158920602112075,-0.00111450848262166,0.0005));
#15339=CARTESIAN_POINT('',(-0.0175127846276777,-0.000688603803625062,0.0005));
#15340=CARTESIAN_POINT('',(-0.0175127846276777,-0.000688603803625062,0.));
#15341=CARTESIAN_POINT('',(0.00504463585093617,0.0108466017991304,0.));
#15342=CARTESIAN_POINT('',(0.00726989842951298,0.00457607163116336,0.));
#15343=CARTESIAN_POINT('',(0.00504463585093617,0.0108466017991304,0.0005));
#15344=CARTESIAN_POINT('',(0.00504463585093617,0.0108466017991304,0.0005));
#15345=CARTESIAN_POINT('',(-0.0175127846276777,-0.000688603803625062,0.0005));
#15346=CARTESIAN_POINT('',(0.00726989842951298,0.00457607163116336,0.0005));
#15347=CARTESIAN_POINT('',(0.00726989842951298,0.00457607163116336,0.0005));
#15348=CARTESIAN_POINT('',(0.00425230746623128,0.0104423407465219,0.0005));
#15349=CARTESIAN_POINT('',(0.00425230746623128,0.0104423407465219,0.));
#15350=CARTESIAN_POINT('',(0.00345997908152639,0.0100380796939135,0.));
#15351=CARTESIAN_POINT('',(0.00345997908152639,0.0100380796939135,0.0005));
#15352=CARTESIAN_POINT('',(0.00345997908152639,0.0100380796939135,0.0005));
#15353=CARTESIAN_POINT('',(0.00425230746623128,0.0104423407465219,0.0005));
#15354=CARTESIAN_POINT('',(0.0227417581160298,0.0134934125787247,0.0005));
#15355=CARTESIAN_POINT('',(0.0227417581160298,0.0134934125787247,0.));
#15356=CARTESIAN_POINT('',(0.00571895763278008,0.00380060123279691,0.));
#15357=CARTESIAN_POINT('',(0.00571895763278008,0.00380060123279691,0.0005));
#15358=CARTESIAN_POINT('',(0.00571895763278008,0.00380060123279691,0.0005));
#15359=CARTESIAN_POINT('',(0.0227417581160298,0.0134934125787247,0.0005));
#15360=CARTESIAN_POINT('',(0.00641335786767412,0.00435047675892495,0.0005));
#15361=CARTESIAN_POINT('',(0.00641335786767412,0.00435047675892495,0.));
#15362=CARTESIAN_POINT('',(0.00641335786767412,0.00435047675892495,0.0005));
#15363=CARTESIAN_POINT('',(0.00395576711332904,0.0091831449769387,0.0005));
#15364=CARTESIAN_POINT('',(0.00395576711332904,0.0091831449769387,0.0005));
#15365=CARTESIAN_POINT('',(-8.00937414169312E-7,7.38352537155151E-6,0.0005));
#15366=CARTESIAN_POINT('',(0.,0.,0.));
#15367=CARTESIAN_POINT('',(-0.0334711322526236,0.00506559550297051,0.0005));
#15368=CARTESIAN_POINT('',(-0.0179131980985403,0.00726465554907919,0.0005));
#15369=CARTESIAN_POINT('',(-0.0179131980985403,0.00726465554907919,0.0005));
#15370=CARTESIAN_POINT('',(-0.0334711322526236,0.00506559550297051,0.0005));
#15371=CARTESIAN_POINT('',(-0.0245475471019745,0.0179982985571776,0.0005));
#15372=CARTESIAN_POINT('',(-0.0245475471019745,0.0179982985571776,0.0005));
#15373=CARTESIAN_POINT('',(-0.0342020165157218,0.00349697573586135,0.0005));
#15374=CARTESIAN_POINT('',(-0.0175162721425295,0.00244485819712281,0.0005));
#15375=CARTESIAN_POINT('',(-0.0175162721425295,0.00244485819712281,0.0005));
#15376=CARTESIAN_POINT('',(-0.0342020165157218,0.00349697573586135,0.0005));
#15377=CARTESIAN_POINT('',(-0.0238331668773501,0.00707098591562572,0.0005));
#15378=CARTESIAN_POINT('',(-0.0215989220887422,-0.000433170731412233,0.0005));
#15379=CARTESIAN_POINT('',(-0.0215989220887422,-0.000433170731412233,0.0005));
#15380=CARTESIAN_POINT('',(-0.0238331668773501,0.00707098591562572,0.0005));
#15381=CARTESIAN_POINT('',(-0.0251003634184599,0.026763903320949,0.0005));
#15382=CARTESIAN_POINT('',(-0.0286018047481775,-0.000433170731412228,0.0005));
#15383=CARTESIAN_POINT('',(-0.0286018047481775,-0.000433170731412228,0.0005));
#15384=CARTESIAN_POINT('',(-0.0251003634184599,0.026763903320949,0.0005));
#15385=CARTESIAN_POINT('',(-0.0239210328166139,0.00831371001285963,0.0005));
#15386=CARTESIAN_POINT('',(-0.0326844565570355,0.00366398389451206,0.0005));
#15387=CARTESIAN_POINT('',(-0.0326844565570355,0.00366398389451206,0.0005));
#15388=CARTESIAN_POINT('',(-0.0239210328166139,0.00831371001285963,0.0005));
#15389=CARTESIAN_POINT('',(-0.0174449230613673,0.0111954216295308,0.0005));
#15390=CARTESIAN_POINT('',(-0.0343288592994213,0.00922092609107495,0.0005));
#15391=CARTESIAN_POINT('',(-0.0343288592994213,0.00922092609107495,0.0005));
#15392=CARTESIAN_POINT('',(-0.0174449230613673,0.0111954216295308,0.0005));
#15393=CARTESIAN_POINT('',(-0.00812190691158173,0.0170377722027743,0.0005));
#15394=CARTESIAN_POINT('',(-0.0349525958299637,0.0117442319169641,0.0005));
#15395=CARTESIAN_POINT('',(-0.0349525958299637,0.0117442319169641,0.0005));
#15396=CARTESIAN_POINT('',(-0.00812190691158173,0.0170377722027743,0.0005));
#15397=CARTESIAN_POINT('',(-0.024095815011659,0.0135170887632795,0.0005));
#15398=CARTESIAN_POINT('',(-0.0349525958299637,0.0152899456095948,0.0005));
#15399=CARTESIAN_POINT('',(-0.0349525958299637,0.0152899456095948,0.0005));
#15400=CARTESIAN_POINT('',(-0.024095815011659,0.0135170887632795,0.0005));
#15401=CARTESIAN_POINT('',(-0.0299295547642402,0.0130151992415543,0.0005));
#15402=CARTESIAN_POINT('',(-0.0313235744833947,0.0183501895517111,0.0005));
#15403=CARTESIAN_POINT('',(-0.0313235744833947,0.0183501895517111,0.0005));
#15404=CARTESIAN_POINT('',(-0.0299295547642402,0.0130151992415543,0.0005));
#15405=CARTESIAN_POINT('',(-0.049119281524675,0.00294672559551389,0.0005));
#15406=CARTESIAN_POINT('',(-0.049119281524675,0.00294672559551389,0.));
#15407=CARTESIAN_POINT('',(-0.0264752749353648,0.0128825968131423,0.));
#15408=CARTESIAN_POINT('',(-0.0247712209820748,0.00726465554907919,0.));
#15409=CARTESIAN_POINT('',(-0.0264752749353648,0.0128825968131423,0.0005));
#15410=CARTESIAN_POINT('',(-0.0264752749353648,0.0128825968131423,0.0005));
#15411=CARTESIAN_POINT('',(-0.049119281524675,0.00294672559551389,0.0005));
#15412=CARTESIAN_POINT('',(-0.0247712209820748,0.00726465554907919,0.0005));
#15413=CARTESIAN_POINT('',(-0.0247712209820748,0.00726465554907919,0.0005));
#15414=CARTESIAN_POINT('',(-0.02711680252105,0.0127422627992928,0.0005));
#15415=CARTESIAN_POINT('',(-0.02711680252105,0.0127422627992928,0.));
#15416=CARTESIAN_POINT('',(-0.0277583301067353,0.0126019287854433,0.));
#15417=CARTESIAN_POINT('',(-0.0277583301067353,0.0126019287854433,0.0005));
#15418=CARTESIAN_POINT('',(-0.0277583301067353,0.0126019287854433,0.0005));
#15419=CARTESIAN_POINT('',(-0.02711680252105,0.0127422627992928,0.0005));
#15420=CARTESIAN_POINT('',(-0.0104992244356133,0.013928079121938,0.0005));
#15421=CARTESIAN_POINT('',(-0.0104992244356133,0.013928079121938,0.));
#15422=CARTESIAN_POINT('',(-0.0264752749353647,0.00726465554907918,0.));
#15423=CARTESIAN_POINT('',(-0.0264752749353647,0.00726465554907918,0.0005));
#15424=CARTESIAN_POINT('',(-0.0264752749353647,0.00726465554907918,0.0005));
#15425=CARTESIAN_POINT('',(-0.0104992244356133,0.013928079121938,0.0005));
#15426=CARTESIAN_POINT('',(-0.0256232479587198,0.00762801703897149,0.0005));
#15427=CARTESIAN_POINT('',(-0.0256232479587198,0.00762801703897149,0.));
#15428=CARTESIAN_POINT('',(-0.0256232479587198,0.00762801703897149,0.0005));
#15429=CARTESIAN_POINT('',(-0.0287436907818931,0.00261285993353571,0.0005));
#15430=CARTESIAN_POINT('',(-0.0287436907818931,0.00261285993353571,0.0005));
#15431=CARTESIAN_POINT('',(-8.00937414169312E-7,7.38352537155151E-6,0.0005));
#15432=CARTESIAN_POINT('',(0.,0.,0.));
#15433=CARTESIAN_POINT('',(0.0157725044097861,-0.0163856499684461,0.0005));
#15434=CARTESIAN_POINT('',(0.0157725044097861,-0.0163856499684461,0.));
#15435=CARTESIAN_POINT('',(0.0132945458498747,-0.010939819150688,0.));
#15436=CARTESIAN_POINT('',(0.0182504629696975,-0.0218314807862043,0.));
#15437=CARTESIAN_POINT('',(0.0132945458498747,-0.010939819150688,0.0005));
#15438=CARTESIAN_POINT('',(0.0132945458498747,-0.010939819150688,0.0005));
#15439=CARTESIAN_POINT('',(0.0157725044097861,-0.0163856499684461,0.0005));
#15440=CARTESIAN_POINT('',(0.0182504629696975,-0.0218314807862043,0.0005));
#15441=CARTESIAN_POINT('',(0.0182504629696975,-0.0218314807862043,0.0005));
#15442=CARTESIAN_POINT('',(0.010550262841908,-0.010939819150688,0.0005));
#15443=CARTESIAN_POINT('',(0.010550262841908,-0.010939819150688,0.));
#15444=CARTESIAN_POINT('',(0.00780597983394135,-0.010939819150688,0.));
#15445=CARTESIAN_POINT('',(0.00780597983394135,-0.010939819150688,0.0005));
#15446=CARTESIAN_POINT('',(0.00780597983394135,-0.010939819150688,0.0005));
#15447=CARTESIAN_POINT('',(0.010550262841908,-0.010939819150688,0.0005));
#15448=CARTESIAN_POINT('',(0.00781633340047821,-0.0128554779351108,0.0005));
#15449=CARTESIAN_POINT('',(0.00781633340047821,-0.0128554779351108,0.));
#15450=CARTESIAN_POINT('',(0.00782668696701508,-0.0147711367195337,0.));
#15451=CARTESIAN_POINT('',(0.00782668696701508,-0.0147711367195337,0.0005));
#15452=CARTESIAN_POINT('',(0.00782668696701508,-0.0147711367195337,0.0005));
#15453=CARTESIAN_POINT('',(0.00781633340047821,-0.0128554779351108,0.0005));
#15454=CARTESIAN_POINT('',(0.00490753783511057,-0.0155212639459769,0.0005));
#15455=CARTESIAN_POINT('',(0.00490753783511057,-0.0155212639459769,0.));
#15456=CARTESIAN_POINT('',(0.0058400639456432,-0.012655165977776,0.));
#15457=CARTESIAN_POINT('',(0.0058400639456432,-0.012655165977776,0.0005));
#15458=CARTESIAN_POINT('',(0.0058400639456432,-0.012655165977776,0.0005));
#15459=CARTESIAN_POINT('',(0.00490753783511057,-0.0155212639459769,0.0005));
#15460=CARTESIAN_POINT('',(0.00439195400762882,-0.012655165977776,0.0005));
#15461=CARTESIAN_POINT('',(0.00439195400762882,-0.012655165977776,0.));
#15462=CARTESIAN_POINT('',(0.00294384406961445,-0.012655165977776,0.));
#15463=CARTESIAN_POINT('',(0.00294384406961445,-0.012655165977776,0.0005));
#15464=CARTESIAN_POINT('',(0.00294384406961445,-0.012655165977776,0.0005));
#15465=CARTESIAN_POINT('',(0.00439195400762882,-0.012655165977776,0.0005));
#15466=CARTESIAN_POINT('',(0.00294384406961445,-0.0118096198363367,0.0005));
#15467=CARTESIAN_POINT('',(0.00294384406961445,-0.0118096198363367,0.));
#15468=CARTESIAN_POINT('',(0.00294384406961445,-0.0109640736948973,0.));
#15469=CARTESIAN_POINT('',(0.00294384406961445,-0.0109640736948973,0.0005));
#15470=CARTESIAN_POINT('',(0.00294384406961445,-0.0109640736948973,0.0005));
#15471=CARTESIAN_POINT('',(0.00294384406961445,-0.0118096198363367,0.0005));
#15472=CARTESIAN_POINT('',(0.00263753111112303,-0.0109640736948973,0.0005));
#15473=CARTESIAN_POINT('',(0.00263753111112303,-0.0109640736948973,0.));
#15474=CARTESIAN_POINT('',(-0.00104325747478007,-0.0109640736948973,0.));
#15475=CARTESIAN_POINT('',(-0.00104325747478007,-0.0109640736948973,0.0005));
#15476=CARTESIAN_POINT('',(-0.00104325747478007,-0.0109640736948973,0.0005));
#15477=CARTESIAN_POINT('',(0.00263753111112303,-0.0109640736948973,0.0005));
#15478=CARTESIAN_POINT('',(-0.00104325747478007,-0.0118096198363367,0.0005));
#15479=CARTESIAN_POINT('',(-0.00104325747478007,-0.0118096198363367,0.));
#15480=CARTESIAN_POINT('',(-0.00104325747478007,-0.012655165977776,0.));
#15481=CARTESIAN_POINT('',(-0.00104325747478007,-0.012655165977776,0.0005));
#15482=CARTESIAN_POINT('',(-0.00104325747478007,-0.012655165977776,0.0005));
#15483=CARTESIAN_POINT('',(-0.00104325747478007,-0.0118096198363367,0.0005));
#15484=CARTESIAN_POINT('',(-0.00477736189795041,-0.012655165977776,0.0005));
#15485=CARTESIAN_POINT('',(-0.00477736189795041,-0.012655165977776,0.));
#15486=CARTESIAN_POINT('',(-0.00851146632112075,-0.012655165977776,0.));
#15487=CARTESIAN_POINT('',(-0.00851146632112075,-0.012655165977776,0.0005));
#15488=CARTESIAN_POINT('',(-0.00851146632112075,-0.012655165977776,0.0005));
#15489=CARTESIAN_POINT('',(-0.00477736189795041,-0.012655165977776,0.0005));
#15490=CARTESIAN_POINT('',(-0.00718371229790967,-0.0145122591909477,0.0005));
#15491=CARTESIAN_POINT('',(-0.00718371229790967,-0.0145122591909477,0.));
#15492=CARTESIAN_POINT('',(-0.00907493700551635,-0.0132335899397731,0.));
#15493=CARTESIAN_POINT('',(-0.00907493700551635,-0.0132335899397731,0.0005));
#15494=CARTESIAN_POINT('',(-0.00907493700551635,-0.0132335899397731,0.0005));
#15495=CARTESIAN_POINT('',(-0.00718371229790967,-0.0145122591909477,0.0005));
#15496=CARTESIAN_POINT('',(-0.00991135641222063,-0.01353567954837,0.0005));
#15497=CARTESIAN_POINT('',(-0.00991135641222063,-0.01353567954837,0.));
#15498=CARTESIAN_POINT('',(-0.00991135641222063,-0.0126463789492845,0.));
#15499=CARTESIAN_POINT('',(-0.00991135641222063,-0.0126463789492845,0.0005));
#15500=CARTESIAN_POINT('',(-0.00991135641222063,-0.0126463789492845,0.0005));
#15501=CARTESIAN_POINT('',(-0.00991135641222063,-0.01353567954837,0.0005));
#15502=CARTESIAN_POINT('',(-0.0114928623442818,-0.0126463789492845,0.0005));
#15503=CARTESIAN_POINT('',(-0.0114928623442818,-0.0126463789492845,0.));
#15504=CARTESIAN_POINT('',(-0.0130743682763429,-0.0126463789492845,0.));
#15505=CARTESIAN_POINT('',(-0.0130743682763429,-0.0126463789492845,0.0005));
#15506=CARTESIAN_POINT('',(-0.0130743682763429,-0.0126463789492845,0.0005));
#15507=CARTESIAN_POINT('',(-0.0114928623442818,-0.0126463789492845,0.0005));
#15508=CARTESIAN_POINT('',(-0.0113823638503761,-0.0184819554454273,0.0005));
#15509=CARTESIAN_POINT('',(-0.0113823638503761,-0.0184819554454273,0.));
#15510=CARTESIAN_POINT('',(-0.0153891383315362,-0.0139143969863653,0.));
#15511=CARTESIAN_POINT('',(-0.0153891383315362,-0.0139143969863653,0.0005));
#15512=CARTESIAN_POINT('',(-0.0153891383315362,-0.0139143969863653,0.0005));
#15513=CARTESIAN_POINT('',(-0.0113823638503761,-0.0184819554454273,0.0005));
#15514=CARTESIAN_POINT('',(-0.0153891383315362,-0.0132871144451201,0.0005));
#15515=CARTESIAN_POINT('',(-0.0153891383315362,-0.0132871144451201,0.));
#15516=CARTESIAN_POINT('',(-0.0153891383315362,-0.0126598319038749,0.));
#15517=CARTESIAN_POINT('',(-0.0153891383315362,-0.0126598319038749,0.0005));
#15518=CARTESIAN_POINT('',(-0.0153891383315362,-0.0126598319038749,0.0005));
#15519=CARTESIAN_POINT('',(-0.0153891383315362,-0.0132871144451201,0.0005));
#15520=CARTESIAN_POINT('',(-0.0156100466432154,-0.0286149499726324,0.0005));
#15521=CARTESIAN_POINT('',(-0.0156100466432154,-0.0286149499726324,0.));
#15522=CARTESIAN_POINT('',(-0.0156100466432154,-0.0126583026722074,0.));
#15523=CARTESIAN_POINT('',(-0.0156100466432154,-0.0126583026722074,0.0005));
#15524=CARTESIAN_POINT('',(-0.0156100466432154,-0.0126583026722074,0.0005));
#15525=CARTESIAN_POINT('',(-0.0156100466432154,-0.0286149499726324,0.0005));
#15526=CARTESIAN_POINT('',(-0.0184044100069217,-0.0126583026722074,0.0005));
#15527=CARTESIAN_POINT('',(-0.0184044100069217,-0.0126583026722074,0.));
#15528=CARTESIAN_POINT('',(-0.0211987733706278,-0.0126583026722074,0.));
#15529=CARTESIAN_POINT('',(-0.0211987733706278,-0.0126583026722074,0.0005));
#15530=CARTESIAN_POINT('',(-0.0211987733706278,-0.0126583026722074,0.0005));
#15531=CARTESIAN_POINT('',(-0.0184044100069217,-0.0126583026722074,0.0005));
#15532=CARTESIAN_POINT('',(-0.0210591192670703,-0.0140137500924188,0.0005));
#15533=CARTESIAN_POINT('',(-0.0210591192670703,-0.0140137500924188,0.));
#15534=CARTESIAN_POINT('',(-0.0221175835629843,-0.013155615888536,0.));
#15535=CARTESIAN_POINT('',(-0.0221175835629843,-0.013155615888536,0.0005));
#15536=CARTESIAN_POINT('',(-0.0221175835629843,-0.013155615888536,0.0005));
#15537=CARTESIAN_POINT('',(-0.0210591192670703,-0.0140137500924188,0.0005));
#15538=CARTESIAN_POINT('',(-0.0217904968677671,-0.00974866267012877,0.0005));
#15539=CARTESIAN_POINT('',(-0.0217904968677671,-0.00974866267012877,0.));
#15540=CARTESIAN_POINT('',(-0.0241406519281449,-0.0122368521988392,0.));
#15541=CARTESIAN_POINT('',(-0.0241406519281449,-0.0122368521988392,0.0005));
#15542=CARTESIAN_POINT('',(-0.0241406519281449,-0.0122368521988392,0.0005));
#15543=CARTESIAN_POINT('',(-0.0217904968677671,-0.00974866267012877,0.0005));
#15544=CARTESIAN_POINT('',(-0.0260077759482317,-0.0122368521988392,0.0005));
#15545=CARTESIAN_POINT('',(-0.0260077759482317,-0.0122368521988392,0.));
#15546=CARTESIAN_POINT('',(-0.0278748999683187,-0.0122368521988392,0.));
#15547=CARTESIAN_POINT('',(-0.0278748999683187,-0.0122368521988392,0.0005));
#15548=CARTESIAN_POINT('',(-0.0278748999683187,-0.0122368521988392,0.0005));
#15549=CARTESIAN_POINT('',(-0.0260077759482317,-0.0122368521988392,0.0005));
#15550=CARTESIAN_POINT('',(-0.0274192928510646,-0.0134664418797404,0.0005));
#15551=CARTESIAN_POINT('',(-0.0274192928510646,-0.0134664418797404,0.));
#15552=CARTESIAN_POINT('',(-0.0284396739531644,-0.0126428576186299,0.));
#15553=CARTESIAN_POINT('',(-0.0284396739531644,-0.0126428576186299,0.0005));
#15554=CARTESIAN_POINT('',(-0.0284396739531644,-0.0126428576186299,0.0005));
#15555=CARTESIAN_POINT('',(-0.0274192928510646,-0.0134664418797404,0.0005));
#15556=CARTESIAN_POINT('',(-0.0355688148206069,-0.0126428576186299,0.0005));
#15557=CARTESIAN_POINT('',(-0.0355688148206069,-0.0126428576186299,0.));
#15558=CARTESIAN_POINT('',(-0.0426979556880495,-0.0126428576186299,0.));
#15559=CARTESIAN_POINT('',(-0.0426979556880495,-0.0126428576186299,0.0005));
#15560=CARTESIAN_POINT('',(-0.0426979556880495,-0.0126428576186299,0.0005));
#15561=CARTESIAN_POINT('',(-0.0355688148206069,-0.0126428576186299,0.0005));
#15562=CARTESIAN_POINT('',(-0.0426979556880495,-0.0130892544984817,0.0005));
#15563=CARTESIAN_POINT('',(-0.0426979556880495,-0.0130892544984817,0.));
#15564=CARTESIAN_POINT('',(-0.0426979556880495,-0.0135356513783336,0.));
#15565=CARTESIAN_POINT('',(-0.0426979556880495,-0.0135356513783336,0.0005));
#15566=CARTESIAN_POINT('',(-0.0426979556880495,-0.0135356513783336,0.0005));
#15567=CARTESIAN_POINT('',(-0.0426979556880495,-0.0130892544984817,0.0005));
#15568=CARTESIAN_POINT('',(-0.0460429366386074,-0.0176219624217035,0.0005));
#15569=CARTESIAN_POINT('',(-0.0460429366386074,-0.0176219624217035,0.));
#15570=CARTESIAN_POINT('',(-0.0442644469439983,-0.0126496581360698,0.));
#15571=CARTESIAN_POINT('',(-0.0442644469439983,-0.0126496581360698,0.0005));
#15572=CARTESIAN_POINT('',(-0.0442644469439983,-0.0126496581360698,0.0005));
#15573=CARTESIAN_POINT('',(-0.0460429366386074,-0.0176219624217035,0.0005));
#15574=CARTESIAN_POINT('',(-0.0459832716733217,-0.0126496581360698,0.0005));
#15575=CARTESIAN_POINT('',(-0.0459832716733217,-0.0126496581360698,0.));
#15576=CARTESIAN_POINT('',(-0.0477020964026451,-0.0126496581360698,0.));
#15577=CARTESIAN_POINT('',(-0.0477020964026451,-0.0126496581360698,0.0005));
#15578=CARTESIAN_POINT('',(-0.0477020964026451,-0.0126496581360698,0.0005));
#15579=CARTESIAN_POINT('',(-0.0459832716733217,-0.0126496581360698,0.0005));
#15580=CARTESIAN_POINT('',(-0.0469631445618703,-0.0154497894587199,0.0005));
#15581=CARTESIAN_POINT('',(-0.0469631445618703,-0.0154497894587199,0.));
#15582=CARTESIAN_POINT('',(-0.0494802267853354,-0.0140176294371486,0.));
#15583=CARTESIAN_POINT('',(-0.0494802267853354,-0.0140176294371486,0.0005));
#15584=CARTESIAN_POINT('',(-0.0494802267853354,-0.0140176294371486,0.0005));
#15585=CARTESIAN_POINT('',(-0.0469631445618703,-0.0154497894587199,0.0005));
#15586=CARTESIAN_POINT('',(-0.0494802267853354,-0.015194933947164,0.0005));
#15587=CARTESIAN_POINT('',(-0.0494802267853354,-0.015194933947164,0.));
#15588=CARTESIAN_POINT('',(-0.0494802267853354,-0.0163722384571794,0.));
#15589=CARTESIAN_POINT('',(-0.0494802267853354,-0.0163722384571794,0.0005));
#15590=CARTESIAN_POINT('',(-0.0494802267853354,-0.0163722384571794,0.0005));
#15591=CARTESIAN_POINT('',(-0.0494802267853354,-0.015194933947164,0.0005));
#15592=CARTESIAN_POINT('',(-0.040183410147982,-0.0145669228870866,0.0005));
#15593=CARTESIAN_POINT('',(-0.040183410147982,-0.0145669228870866,0.));
#15594=CARTESIAN_POINT('',(-0.0457180473977179,-0.0222518272072473,0.));
#15595=CARTESIAN_POINT('',(-0.0457180473977179,-0.0222518272072473,0.0005));
#15596=CARTESIAN_POINT('',(-0.0457180473977179,-0.0222518272072473,0.0005));
#15597=CARTESIAN_POINT('',(-0.040183410147982,-0.0145669228870866,0.0005));
#15598=CARTESIAN_POINT('',(-0.0439872351476031,-0.0222518272072473,0.0005));
#15599=CARTESIAN_POINT('',(-0.0439872351476031,-0.0222518272072473,0.));
#15600=CARTESIAN_POINT('',(-0.0422564228974883,-0.0222518272072473,0.));
#15601=CARTESIAN_POINT('',(-0.0422564228974883,-0.0222518272072473,0.0005));
#15602=CARTESIAN_POINT('',(-0.0422564228974883,-0.0222518272072473,0.0005));
#15603=CARTESIAN_POINT('',(-0.0439872351476031,-0.0222518272072473,0.0005));
#15604=CARTESIAN_POINT('',(-0.0439763567336743,-0.0180528933172081,0.0005));
#15605=CARTESIAN_POINT('',(-0.0439763567336743,-0.0180528933172081,0.));
#15606=CARTESIAN_POINT('',(-0.0402266119328727,-0.0206080121290521,0.));
#15607=CARTESIAN_POINT('',(-0.0402266119328727,-0.0206080121290521,0.0005));
#15608=CARTESIAN_POINT('',(-0.0402266119328727,-0.0206080121290521,0.0005));
#15609=CARTESIAN_POINT('',(-0.0439763567336743,-0.0180528933172081,0.0005));
#15610=CARTESIAN_POINT('',(-0.0400612087626329,-0.0187432302806974,0.0005));
#15611=CARTESIAN_POINT('',(-0.0400612087626329,-0.0187432302806974,0.));
#15612=CARTESIAN_POINT('',(-0.0398958055923931,-0.0168784484323427,0.));
#15613=CARTESIAN_POINT('',(-0.0398958055923931,-0.0168784484323427,0.0005));
#15614=CARTESIAN_POINT('',(-0.0398958055923931,-0.0168784484323427,0.0005));
#15615=CARTESIAN_POINT('',(-0.0400612087626329,-0.0187432302806974,0.0005));
#15616=CARTESIAN_POINT('',(-0.0389334671767601,-0.019355917883516,0.0005));
#15617=CARTESIAN_POINT('',(-0.0389334671767601,-0.019355917883516,0.));
#15618=CARTESIAN_POINT('',(-0.037971128761127,-0.0218333873346894,0.));
#15619=CARTESIAN_POINT('',(-0.037971128761127,-0.0218333873346894,0.0005));
#15620=CARTESIAN_POINT('',(-0.037971128761127,-0.0218333873346894,0.0005));
#15621=CARTESIAN_POINT('',(-0.0389334671767601,-0.019355917883516,0.0005));
#15622=CARTESIAN_POINT('',(-0.0336305795424367,-0.0218333873346894,0.0005));
#15623=CARTESIAN_POINT('',(-0.0336305795424367,-0.0218333873346894,0.));
#15624=CARTESIAN_POINT('',(-0.0292900303237465,-0.0218333873346894,0.));
#15625=CARTESIAN_POINT('',(-0.0292900303237465,-0.0218333873346894,0.0005));
#15626=CARTESIAN_POINT('',(-0.0292900303237465,-0.0218333873346894,0.0005));
#15627=CARTESIAN_POINT('',(-0.0336305795424367,-0.0218333873346894,0.0005));
#15628=CARTESIAN_POINT('',(-0.0281235550852943,-0.0183044372316627,0.0005));
#15629=CARTESIAN_POINT('',(-0.0281235550852943,-0.0183044372316627,0.));
#15630=CARTESIAN_POINT('',(-0.0272988445586302,-0.0219285241316672,0.));
#15631=CARTESIAN_POINT('',(-0.0272988445586302,-0.0219285241316672,0.0005));
#15632=CARTESIAN_POINT('',(-0.0272988445586302,-0.0219285241316672,0.0005));
#15633=CARTESIAN_POINT('',(-0.0281235550852943,-0.0183044372316627,0.0005));
#15634=CARTESIAN_POINT('',(-0.0239250352051949,-0.0251788186049007,0.0005));
#15635=CARTESIAN_POINT('',(-0.0239250352051949,-0.0251788186049007,0.));
#15636=CARTESIAN_POINT('',(-0.0261667594313621,-0.0210652220994234,0.));
#15637=CARTESIAN_POINT('',(-0.0261667594313621,-0.0210652220994234,0.0005));
#15638=CARTESIAN_POINT('',(-0.0261667594313621,-0.0210652220994234,0.0005));
#15639=CARTESIAN_POINT('',(-0.0239250352051949,-0.0251788186049007,0.0005));
#15640=CARTESIAN_POINT('',(-0.0233767765907832,-0.0200833549909783,0.0005));
#15641=CARTESIAN_POINT('',(-0.0233767765907832,-0.0200833549909783,0.));
#15642=CARTESIAN_POINT('',(-0.0257557816803455,-0.0218407399952411,0.));
#15643=CARTESIAN_POINT('',(-0.0257557816803455,-0.0218407399952411,0.0005));
#15644=CARTESIAN_POINT('',(-0.0257557816803455,-0.0218407399952411,0.0005));
#15645=CARTESIAN_POINT('',(-0.0233767765907832,-0.0200833549909783,0.0005));
#15646=CARTESIAN_POINT('',(-0.0241469535976648,-0.0218407399952411,0.0005));
#15647=CARTESIAN_POINT('',(-0.0241469535976648,-0.0218407399952411,0.));
#15648=CARTESIAN_POINT('',(-0.0225381255149841,-0.0218407399952411,0.));
#15649=CARTESIAN_POINT('',(-0.0225381255149841,-0.0218407399952411,0.0005));
#15650=CARTESIAN_POINT('',(-0.0225381255149841,-0.0218407399952411,0.0005));
#15651=CARTESIAN_POINT('',(-0.0241469535976648,-0.0218407399952411,0.0005));
#15652=CARTESIAN_POINT('',(-0.05704258284739,0.01962302296389,0.0005));
#15653=CARTESIAN_POINT('',(-0.05704258284739,0.01962302296389,0.));
#15654=CARTESIAN_POINT('',(-0.0215407516807318,-0.0209900438785553,0.));
#15655=CARTESIAN_POINT('',(-0.0215407516807318,-0.0209900438785553,0.0005));
#15656=CARTESIAN_POINT('',(-0.0215407516807318,-0.0209900438785553,0.0005));
#15657=CARTESIAN_POINT('',(-0.05704258284739,0.01962302296389,0.0005));
#15658=CARTESIAN_POINT('',(-0.0228891920771619,-0.0230014850102613,0.0005));
#15659=CARTESIAN_POINT('',(-0.0228891920771619,-0.0230014850102613,0.));
#15660=CARTESIAN_POINT('',(-0.0207639019936323,-0.0218407399952411,0.));
#15661=CARTESIAN_POINT('',(-0.0207639019936323,-0.0218407399952411,0.0005));
#15662=CARTESIAN_POINT('',(-0.0207639019936323,-0.0218407399952411,0.0005));
#15663=CARTESIAN_POINT('',(-0.0228891920771619,-0.0230014850102613,0.0005));
#15664=CARTESIAN_POINT('',(-0.016818511299789,-0.0218407399952411,0.0005));
#15665=CARTESIAN_POINT('',(-0.016818511299789,-0.0218407399952411,0.));
#15666=CARTESIAN_POINT('',(-0.0128731206059456,-0.0218407399952411,0.));
#15667=CARTESIAN_POINT('',(-0.0128731206059456,-0.0218407399952411,0.0005));
#15668=CARTESIAN_POINT('',(-0.0128731206059456,-0.0218407399952411,0.0005));
#15669=CARTESIAN_POINT('',(-0.016818511299789,-0.0218407399952411,0.0005));
#15670=CARTESIAN_POINT('',(-0.0112701784405219,-0.0213773659437689,0.0005));
#15671=CARTESIAN_POINT('',(-0.0112701784405219,-0.0213773659437689,0.));
#15672=CARTESIAN_POINT('',(-0.0129368435591459,-0.0214571561664343,0.));
#15673=CARTESIAN_POINT('',(-0.0129368435591459,-0.0214571561664343,0.0005));
#15674=CARTESIAN_POINT('',(-0.0129368435591459,-0.0214571561664343,0.0005));
#15675=CARTESIAN_POINT('',(-0.0112701784405219,-0.0213773659437689,0.0005));
#15676=CARTESIAN_POINT('',(-0.0130173822759921,-0.024679164837259,0.0005));
#15677=CARTESIAN_POINT('',(-0.0130173822759921,-0.024679164837259,0.));
#15678=CARTESIAN_POINT('',(-0.0108884293586016,-0.0222593743844893,0.));
#15679=CARTESIAN_POINT('',(-0.0108884293586016,-0.0222593743844893,0.0005));
#15680=CARTESIAN_POINT('',(-0.0108884293586016,-0.0222593743844893,0.0005));
#15681=CARTESIAN_POINT('',(-0.0130173822759921,-0.024679164837259,0.0005));
#15682=CARTESIAN_POINT('',(-0.00938722690201151,-0.0222593743844893,0.0005));
#15683=CARTESIAN_POINT('',(-0.00938722690201151,-0.0222593743844893,0.));
#15684=CARTESIAN_POINT('',(-0.00788602444542144,-0.0222593743844893,0.));
#15685=CARTESIAN_POINT('',(-0.00788602444542144,-0.0222593743844893,0.0005));
#15686=CARTESIAN_POINT('',(-0.00788602444542144,-0.0222593743844893,0.0005));
#15687=CARTESIAN_POINT('',(-0.00938722690201151,-0.0222593743844893,0.0005));
#15688=CARTESIAN_POINT('',(-0.0269252196141708,-0.00262282467852333,0.0005));
#15689=CARTESIAN_POINT('',(-0.0269252196141708,-0.00262282467852333,0.));
#15690=CARTESIAN_POINT('',(-0.00558777502024479,-0.0197341804176148,0.));
#15691=CARTESIAN_POINT('',(-0.00558777502024479,-0.0197341804176148,0.0005));
#15692=CARTESIAN_POINT('',(-0.00558777502024479,-0.0197341804176148,0.0005));
#15693=CARTESIAN_POINT('',(-0.0269252196141708,-0.00262282467852333,0.0005));
#15694=CARTESIAN_POINT('',(0.0117770084540759,-0.011017140242444,0.0005));
#15695=CARTESIAN_POINT('',(0.0117770084540759,-0.011017140242444,0.));
#15696=CARTESIAN_POINT('',(-0.00435725606855018,-0.0218434047339254,0.));
#15697=CARTESIAN_POINT('',(-0.00435725606855018,-0.0218434047339254,0.0005));
#15698=CARTESIAN_POINT('',(-0.00435725606855018,-0.0218434047339254,0.0005));
#15699=CARTESIAN_POINT('',(0.0117770084540759,-0.011017140242444,0.0005));
#15700=CARTESIAN_POINT('',(-0.00187667461836376,-0.0218434047339254,0.0005));
#15701=CARTESIAN_POINT('',(-0.00187667461836376,-0.0218434047339254,0.));
#15702=CARTESIAN_POINT('',(0.000603906831822654,-0.0218434047339254,0.));
#15703=CARTESIAN_POINT('',(0.000603906831822654,-0.0218434047339254,0.0005));
#15704=CARTESIAN_POINT('',(0.000603906831822654,-0.0218434047339254,0.0005));
#15705=CARTESIAN_POINT('',(-0.00187667461836376,-0.0218434047339254,0.0005));
#15706=CARTESIAN_POINT('',(0.6590707769579,-0.0228414209762286,0.0005));
#15707=CARTESIAN_POINT('',(0.6590707769579,-0.0228414209762286,0.));
#15708=CARTESIAN_POINT('',(0.000625655978788942,-0.0173973646892143,0.));
#15709=CARTESIAN_POINT('',(0.000625655978788942,-0.0173973646892143,0.0005));
#15710=CARTESIAN_POINT('',(0.000625655978788942,-0.0173973646892143,0.0005));
#15711=CARTESIAN_POINT('',(0.6590707769579,-0.0228414209762286,0.0005));
#15712=CARTESIAN_POINT('',(0.0438812370742864,-0.00589518098174646,0.0005));
#15713=CARTESIAN_POINT('',(0.0438812370742864,-0.00589518098174646,0.));
#15714=CARTESIAN_POINT('',(0.00206019350648517,-0.0218434047339255,0.));
#15715=CARTESIAN_POINT('',(0.00206019350648517,-0.0218434047339255,0.0005));
#15716=CARTESIAN_POINT('',(0.00206019350648517,-0.0218434047339255,0.0005));
#15717=CARTESIAN_POINT('',(0.0438812370742864,-0.00589518098174646,0.0005));
#15718=CARTESIAN_POINT('',(0.00409354210152994,-0.0218434047339255,0.0005));
#15719=CARTESIAN_POINT('',(0.00409354210152994,-0.0218434047339255,0.));
#15720=CARTESIAN_POINT('',(0.00612689069657472,-0.0218434047339255,0.));
#15721=CARTESIAN_POINT('',(0.00612689069657472,-0.0218434047339255,0.0005));
#15722=CARTESIAN_POINT('',(0.00612689069657472,-0.0218434047339255,0.0005));
#15723=CARTESIAN_POINT('',(0.00409354210152994,-0.0218434047339255,0.0005));
#15724=CARTESIAN_POINT('',(0.00735996774301457,-0.0188269991874219,0.0005));
#15725=CARTESIAN_POINT('',(0.00735996774301457,-0.0188269991874219,0.));
#15726=CARTESIAN_POINT('',(0.00862182024866342,-0.0218314807862043,0.));
#15727=CARTESIAN_POINT('',(0.00862182024866342,-0.0218314807862043,0.0005));
#15728=CARTESIAN_POINT('',(0.00862182024866342,-0.0218314807862043,0.0005));
#15729=CARTESIAN_POINT('',(0.00735996774301457,-0.0188269991874219,0.0005));
#15730=CARTESIAN_POINT('',(-0.00988845646204201,0.00170776151861226,0.0005));
#15731=CARTESIAN_POINT('',(-0.00988845646204201,0.00170776151861226,0.));
#15732=CARTESIAN_POINT('',(0.00926682259887467,-0.021309657022357,0.));
#15733=CARTESIAN_POINT('',(0.00926682259887467,-0.021309657022357,0.0005));
#15734=CARTESIAN_POINT('',(0.00926682259887467,-0.021309657022357,0.0005));
#15735=CARTESIAN_POINT('',(-0.00988845646204201,0.00170776151861226,0.0005));
#15736=CARTESIAN_POINT('',(0.0108237158825112,-0.0206847779278841,0.0005));
#15737=CARTESIAN_POINT('',(0.0108237158825112,-0.0206847779278841,0.));
#15738=CARTESIAN_POINT('',(0.00959919020533562,-0.0218314807862043,0.));
#15739=CARTESIAN_POINT('',(0.00959919020533562,-0.0218314807862043,0.0005));
#15740=CARTESIAN_POINT('',(0.00959919020533562,-0.0218314807862043,0.0005));
#15741=CARTESIAN_POINT('',(0.0108237158825112,-0.0206847779278841,0.0005));
#15742=CARTESIAN_POINT('',(-0.0752490578744899,-0.0229094394277967,0.0005));
#15743=CARTESIAN_POINT('',(-0.0752490578744899,-0.0229094394277967,0.));
#15744=CARTESIAN_POINT('',(-0.039379321038723,-0.00968581810593605,0.));
#15745=CARTESIAN_POINT('',(-0.0385568104684353,-0.0121771907433867,0.));
#15746=CARTESIAN_POINT('',(-0.039379321038723,-0.00968581810593605,0.0005));
#15747=CARTESIAN_POINT('',(-0.039379321038723,-0.00968581810593605,0.0005));
#15748=CARTESIAN_POINT('',(-0.0752490578744899,-0.0229094394277967,0.0005));
#15749=CARTESIAN_POINT('',(-0.0385568104684353,-0.0121771907433867,0.0005));
#15750=CARTESIAN_POINT('',(-0.0385568104684353,-0.0121771907433867,0.0005));
#15751=CARTESIAN_POINT('',(-0.0470787789922135,-0.00647610616615274,0.0005));
#15752=CARTESIAN_POINT('',(-0.0470787789922135,-0.00647610616615274,0.));
#15753=CARTESIAN_POINT('',(-0.0410005003213883,-0.0121891116723418,0.));
#15754=CARTESIAN_POINT('',(-0.0410005003213883,-0.0121891116723418,0.0005));
#15755=CARTESIAN_POINT('',(-0.0410005003213883,-0.0121891116723418,0.0005));
#15756=CARTESIAN_POINT('',(-0.0470787789922135,-0.00647610616615274,0.0005));
#15757=CARTESIAN_POINT('',(-0.00192093746370682,-0.0111062551026605,0.0005));
#15758=CARTESIAN_POINT('',(-0.00192093746370682,-0.0111062551026605,0.));
#15759=CARTESIAN_POINT('',(-0.00192093746370682,-0.0104871000828898,0.));
#15760=CARTESIAN_POINT('',(-0.00192093746370682,-0.0117254101224313,0.));
#15761=CARTESIAN_POINT('',(-0.00192093746370682,-0.0104871000828898,0.0005));
#15762=CARTESIAN_POINT('',(-0.00192093746370682,-0.0104871000828898,0.0005));
#15763=CARTESIAN_POINT('',(-0.00192093746370682,-0.0111062551026605,0.0005));
#15764=CARTESIAN_POINT('',(-0.00192093746370682,-0.0117254101224313,0.0005));
#15765=CARTESIAN_POINT('',(-0.00192093746370682,-0.0117254101224313,0.0005));
#15766=CARTESIAN_POINT('',(-0.00342471493712234,-0.00568871027235767,0.0005));
#15767=CARTESIAN_POINT('',(-0.00342471493712234,-0.00568871027235767,0.));
#15768=CARTESIAN_POINT('',(-0.00492849241053787,-0.000890320461825545,0.));
#15769=CARTESIAN_POINT('',(-0.00492849241053787,-0.000890320461825545,0.0005));
#15770=CARTESIAN_POINT('',(-0.00492849241053787,-0.000890320461825545,0.0005));
#15771=CARTESIAN_POINT('',(-0.00342471493712234,-0.00568871027235767,0.0005));
#15772=CARTESIAN_POINT('',(-0.00817211910498726,-0.000890320461825545,0.0005));
#15773=CARTESIAN_POINT('',(-0.00817211910498726,-0.000890320461825545,0.));
#15774=CARTESIAN_POINT('',(-0.0114157457994366,-0.000890320461825545,0.));
#15775=CARTESIAN_POINT('',(-0.0114157457994366,-0.000890320461825545,0.0005));
#15776=CARTESIAN_POINT('',(-0.0114157457994366,-0.000890320461825545,0.0005));
#15777=CARTESIAN_POINT('',(-0.00817211910498726,-0.000890320461825545,0.0005));
#15778=CARTESIAN_POINT('',(-0.0103526566530715,-0.00413196406971986,0.0005));
#15779=CARTESIAN_POINT('',(-0.0103526566530715,-0.00413196406971986,0.));
#15780=CARTESIAN_POINT('',(-0.0128295612582265,-0.00178604092718441,0.));
#15781=CARTESIAN_POINT('',(-0.0128295612582265,-0.00178604092718441,0.0005));
#15782=CARTESIAN_POINT('',(-0.0128295612582265,-0.00178604092718441,0.0005));
#15783=CARTESIAN_POINT('',(-0.0103526566530715,-0.00413196406971986,0.0005));
#15784=CARTESIAN_POINT('',(-0.0150336885161884,-0.00219464438160175,0.0005));
#15785=CARTESIAN_POINT('',(-0.0150336885161884,-0.00219464438160175,0.));
#15786=CARTESIAN_POINT('',(-0.0132105393548327,-0.000890320461825545,0.));
#15787=CARTESIAN_POINT('',(-0.0132105393548327,-0.000890320461825545,0.0005));
#15788=CARTESIAN_POINT('',(-0.0132105393548327,-0.000890320461825545,0.0005));
#15789=CARTESIAN_POINT('',(-0.0150336885161884,-0.00219464438160175,0.0005));
#15790=CARTESIAN_POINT('',(-0.0153239806137474,-0.000890320461825545,0.0005));
#15791=CARTESIAN_POINT('',(-0.0153239806137474,-0.000890320461825545,0.));
#15792=CARTESIAN_POINT('',(-0.0174374218726622,-0.000890320461825545,0.));
#15793=CARTESIAN_POINT('',(-0.0174374218726622,-0.000890320461825545,0.0005));
#15794=CARTESIAN_POINT('',(-0.0174374218726622,-0.000890320461825545,0.0005));
#15795=CARTESIAN_POINT('',(-0.0153239806137474,-0.000890320461825545,0.0005));
#15796=CARTESIAN_POINT('',(-0.0174374218726622,-0.00171875636717688,0.0005));
#15797=CARTESIAN_POINT('',(-0.0174374218726622,-0.00171875636717688,0.));
#15798=CARTESIAN_POINT('',(-0.0174374218726622,-0.00254719227252822,0.));
#15799=CARTESIAN_POINT('',(-0.0174374218726622,-0.00254719227252822,0.0005));
#15800=CARTESIAN_POINT('',(-0.0174374218726622,-0.00254719227252822,0.0005));
#15801=CARTESIAN_POINT('',(-0.0174374218726622,-0.00171875636717688,0.0005));
#15802=CARTESIAN_POINT('',(-0.0202792932997788,-0.00254719227252822,0.0005));
#15803=CARTESIAN_POINT('',(-0.0202792932997788,-0.00254719227252822,0.));
#15804=CARTESIAN_POINT('',(-0.0231211647268954,-0.00254719227252822,0.));
#15805=CARTESIAN_POINT('',(-0.0231211647268954,-0.00254719227252822,0.0005));
#15806=CARTESIAN_POINT('',(-0.0231211647268954,-0.00254719227252822,0.0005));
#15807=CARTESIAN_POINT('',(-0.0202792932997788,-0.00254719227252822,0.0005));
#15808=CARTESIAN_POINT('',(-0.0222436257539875,-0.00341097272654816,0.0005));
#15809=CARTESIAN_POINT('',(-0.0222436257539875,-0.00341097272654816,0.));
#15810=CARTESIAN_POINT('',(-0.0234736938704506,-0.00335508220337958,0.));
#15811=CARTESIAN_POINT('',(-0.0234736938704506,-0.00335508220337958,0.0005));
#15812=CARTESIAN_POINT('',(-0.0234736938704506,-0.00335508220337958,0.0005));
#15813=CARTESIAN_POINT('',(-0.0222436257539875,-0.00341097272654816,0.0005));
#15814=CARTESIAN_POINT('',(-0.0258349183666311,-0.00553185894211022,0.0005));
#15815=CARTESIAN_POINT('',(-0.0258349183666311,-0.00553185894211022,0.));
#15816=CARTESIAN_POINT('',(-0.0246493792643119,-0.00254719227252822,0.));
#15817=CARTESIAN_POINT('',(-0.0246493792643119,-0.00254719227252822,0.0005));
#15818=CARTESIAN_POINT('',(-0.0246493792643119,-0.00254719227252822,0.0005));
#15819=CARTESIAN_POINT('',(-0.0258349183666311,-0.00553185894211022,0.0005));
#15820=CARTESIAN_POINT('',(-0.0267736605113894,-0.00254719227252822,0.0005));
#15821=CARTESIAN_POINT('',(-0.0267736605113894,-0.00254719227252822,0.));
#15822=CARTESIAN_POINT('',(-0.028897941758467,-0.00254719227252822,0.));
#15823=CARTESIAN_POINT('',(-0.028897941758467,-0.00254719227252822,0.0005));
#15824=CARTESIAN_POINT('',(-0.028897941758467,-0.00254719227252822,0.0005));
#15825=CARTESIAN_POINT('',(-0.0267736605113894,-0.00254719227252822,0.0005));
#15826=CARTESIAN_POINT('',(-0.0276806838937438,-0.00577191126242079,0.0005));
#15827=CARTESIAN_POINT('',(-0.0276806838937438,-0.00577191126242079,0.));
#15828=CARTESIAN_POINT('',(-0.0305014307738474,-0.00379102350401797,0.));
#15829=CARTESIAN_POINT('',(-0.0305014307738474,-0.00379102350401797,0.0005));
#15830=CARTESIAN_POINT('',(-0.0305014307738474,-0.00379102350401797,0.0005));
#15831=CARTESIAN_POINT('',(-0.0276806838937438,-0.00577191126242079,0.0005));
#15832=CARTESIAN_POINT('',(-0.0325112948482347,-0.00383010069657482,0.0005));
#15833=CARTESIAN_POINT('',(-0.0325112948482347,-0.00383010069657482,0.));
#15834=CARTESIAN_POINT('',(-0.0309599910515175,-0.00255161051093328,0.));
#15835=CARTESIAN_POINT('',(-0.0309599910515175,-0.00255161051093328,0.0005));
#15836=CARTESIAN_POINT('',(-0.0309599910515175,-0.00255161051093328,0.0005));
#15837=CARTESIAN_POINT('',(-0.0325112948482347,-0.00383010069657482,0.0005));
#15838=CARTESIAN_POINT('',(-0.0351800011061952,-0.240039273355821,0.0005));
#15839=CARTESIAN_POINT('',(-0.0351800011061952,-0.240039273355821,0.));
#15840=CARTESIAN_POINT('',(-0.0380847968674071,-0.00253188262876533,0.));
#15841=CARTESIAN_POINT('',(-0.0380847968674071,-0.00253188262876533,0.0005));
#15842=CARTESIAN_POINT('',(-0.0380847968674071,-0.00253188262876533,0.0005));
#15843=CARTESIAN_POINT('',(-0.0351800011061952,-0.240039273355821,0.0005));
#15844=CARTESIAN_POINT('',(-0.0401582898881568,-0.00254243927171259,0.0005));
#15845=CARTESIAN_POINT('',(-0.0401582898881568,-0.00254243927171259,0.));
#15846=CARTESIAN_POINT('',(-0.0422317829089066,-0.00255299591465986,0.));
#15847=CARTESIAN_POINT('',(-0.0422317829089066,-0.00255299591465986,0.0005));
#15848=CARTESIAN_POINT('',(-0.0422317829089066,-0.00255299591465986,0.0005));
#15849=CARTESIAN_POINT('',(-0.0401582898881568,-0.00254243927171259,0.0005));
#15850=CARTESIAN_POINT('',(-0.0372009322848227,-0.00918406372727593,0.0005));
#15851=CARTESIAN_POINT('',(-0.0372009322848227,-0.00918406372727593,0.));
#15852=CARTESIAN_POINT('',(-0.0431509633628855,-0.00336361284203997,0.));
#15853=CARTESIAN_POINT('',(-0.0431509633628855,-0.00336361284203997,0.0005));
#15854=CARTESIAN_POINT('',(-0.0431509633628855,-0.00336361284203997,0.0005));
#15855=CARTESIAN_POINT('',(-0.0372009322848227,-0.00918406372727593,0.0005));
#15856=CARTESIAN_POINT('',(-0.0444158966882368,-0.0039452417735234,0.0005));
#15857=CARTESIAN_POINT('',(-0.0444158966882368,-0.0039452417735234,0.));
#15858=CARTESIAN_POINT('',(-0.0444158966882368,-0.00255299591465986,0.));
#15859=CARTESIAN_POINT('',(-0.0444158966882368,-0.00255299591465986,0.0005));
#15860=CARTESIAN_POINT('',(-0.0444158966882368,-0.00255299591465986,0.0005));
#15861=CARTESIAN_POINT('',(-0.0444158966882368,-0.0039452417735234,0.0005));
#15862=CARTESIAN_POINT('',(-0.0460687385576122,-0.00255299591465986,0.0005));
#15863=CARTESIAN_POINT('',(-0.0460687385576122,-0.00255299591465986,0.));
#15864=CARTESIAN_POINT('',(-0.0477215804269875,-0.00255299591465986,0.));
#15865=CARTESIAN_POINT('',(-0.0477215804269875,-0.00255299591465986,0.0005));
#15866=CARTESIAN_POINT('',(-0.0477215804269875,-0.00255299591465986,0.0005));
#15867=CARTESIAN_POINT('',(-0.0460687385576122,-0.00255299591465986,0.0005));
#15868=CARTESIAN_POINT('',(-0.0466346575916081,-0.00560619680436891,0.0005));
#15869=CARTESIAN_POINT('',(-0.0466346575916081,-0.00560619680436891,0.));
#15870=CARTESIAN_POINT('',(-0.0493855912840862,-0.0038927789503187,0.));
#15871=CARTESIAN_POINT('',(-0.0493855912840862,-0.0038927789503187,0.0005));
#15872=CARTESIAN_POINT('',(-0.0493855912840862,-0.0038927789503187,0.0005));
#15873=CARTESIAN_POINT('',(-0.0466346575916081,-0.00560619680436891,0.0005));
#15874=CARTESIAN_POINT('',(-0.0493855912840862,-0.00507480143072275,0.0005));
#15875=CARTESIAN_POINT('',(-0.0493855912840862,-0.00507480143072275,0.));
#15876=CARTESIAN_POINT('',(-0.0493855912840862,-0.00625682391112679,0.));
#15877=CARTESIAN_POINT('',(-0.0493855912840862,-0.00625682391112679,0.0005));
#15878=CARTESIAN_POINT('',(-0.0493855912840862,-0.00625682391112679,0.0005));
#15879=CARTESIAN_POINT('',(-0.0493855912840862,-0.00507480143072275,0.0005));
#15880=CARTESIAN_POINT('',(-0.0427094048540857,-0.00581079681590441,0.0005));
#15881=CARTESIAN_POINT('',(-0.0427094048540857,-0.00581079681590441,0.));
#15882=CARTESIAN_POINT('',(-0.0458402037620544,-0.0117242140695453,0.));
#15883=CARTESIAN_POINT('',(-0.0458402037620544,-0.0117242140695453,0.0005));
#15884=CARTESIAN_POINT('',(-0.0458402037620544,-0.0117242140695453,0.0005));
#15885=CARTESIAN_POINT('',(-0.0427094048540857,-0.00581079681590441,0.0005));
#15886=CARTESIAN_POINT('',(-0.0437660440802574,-0.0117242140695453,0.0005));
#15887=CARTESIAN_POINT('',(-0.0437660440802574,-0.0117242140695453,0.));
#15888=CARTESIAN_POINT('',(-0.0416918843984604,-0.0117242140695453,0.));
#15889=CARTESIAN_POINT('',(-0.0416918843984604,-0.0117242140695453,0.0005));
#15890=CARTESIAN_POINT('',(-0.0416918843984604,-0.0117242140695453,0.0005));
#15891=CARTESIAN_POINT('',(-0.0437660440802574,-0.0117242140695453,0.0005));
#15892=CARTESIAN_POINT('',(-0.0481970418646097,-0.00464416092465683,0.0005));
#15893=CARTESIAN_POINT('',(-0.0481970418646097,-0.00464416092465683,0.));
#15894=CARTESIAN_POINT('',(-0.0402495115995407,-0.0100553520023823,0.));
#15895=CARTESIAN_POINT('',(-0.0402495115995407,-0.0100553520023823,0.0005));
#15896=CARTESIAN_POINT('',(-0.0402495115995407,-0.0100553520023823,0.0005));
#15897=CARTESIAN_POINT('',(-0.0481970418646097,-0.00464416092465683,0.0005));
#15898=CARTESIAN_POINT('',(-0.0402495115995407,-0.00924476189538836,0.0005));
#15899=CARTESIAN_POINT('',(-0.0402495115995407,-0.00924476189538836,0.));
#15900=CARTESIAN_POINT('',(-0.0402495115995407,-0.00843417178839445,0.));
#15901=CARTESIAN_POINT('',(-0.0402495115995407,-0.00843417178839445,0.0005));
#15902=CARTESIAN_POINT('',(-0.0402495115995407,-0.00843417178839445,0.0005));
#15903=CARTESIAN_POINT('',(-0.0402495115995407,-0.00924476189538836,0.0005));
#15904=CARTESIAN_POINT('',(-0.0705744643741334,-0.0142202661994028,0.0005));
#15905=CARTESIAN_POINT('',(-0.0705744643741334,-0.0142202661994028,0.));
#15906=CARTESIAN_POINT('',(-0.040630966424942,-0.00670570833608508,0.));
#15907=CARTESIAN_POINT('',(-0.040630966424942,-0.00670570833608508,0.0005));
#15908=CARTESIAN_POINT('',(-0.040630966424942,-0.00670570833608508,0.0005));
#15909=CARTESIAN_POINT('',(-0.0705744643741334,-0.0142202661994028,0.0005));
#15910=CARTESIAN_POINT('',(-0.0400788639262046,-0.00775873659793937,0.0005));
#15911=CARTESIAN_POINT('',(-0.0400788639262046,-0.00775873659793937,0.));
#15912=CARTESIAN_POINT('',(-0.0398799777030945,-0.00658650370314717,0.));
#15913=CARTESIAN_POINT('',(-0.0398799777030945,-0.00658650370314717,0.0005));
#15914=CARTESIAN_POINT('',(-0.0398799777030945,-0.00658650370314717,0.0005));
#15915=CARTESIAN_POINT('',(-0.0400788639262046,-0.00775873659793937,0.0005));
#15916=CARTESIAN_POINT('',(-0.0546525529703981,-0.0147394313321344,0.0005));
#15917=CARTESIAN_POINT('',(-0.0546525529703981,-0.0147394313321344,0.));
#15918=CARTESIAN_POINT('',(-0.0380447134375572,-0.0117596872150898,0.));
#15919=CARTESIAN_POINT('',(-0.0380447134375572,-0.0117596872150898,0.0005));
#15920=CARTESIAN_POINT('',(-0.0380447134375572,-0.0117596872150898,0.0005));
#15921=CARTESIAN_POINT('',(-0.0546525529703981,-0.0147394313321344,0.0005));
#15922=CARTESIAN_POINT('',(-0.0359785798937082,-0.0117596872150898,0.0005));
#15923=CARTESIAN_POINT('',(-0.0359785798937082,-0.0117596872150898,0.));
#15924=CARTESIAN_POINT('',(-0.0339124463498593,-0.0117596872150898,0.));
#15925=CARTESIAN_POINT('',(-0.0339124463498593,-0.0117596872150898,0.0005));
#15926=CARTESIAN_POINT('',(-0.0339124463498593,-0.0117596872150898,0.0005));
#15927=CARTESIAN_POINT('',(-0.0359785798937082,-0.0117596872150898,0.0005));
#15928=CARTESIAN_POINT('',(-0.0772353958262478,-0.0187068303361379,0.0005));
#15929=CARTESIAN_POINT('',(-0.0772353958262478,-0.0187068303361379,0.));
#15930=CARTESIAN_POINT('',(-0.0351386591792106,-0.00633729062974453,0.));
#15931=CARTESIAN_POINT('',(-0.0351386591792106,-0.00633729062974453,0.0005));
#15932=CARTESIAN_POINT('',(-0.0351386591792106,-0.00633729062974453,0.0005));
#15933=CARTESIAN_POINT('',(-0.0772353958262478,-0.0187068303361379,0.0005));
#15934=CARTESIAN_POINT('',(-0.0347820594906807,-0.00928723065600377,0.0005));
#15935=CARTESIAN_POINT('',(-0.0347820594906807,-0.00928723065600377,0.));
#15936=CARTESIAN_POINT('',(-0.0344254598021508,-0.00633729062974453,0.));
#15937=CARTESIAN_POINT('',(-0.0344254598021508,-0.00633729062974453,0.0005));
#15938=CARTESIAN_POINT('',(-0.0344254598021508,-0.00633729062974453,0.0005));
#15939=CARTESIAN_POINT('',(-0.0347820594906807,-0.00928723065600377,0.0005));
#15940=CARTESIAN_POINT('',(-0.0490373349226278,-0.015666965577631,0.0005));
#15941=CARTESIAN_POINT('',(-0.0490373349226278,-0.015666965577631,0.));
#15942=CARTESIAN_POINT('',(-0.0321473255753517,-0.0117583451792598,0.));
#15943=CARTESIAN_POINT('',(-0.0321473255753517,-0.0117583451792598,0.0005));
#15944=CARTESIAN_POINT('',(-0.0321473255753517,-0.0117583451792598,0.0005));
#15945=CARTESIAN_POINT('',(-0.0490373349226278,-0.015666965577631,0.0005));
#15946=CARTESIAN_POINT('',(-0.0279668234288693,-0.0117583451792598,0.0005));
#15947=CARTESIAN_POINT('',(-0.0279668234288693,-0.0117583451792598,0.));
#15948=CARTESIAN_POINT('',(-0.0237863212823868,-0.0117583451792598,0.));
#15949=CARTESIAN_POINT('',(-0.0237863212823868,-0.0117583451792598,0.0005));
#15950=CARTESIAN_POINT('',(-0.0237863212823868,-0.0117583451792598,0.0005));
#15951=CARTESIAN_POINT('',(-0.0279668234288693,-0.0117583451792598,0.0005));
#15952=CARTESIAN_POINT('',(-0.0225954229698913,-0.0103402619203279,0.0005));
#15953=CARTESIAN_POINT('',(-0.0225954229698913,-0.0103402619203279,0.));
#15954=CARTESIAN_POINT('',(-0.0226664263755083,-0.0121907098218799,0.));
#15955=CARTESIAN_POINT('',(-0.0226664263755083,-0.0121907098218799,0.0005));
#15956=CARTESIAN_POINT('',(-0.0226664263755083,-0.0121907098218799,0.0005));
#15957=CARTESIAN_POINT('',(-0.0225954229698913,-0.0103402619203279,0.0005));
#15958=CARTESIAN_POINT('',(-0.0228970966875593,-0.00974557698132751,0.0005));
#15959=CARTESIAN_POINT('',(-0.0228970966875593,-0.00974557698132751,0.));
#15960=CARTESIAN_POINT('',(-0.0209936741739511,-0.0112976292148232,0.));
#15961=CARTESIAN_POINT('',(-0.0209936741739511,-0.0112976292148232,0.0005));
#15962=CARTESIAN_POINT('',(-0.0209936741739511,-0.0112976292148232,0.0005));
#15963=CARTESIAN_POINT('',(-0.0228970966875593,-0.00974557698132751,0.0005));
#15964=CARTESIAN_POINT('',(-0.0200306735932827,-0.0105267226417839,0.0005));
#15965=CARTESIAN_POINT('',(-0.0200306735932827,-0.0105267226417839,0.));
#15966=CARTESIAN_POINT('',(-0.0200306735932827,-0.0117602813403155,0.));
#15967=CARTESIAN_POINT('',(-0.0200306735932827,-0.0117602813403155,0.0005));
#15968=CARTESIAN_POINT('',(-0.0200306735932827,-0.0117602813403155,0.0005));
#15969=CARTESIAN_POINT('',(-0.0200306735932827,-0.0105267226417839,0.0005));
#15970=CARTESIAN_POINT('',(-0.0149771102367473,-0.0117602813403155,0.0005));
#15971=CARTESIAN_POINT('',(-0.0149771102367473,-0.0117602813403155,0.));
#15972=CARTESIAN_POINT('',(-0.00992354688021199,-0.0117602813403155,0.));
#15973=CARTESIAN_POINT('',(-0.00992354688021199,-0.0117602813403155,0.0005));
#15974=CARTESIAN_POINT('',(-0.00992354688021199,-0.0117602813403155,0.0005));
#15975=CARTESIAN_POINT('',(-0.0149771102367473,-0.0117602813403155,0.0005));
#15976=CARTESIAN_POINT('',(-0.0135820719423344,-0.00937121723305864,0.0005));
#15977=CARTESIAN_POINT('',(-0.0135820719423344,-0.00937121723305864,0.));
#15978=CARTESIAN_POINT('',(-0.00950665651069105,-0.0109471049188675,0.));
#15979=CARTESIAN_POINT('',(-0.00950665651069105,-0.0109471049188675,0.0005));
#15980=CARTESIAN_POINT('',(-0.00950665651069105,-0.0109471049188675,0.0005));
#15981=CARTESIAN_POINT('',(-0.0135820719423344,-0.00937121723305864,0.0005));
#15982=CARTESIAN_POINT('',(-0.00765895860774846,-0.00949665591311535,0.0005));
#15983=CARTESIAN_POINT('',(-0.00765895860774846,-0.00949665591311535,0.));
#15984=CARTESIAN_POINT('',(-0.008400878100202,-0.0117254101224313,0.));
#15985=CARTESIAN_POINT('',(-0.008400878100202,-0.0117254101224313,0.0005));
#15986=CARTESIAN_POINT('',(-0.008400878100202,-0.0117254101224313,0.0005));
#15987=CARTESIAN_POINT('',(-0.00765895860774846,-0.00949665591311535,0.0005));
#15988=CARTESIAN_POINT('',(-0.0106921949644512,-0.00653470865068527,0.0005));
#15989=CARTESIAN_POINT('',(-0.0132774283676349,0.0179223665273151,0.0005));
#15990=CARTESIAN_POINT('',(-0.0132774283676349,0.0179223665273151,0.0005));
#15991=CARTESIAN_POINT('',(-0.0106921949644512,-0.00653470865068527,0.0005));
#15992=CARTESIAN_POINT('',(-0.00897070858627558,0.0179982985571777,0.0005));
#15993=CARTESIAN_POINT('',(-0.00897070858627558,0.0179982985571777,0.0005));
#15994=CARTESIAN_POINT('',(0.0150381952964003,0.021294858472133,0.0005));
#15995=CARTESIAN_POINT('',(-0.0124771827831864,0.013808055780828,0.0005));
#15996=CARTESIAN_POINT('',(-0.0124771827831864,0.013808055780828,0.0005));
#15997=CARTESIAN_POINT('',(0.0150381952964003,0.021294858472133,0.0005));
#15998=CARTESIAN_POINT('',(-0.00531890033971812,0.0147110785230258,0.0005));
#15999=CARTESIAN_POINT('',(-0.00961131416261196,0.00891179915517126,0.0005));
#16000=CARTESIAN_POINT('',(-0.00961131416261196,0.00891179915517126,0.0005));
#16001=CARTESIAN_POINT('',(-0.00531890033971812,0.0147110785230258,0.0005));
#16002=CARTESIAN_POINT('',(-0.00553913867487667,0.0153763144059152,0.0005));
#16003=CARTESIAN_POINT('',(-0.00398813917049614,0.00789520678956428,0.0005));
#16004=CARTESIAN_POINT('',(-0.00398813917049614,0.00789520678956428,0.0005));
#16005=CARTESIAN_POINT('',(-0.00553913867487667,0.0153763144059152,0.0005));
#16006=CARTESIAN_POINT('',(0.150249320666177,0.0573846193912016,0.0005));
#16007=CARTESIAN_POINT('',(-0.000344576990847364,-0.00228005998437314,0.0005));
#16008=CARTESIAN_POINT('',(-0.000344576990847364,-0.00228005998437314,0.0005));
#16009=CARTESIAN_POINT('',(0.150249320666177,0.0573846193912016,0.0005));
#16010=CARTESIAN_POINT('',(-0.00343417362335501,0.00437428858651632,0.0005));
#16011=CARTESIAN_POINT('',(-0.00363148609176278,-0.00295967555604069,0.0005));
#16012=CARTESIAN_POINT('',(-0.00363148609176278,-0.00295967555604069,0.0005));
#16013=CARTESIAN_POINT('',(-0.00343417362335501,0.00437428858651632,0.0005));
#16014=CARTESIAN_POINT('',(-0.00251445848489215,-0.00672338781946525,0.0005));
#16015=CARTESIAN_POINT('',(-0.00139743087802151,-0.0104871000828898,0.0005));
#16016=CARTESIAN_POINT('',(-0.00139743087802151,-0.0104871000828898,0.0005));
#16017=CARTESIAN_POINT('',(-0.00251445848489215,-0.00672338781946525,0.0005));
#16018=CARTESIAN_POINT('',(0.000883458600190917,-0.0104871000828898,0.0005));
#16019=CARTESIAN_POINT('',(0.00316434807840334,-0.0104871000828898,0.0005));
#16020=CARTESIAN_POINT('',(0.00316434807840334,-0.0104871000828898,0.0005));
#16021=CARTESIAN_POINT('',(0.000883458600190917,-0.0104871000828898,0.0005));
#16022=CARTESIAN_POINT('',(-0.00387235183181144,-0.0136682806032191,0.0005));
#16023=CARTESIAN_POINT('',(0.00370540863993793,-0.0121807990530369,0.0005));
#16024=CARTESIAN_POINT('',(0.00370540863993793,-0.0121807990530369,0.0005));
#16025=CARTESIAN_POINT('',(-0.00387235183181144,-0.0136682806032191,0.0005));
#16026=CARTESIAN_POINT('',(0.00510401684510841,-0.0121807990530369,0.0005));
#16027=CARTESIAN_POINT('',(0.00650262505027889,-0.0121807990530369,0.0005));
#16028=CARTESIAN_POINT('',(0.00650262505027889,-0.0121807990530369,0.0005));
#16029=CARTESIAN_POINT('',(0.00510401684510841,-0.0121807990530369,0.0005));
#16030=CARTESIAN_POINT('',(0.00736380128029343,-0.0114279154774416,0.0005));
#16031=CARTESIAN_POINT('',(0.00734514944670144,-0.0125716419686304,0.0005));
#16032=CARTESIAN_POINT('',(0.00734514944670144,-0.0125716419686304,0.0005));
#16033=CARTESIAN_POINT('',(0.00736380128029343,-0.0114279154774416,0.0005));
#16034=CARTESIAN_POINT('',(0.00734514944670144,-0.0115413297850953,0.0005));
#16035=CARTESIAN_POINT('',(0.00734514944670144,-0.0105110176015602,0.0005));
#16036=CARTESIAN_POINT('',(0.00734514944670144,-0.0105110176015602,0.0005));
#16037=CARTESIAN_POINT('',(0.00734514944670144,-0.0115413297850953,0.0005));
#16038=CARTESIAN_POINT('',(0.0107213707519377,-0.0105110176015602,0.0005));
#16039=CARTESIAN_POINT('',(0.0140975920571739,-0.0105110176015602,0.0005));
#16040=CARTESIAN_POINT('',(0.0140975920571739,-0.0105110176015602,0.0005));
#16041=CARTESIAN_POINT('',(0.0107213707519377,-0.0105110176015602,0.0005));
#16042=CARTESIAN_POINT('',(0.112220710771593,0.0283775078096627,0.0005));
#16043=CARTESIAN_POINT('',(0.019157289612031,-0.0214187116952485,0.0005));
#16044=CARTESIAN_POINT('',(0.019157289612031,-0.0214187116952485,0.0005));
#16045=CARTESIAN_POINT('',(0.112220710771593,0.0283775078096627,0.0005));
#16046=CARTESIAN_POINT('',(0.019157289612031,-0.0220906917819512,0.0005));
#16047=CARTESIAN_POINT('',(0.019157289612031,-0.0227626718686538,0.0005));
#16048=CARTESIAN_POINT('',(0.019157289612031,-0.0227626718686538,0.0005));
#16049=CARTESIAN_POINT('',(0.019157289612031,-0.0220906917819512,0.0005));
#16050=CARTESIAN_POINT('',(0.0142857218151573,-0.0227626718686538,0.0005));
#16051=CARTESIAN_POINT('',(0.00941415401828351,-0.0227626718686538,0.0005));
#16052=CARTESIAN_POINT('',(0.00941415401828351,-0.0227626718686538,0.0005));
#16053=CARTESIAN_POINT('',(0.0142857218151573,-0.0227626718686538,0.0005));
#16054=CARTESIAN_POINT('',(0.014557215468041,-0.0207090033423688,0.0005));
#16055=CARTESIAN_POINT('',(0.00910243407792272,-0.0216650344495272,0.0005));
#16056=CARTESIAN_POINT('',(0.00910243407792272,-0.0216650344495272,0.0005));
#16057=CARTESIAN_POINT('',(0.014557215468041,-0.0207090033423688,0.0005));
#16058=CARTESIAN_POINT('',(0.0114939467242502,-0.0244500094525767,0.0005));
#16059=CARTESIAN_POINT('',(0.00823383777161748,-0.0227626718686538,0.0005));
#16060=CARTESIAN_POINT('',(0.00823383777161748,-0.0227626718686538,0.0005));
#16061=CARTESIAN_POINT('',(0.0114939467242502,-0.0244500094525767,0.0005));
#16062=CARTESIAN_POINT('',(0.00716735528070884,-0.0153072162299929,0.0005));
#16063=CARTESIAN_POINT('',(0.00610087278980021,-0.0227626718686538,0.0005));
#16064=CARTESIAN_POINT('',(0.00610087278980021,-0.0227626718686538,0.0005));
#16065=CARTESIAN_POINT('',(0.00716735528070884,-0.0153072162299929,0.0005));
#16066=CARTESIAN_POINT('',(0.000675278223253092,-0.0227626718686538,0.0005));
#16067=CARTESIAN_POINT('',(-0.00475031634329402,-0.0227626718686538,0.0005));
#16068=CARTESIAN_POINT('',(-0.00475031634329402,-0.0227626718686538,0.0005));
#16069=CARTESIAN_POINT('',(0.000675278223253092,-0.0227626718686538,0.0005));
#16070=CARTESIAN_POINT('',(0.0974627094233628,0.0193747502284859,0.0005));
#16071=CARTESIAN_POINT('',(-0.00559207614743623,-0.0206599365858805,0.0005));
#16072=CARTESIAN_POINT('',(-0.00559207614743623,-0.0206599365858805,0.0005));
#16073=CARTESIAN_POINT('',(0.0974627094233628,0.0193747502284859,0.0005));
#16074=CARTESIAN_POINT('',(-0.0174286634917254,-0.0105419567542084,0.0005));
#16075=CARTESIAN_POINT('',(-0.00777814858708552,-0.0227626718686538,0.0005));
#16076=CARTESIAN_POINT('',(-0.00777814858708552,-0.0227626718686538,0.0005));
#16077=CARTESIAN_POINT('',(-0.0174286634917254,-0.0105419567542084,0.0005));
#16078=CARTESIAN_POINT('',(-0.00943241400472476,-0.0227626718686538,0.0005));
#16079=CARTESIAN_POINT('',(-0.011086679422364,-0.0227626718686538,0.0005));
#16080=CARTESIAN_POINT('',(-0.011086679422364,-0.0227626718686538,0.0005));
#16081=CARTESIAN_POINT('',(-0.00943241400472476,-0.0227626718686538,0.0005));
#16082=CARTESIAN_POINT('',(-0.0128431642231585,-0.0241228521870008,0.0005));
#16083=CARTESIAN_POINT('',(-0.0126004257299714,-0.0219145932851132,0.0005));
#16084=CARTESIAN_POINT('',(-0.0126004257299714,-0.0219145932851132,0.0005));
#16085=CARTESIAN_POINT('',(-0.0128431642231585,-0.0241228521870008,0.0005));
#16086=CARTESIAN_POINT('',(-0.0138354196596939,-0.0233975220972257,0.0005));
#16087=CARTESIAN_POINT('',(-0.0120129891245219,-0.0227626718686538,0.0005));
#16088=CARTESIAN_POINT('',(-0.0120129891245219,-0.0227626718686538,0.0005));
#16089=CARTESIAN_POINT('',(-0.0138354196596939,-0.0233975220972257,0.0005));
#16090=CARTESIAN_POINT('',(-0.0166627634637584,-0.0227626718686538,0.0005));
#16091=CARTESIAN_POINT('',(-0.0213125378029948,-0.0227626718686538,0.0005));
#16092=CARTESIAN_POINT('',(-0.0213125378029948,-0.0227626718686538,0.0005));
#16093=CARTESIAN_POINT('',(-0.0166627634637584,-0.0227626718686538,0.0005));
#16094=CARTESIAN_POINT('',(-0.0293989558328982,-0.0238041678557419,0.0005));
#16095=CARTESIAN_POINT('',(-0.0215652146464117,-0.0215442188588367,0.0005));
#16096=CARTESIAN_POINT('',(-0.0215652146464117,-0.0215442188588367,0.0005));
#16097=CARTESIAN_POINT('',(-0.0293989558328982,-0.0238041678557419,0.0005));
#16098=CARTESIAN_POINT('',(-0.00206236970604674,-0.0369304656299222,0.0005));
#16099=CARTESIAN_POINT('',(-0.0224675447949017,-0.0227626718686538,0.0005));
#16100=CARTESIAN_POINT('',(-0.0224675447949017,-0.0227626718686538,0.0005));
#16101=CARTESIAN_POINT('',(-0.00206236970604674,-0.0369304656299222,0.0005));
#16102=CARTESIAN_POINT('',(-0.024267509133373,-0.0227626718686538,0.0005));
#16103=CARTESIAN_POINT('',(-0.0260674734718443,-0.0227626718686538,0.0005));
#16104=CARTESIAN_POINT('',(-0.0260674734718443,-0.0227626718686538,0.0005));
#16105=CARTESIAN_POINT('',(-0.024267509133373,-0.0227626718686538,0.0005));
#16106=CARTESIAN_POINT('',(-0.029481655509229,-0.0234027281177658,0.0005));
#16107=CARTESIAN_POINT('',(-0.0263707973136853,-0.0218571304101957,0.0005));
#16108=CARTESIAN_POINT('',(-0.0263707973136853,-0.0218571304101957,0.0005));
#16109=CARTESIAN_POINT('',(-0.029481655509229,-0.0234027281177658,0.0005));
#16110=CARTESIAN_POINT('',(-0.0245162530880686,-0.0240829551446942,0.0005));
#16111=CARTESIAN_POINT('',(-0.0270951059540697,-0.0227626718686538,0.0005));
#16112=CARTESIAN_POINT('',(-0.0270951059540697,-0.0227626718686538,0.0005));
#16113=CARTESIAN_POINT('',(-0.0245162530880686,-0.0240829551446942,0.0005));
#16114=CARTESIAN_POINT('',(-0.0283378662954066,-0.020017666627956,0.0005));
#16115=CARTESIAN_POINT('',(-0.0295806266367435,-0.0227626718686538,0.0005));
#16116=CARTESIAN_POINT('',(-0.0295806266367435,-0.0227626718686538,0.0005));
#16117=CARTESIAN_POINT('',(-0.0283378662954066,-0.020017666627956,0.0005));
#16118=CARTESIAN_POINT('',(-0.0340726745574156,-0.0227626718686538,0.0005));
#16119=CARTESIAN_POINT('',(-0.0385647224780878,-0.0227626718686538,0.0005));
#16120=CARTESIAN_POINT('',(-0.0385647224780878,-0.0227626718686538,0.0005));
#16121=CARTESIAN_POINT('',(-0.0340726745574156,-0.0227626718686538,0.0005));
#16122=CARTESIAN_POINT('',(-0.0360321680597251,-0.0210800781571807,0.0005));
#16123=CARTESIAN_POINT('',(-0.0390555819884585,-0.0207577092762423,0.0005));
#16124=CARTESIAN_POINT('',(-0.0390555819884585,-0.0207577092762423,0.0005));
#16125=CARTESIAN_POINT('',(-0.0360321680597251,-0.0210800781571807,0.0005));
#16126=CARTESIAN_POINT('',(-0.0393413217399066,-0.0207577092762423,0.0005));
#16127=CARTESIAN_POINT('',(-0.0396270614913546,-0.0207577092762423,0.0005));
#16128=CARTESIAN_POINT('',(-0.0396270614913546,-0.0207577092762423,0.0005));
#16129=CARTESIAN_POINT('',(-0.0393413217399066,-0.0207577092762423,0.0005));
#16130=CARTESIAN_POINT('',(-0.0418933230178306,-0.0205038457157986,0.0005));
#16131=CARTESIAN_POINT('',(-0.0418933230178306,-0.0227842816420432,0.0005));
#16132=CARTESIAN_POINT('',(-0.0418933230178306,-0.0227842816420432,0.0005));
#16133=CARTESIAN_POINT('',(-0.0418933230178306,-0.0205038457157986,0.0005));
#16134=CARTESIAN_POINT('',(-0.0440739531288772,-0.0227842816420432,0.0005));
#16135=CARTESIAN_POINT('',(-0.0462545832399239,-0.0227842816420432,0.0005));
#16136=CARTESIAN_POINT('',(-0.0462545832399239,-0.0227842816420432,0.0005));
#16137=CARTESIAN_POINT('',(-0.0440739531288772,-0.0227842816420432,0.0005));
#16138=CARTESIAN_POINT('',(-0.0422514501131807,-0.0160656445252937,0.0005));
#16139=CARTESIAN_POINT('',(-0.0499384701251984,-0.0175060898980277,0.0005));
#16140=CARTESIAN_POINT('',(-0.0499384701251984,-0.0175060898980277,0.0005));
#16141=CARTESIAN_POINT('',(-0.0422514501131807,-0.0160656445252937,0.0005));
#16142=CARTESIAN_POINT('',(-0.0499384701251984,-0.0155369787934312,0.0005));
#16143=CARTESIAN_POINT('',(-0.0499384701251984,-0.0135678676888347,0.0005));
#16144=CARTESIAN_POINT('',(-0.0499384701251984,-0.0135678676888347,0.0005));
#16145=CARTESIAN_POINT('',(-0.0499384701251984,-0.0155369787934312,0.0005));
#16146=CARTESIAN_POINT('',(-0.047628677909938,-0.0144970662044152,0.0005));
#16147=CARTESIAN_POINT('',(-0.048223190009594,-0.0120794009417295,0.0005));
#16148=CARTESIAN_POINT('',(-0.048223190009594,-0.0120794009417295,0.0005));
#16149=CARTESIAN_POINT('',(-0.047628677909938,-0.0144970662044152,0.0005));
#16150=CARTESIAN_POINT('',(-0.0474576931446791,-0.0120794009417295,0.0005));
#16151=CARTESIAN_POINT('',(-0.0466921962797642,-0.0120794009417295,0.0005));
#16152=CARTESIAN_POINT('',(-0.0466921962797642,-0.0120794009417295,0.0005));
#16153=CARTESIAN_POINT('',(-0.0474576931446791,-0.0120794009417295,0.0005));
#16154=CARTESIAN_POINT('',(-0.0430961116459272,-0.00633484963327646,0.0005));
#16155=CARTESIAN_POINT('',(-0.0498734042048454,-0.00633484963327646,0.0005));
#16156=CARTESIAN_POINT('',(-0.0498734042048454,-0.00633484963327646,0.0005));
#16157=CARTESIAN_POINT('',(-0.0430961116459272,-0.00633484963327646,0.0005));
#16158=CARTESIAN_POINT('',(-0.0498734042048454,-0.00485347083304077,0.0005));
#16159=CARTESIAN_POINT('',(-0.0498734042048454,-0.00337209203280509,0.0005));
#16160=CARTESIAN_POINT('',(-0.0498734042048454,-0.00337209203280509,0.0005));
#16161=CARTESIAN_POINT('',(-0.0498734042048454,-0.00485347083304077,0.0005));
#16162=CARTESIAN_POINT('',(-0.0476661977859071,-0.00454665277925788,0.0005));
#16163=CARTESIAN_POINT('',(-0.0481652676721043,-0.00209669719361934,0.0005));
#16164=CARTESIAN_POINT('',(-0.0481652676721043,-0.00209669719361934,0.0005));
#16165=CARTESIAN_POINT('',(-0.0476661977859071,-0.00454665277925788,0.0005));
#16166=CARTESIAN_POINT('',(-0.0462727594951603,-0.00210143816276153,0.0005));
#16167=CARTESIAN_POINT('',(-0.0443802513182164,-0.00210617913190373,0.0005));
#16168=CARTESIAN_POINT('',(-0.0443802513182164,-0.00210617913190373,0.0005));
#16169=CARTESIAN_POINT('',(-0.0462727594951603,-0.00210143816276153,0.0005));
#16170=CARTESIAN_POINT('',(-0.0412252067620884,-0.00210617913190373,0.0005));
#16171=CARTESIAN_POINT('',(-0.0380701622059604,-0.00210617913190373,0.0005));
#16172=CARTESIAN_POINT('',(-0.0380701622059604,-0.00210617913190373,0.0005));
#16173=CARTESIAN_POINT('',(-0.0412252067620884,-0.00210617913190373,0.0005));
#16174=CARTESIAN_POINT('',(-0.0352520866018949,0.175875303819579,0.0005));
#16175=CARTESIAN_POINT('',(-0.0309238483237526,-0.00207585851752626,0.0005));
#16176=CARTESIAN_POINT('',(-0.0309238483237526,-0.00207585851752626,0.0005));
#16177=CARTESIAN_POINT('',(-0.0352520866018949,0.175875303819579,0.0005));
#16178=CARTESIAN_POINT('',(-0.0267019287237178,-0.00207585851752626,0.0005));
#16179=CARTESIAN_POINT('',(-0.0179133825004101,-0.00207585851752626,0.0005));
#16180=CARTESIAN_POINT('',(-0.0179133825004101,-0.00207585851752626,0.0005));
#16181=CARTESIAN_POINT('',(-0.0267019287237178,-0.00207585851752626,0.0005));
#16182=CARTESIAN_POINT('',(-0.0179133825004101,-0.00123148832864807,0.0005));
#16183=CARTESIAN_POINT('',(-0.0179133825004101,-0.000387118139769882,0.0005));
#16184=CARTESIAN_POINT('',(-0.0179133825004101,-0.000387118139769882,0.0005));
#16185=CARTESIAN_POINT('',(-0.0179133825004101,-0.00123148832864807,0.0005));
#16186=CARTESIAN_POINT('',(-0.0130445780164551,-0.000405294950891798,0.0005));
#16187=CARTESIAN_POINT('',(-0.00817577353250005,-0.000423471762013714,0.0005));
#16188=CARTESIAN_POINT('',(-0.00817577353250005,-0.000423471762013714,0.0005));
#16189=CARTESIAN_POINT('',(-0.0130445780164551,-0.000405294950891798,0.0005));
#16190=CARTESIAN_POINT('',(-0.00634467950342108,-0.000428321246712981,0.0005));
#16191=CARTESIAN_POINT('',(-0.00451358547434211,-0.000433170731412247,0.0005));
#16192=CARTESIAN_POINT('',(-0.00451358547434211,-0.000433170731412247,0.0005));
#16193=CARTESIAN_POINT('',(-0.00634467950342108,-0.000428321246712981,0.0005));
#16194=CARTESIAN_POINT('',(-0.00328109811294758,0.0956450947337824,0.0005));
#16195=CARTESIAN_POINT('',(-0.0124771827831864,-1.38777878078145E-17,0.0005));
#16196=CARTESIAN_POINT('',(-0.0124771827831864,-1.38777878078145E-17,0.0005));
#16197=CARTESIAN_POINT('',(-0.00328109811294758,0.0956450947337824,0.0005));
#16198=CARTESIAN_POINT('',(-0.00710740810738802,0.00776413830790187,0.0005));
#16199=CARTESIAN_POINT('',(-0.0153125235810876,0.00309590483084321,0.0005));
#16200=CARTESIAN_POINT('',(-0.0153125235810876,0.00309590483084321,0.0005));
#16201=CARTESIAN_POINT('',(-0.00710740810738802,0.00776413830790187,0.0005));
#16202=CARTESIAN_POINT('',(0.00964030132255784,0.0179681409997269,0.0005));
#16203=CARTESIAN_POINT('',(-0.0188021417707205,0.0120643870905042,0.0005));
#16204=CARTESIAN_POINT('',(-0.0188021417707205,0.0120643870905042,0.0005));
#16205=CARTESIAN_POINT('',(0.00964030132255784,0.0179681409997269,0.0005));
#16206=CARTESIAN_POINT('',(0.0167632157252199,0.0250137182069307,0.0005));
#16207=CARTESIAN_POINT('',(-0.020555378869176,0.0186968892812729,0.0005));
#16208=CARTESIAN_POINT('',(-0.020555378869176,0.0186968892812729,0.0005));
#16209=CARTESIAN_POINT('',(0.0167632157252199,0.0250137182069307,0.0005));
#16210=CARTESIAN_POINT('',(-0.0216242698952555,0.00965310817829012,0.0005));
#16211=CARTESIAN_POINT('',(-0.0226931609213352,0.0186968892812729,0.0005));
#16212=CARTESIAN_POINT('',(-0.0226931609213352,0.0186968892812729,0.0005));
#16213=CARTESIAN_POINT('',(-0.0216242698952555,0.00965310817829012,0.0005));
#16214=CARTESIAN_POINT('',(-0.00860215248359328,0.0262065074253487,0.0005));
#16215=CARTESIAN_POINT('',(-0.0245475471019745,0.025372676551342,0.0005));
#16216=CARTESIAN_POINT('',(-0.0245475471019745,0.025372676551342,0.0005));
#16217=CARTESIAN_POINT('',(-0.00860215248359328,0.0262065074253487,0.0005));
#16218=CARTESIAN_POINT('',(-0.0156216209201117,-0.00749945738694883,0.0005));
#16219=CARTESIAN_POINT('',(-0.0112634031102061,0.0262830127030611,0.0005));
#16220=CARTESIAN_POINT('',(-0.0112634031102061,0.0262830127030611,0.0005));
#16221=CARTESIAN_POINT('',(-0.0156216209201117,-0.00749945738694883,0.0005));
#16222=CARTESIAN_POINT('',(-0.0397786553949118,-0.0121831512078643,0.0005));
#16223=CARTESIAN_POINT('',(-0.0397786553949118,-0.0121831512078643,0.));
#16224=CARTESIAN_POINT('',(-0.0397786553949118,-0.0121831512078643,0.0005));
#16225=CARTESIAN_POINT('',(-0.00516090778195441,-0.0117254101224313,0.0005));
#16226=CARTESIAN_POINT('',(-0.00516090778195441,-0.0117254101224313,0.));
#16227=CARTESIAN_POINT('',(-0.00516090778195441,-0.0117254101224313,0.0005));
#16228=CARTESIAN_POINT('',(0.109585874299449,0.0552669950083361,0.0005));
#16229=CARTESIAN_POINT('',(0.109585874299449,0.0552669950083361,0.0005));
#16230=CARTESIAN_POINT('',(0.0139248265875166,-0.0218314807862043,0.0005));
#16231=CARTESIAN_POINT('',(0.0139248265875166,-0.0218314807862043,0.));
#16232=CARTESIAN_POINT('',(0.0139248265875166,-0.0218314807862043,0.0005));
#16233=CARTESIAN_POINT('',(-8.00937414169312E-7,7.38352537155151E-6,0.0005));
#16234=CARTESIAN_POINT('',(0.,0.,0.));
#16235=CARTESIAN_POINT('',(0.,0.,0.));
#16236=CARTESIAN_POINT('',(-0.0458514048862745,-0.0134173634072015,0.));
#16237=CARTESIAN_POINT('',(-0.0443706353420401,-0.0134173634072015,0.));
#16238=CARTESIAN_POINT('',(-0.0473321744305089,-0.0134173634072015,0.));
#16239=CARTESIAN_POINT('',(-0.0469689094691626,-0.0150876484613208,0.));
#16240=CARTESIAN_POINT('',(-0.0486298713482534,-0.0146838920615412,0.));
#16241=CARTESIAN_POINT('',(-0.0486298713482534,-0.0155616861053512,0.));
#16242=CARTESIAN_POINT('',(-0.0486298713482534,-0.0164394801491612,0.));
#16243=CARTESIAN_POINT('',(-0.0475523235436774,-0.0164394801491612,0.));
#16244=CARTESIAN_POINT('',(-0.0481914582000697,-0.0173070146799696,0.));
#16245=CARTESIAN_POINT('',(-0.046316457753592,-0.0173070146799696,0.));
#16246=CARTESIAN_POINT('',(-0.0444414573071143,-0.0173070146799696,0.));
#16247=CARTESIAN_POINT('',(-0.0479420560212247,-0.0197404284207419,0.));
#16248=CARTESIAN_POINT('',(-0.0436809504072721,-0.0198770766470479,0.));
#16249=CARTESIAN_POINT('',(-0.0443623550671942,-0.0190918187801454,0.));
#16250=CARTESIAN_POINT('',(-0.044611709770364,-0.0201011574052375,0.));
#16251=CARTESIAN_POINT('',(-0.00368446381767656,-0.0059505079795379,0.));
#16252=CARTESIAN_POINT('',(-0.0452634562246526,-0.0180528933172081,0.));
#16253=CARTESIAN_POINT('',(-0.046511153476613,-0.0180528933172081,0.));
#16254=CARTESIAN_POINT('',(-0.0477588507285735,-0.0180528933172081,0.));
#16255=CARTESIAN_POINT('',(-0.0477588507285735,-0.0185157427161487,0.));
#16256=CARTESIAN_POINT('',(-0.0477588507285735,-0.0189785921150893,0.));
#16257=CARTESIAN_POINT('',(-0.0441571520293236,-0.0180887552221147,0.));
#16258=CARTESIAN_POINT('',(-0.0456363799660182,-0.021491096758113,0.));
#16259=CARTESIAN_POINT('',(-0.0439769062083855,-0.021491096758113,0.));
#16260=CARTESIAN_POINT('',(-0.0423174324507528,-0.021491096758113,0.));
#16261=CARTESIAN_POINT('',(-0.0423174324507528,-0.0200611472702076,0.));
#16262=CARTESIAN_POINT('',(-0.0410037325205869,-0.020625902112102,0.));
#16263=CARTESIAN_POINT('',(-0.0410037325205869,-0.0193535470635856,0.));
#16264=CARTESIAN_POINT('',(-0.0410037325205869,-0.0180811920150692,0.));
#16265=CARTESIAN_POINT('',(-0.0459173480371752,-0.0180811920150692,0.));
#16266=CARTESIAN_POINT('',(0.0108880414627492,-0.0117530892603099,0.));
#16267=CARTESIAN_POINT('',(0.00893297512084246,-0.0117667345330119,0.));
#16268=CARTESIAN_POINT('',(0.012843107804656,-0.011739443987608,0.));
#16269=CARTESIAN_POINT('',(0.0096098673529923,-0.0164186782203615,0.));
#16270=CARTESIAN_POINT('',(0.0102867595851421,-0.021070621907711,0.));
#16271=CARTESIAN_POINT('',(0.0115302410462111,-0.021070621907711,0.));
#16272=CARTESIAN_POINT('',(0.01277372250728,-0.021070621907711,0.));
#16273=CARTESIAN_POINT('',(0.0129844268224383,-0.0202868662044108,0.));
#16274=CARTESIAN_POINT('',(0.0131951311375965,-0.0195031105011107,0.));
#16275=CARTESIAN_POINT('',(0.0138416431936287,-0.0202868662044108,0.));
#16276=CARTESIAN_POINT('',(0.0144881552496609,-0.021070621907711,0.));
#16277=CARTESIAN_POINT('',(0.0157781607677071,-0.021070621907711,0.));
#16278=CARTESIAN_POINT('',(0.0170681662857533,-0.021070621907711,0.));
#16279=CARTESIAN_POINT('',(0.0149556370452046,-0.0164050329476595,0.));
#16280=CARTESIAN_POINT('',(0.0024092982269799,-0.0125641583559105,0.));
#16281=CARTESIAN_POINT('',(0.00262970320312839,-0.0133761318013155,0.));
#16282=CARTESIAN_POINT('',(0.00218889325083142,-0.0117521849105054,0.));
#16283=CARTESIAN_POINT('',(0.00097576072702677,-0.0117521849105054,0.));
#16284=CARTESIAN_POINT('',(-0.000237371796777881,-0.0117521849105054,0.));
#16285=CARTESIAN_POINT('',(0.00103496914141223,-0.0164235386865528,0.));
#16286=CARTESIAN_POINT('',(0.00230731007960235,-0.0210948924626001,0.));
#16287=CARTESIAN_POINT('',(0.00418214295051067,-0.0210948924626001,0.));
#16288=CARTESIAN_POINT('',(0.00605697582141898,-0.0210948924626001,0.));
#16289=CARTESIAN_POINT('',(0.00739042310255571,-0.0189674038157217,0.));
#16290=CARTESIAN_POINT('',(0.00872387038369244,-0.0210948924626001,0.));
#16291=CARTESIAN_POINT('',(-0.00409295327315295,-0.0209938538783581,0.));
#16292=CARTESIAN_POINT('',(0.00625906217330579,-0.013436277967892,0.));
#16293=CARTESIAN_POINT('',(0.00444438268821709,-0.0134062048846038,0.));
#16294=CARTESIAN_POINT('',(-0.0231555431430739,-0.0173895102213793,0.));
#16295=CARTESIAN_POINT('',(-0.0237253596185605,-0.0151494489565498,0.));
#16296=CARTESIAN_POINT('',(-0.0225857266675874,-0.0196295714862088,0.));
#16297=CARTESIAN_POINT('',(-0.023532585726879,-0.015158764719566,0.));
#16298=CARTESIAN_POINT('',(-0.0233398118351974,-0.0151680804825823,0.));
#16299=CARTESIAN_POINT('',(-0.0233398118351974,-0.014513004415747,0.));
#16300=CARTESIAN_POINT('',(-0.0233398118351974,-0.0138579283489116,0.));
#16301=CARTESIAN_POINT('',(-0.0236436082931863,-0.0138579283489116,0.));
#16302=CARTESIAN_POINT('',(-0.0239474047511752,-0.0138579283489116,0.));
#16303=CARTESIAN_POINT('',(-0.0240917558664038,-0.0134098018152855,0.));
#16304=CARTESIAN_POINT('',(-0.0242361069816324,-0.0129616752816594,0.));
#16305=CARTESIAN_POINT('',(-0.0257206764005642,-0.0129616752816594,0.));
#16306=CARTESIAN_POINT('',(-0.027205245819496,-0.0129616752816594,0.));
#16307=CARTESIAN_POINT('',(-0.027205245819496,-0.0133938216144406,0.));
#16308=CARTESIAN_POINT('',(-0.027205245819496,-0.0138259679472218,0.));
#16309=CARTESIAN_POINT('',(-0.0274150368350626,-0.0138259679472218,0.));
#16310=CARTESIAN_POINT('',(-0.0276248278506292,-0.0138259679472218,0.));
#16311=CARTESIAN_POINT('',(-0.0276248278506292,-0.0143966149709394,0.));
#16312=CARTESIAN_POINT('',(-0.0276248278506292,-0.0149672619946569,0.));
#16313=CARTESIAN_POINT('',(-0.0271944185768361,-0.0149672619946569,0.));
#16314=CARTESIAN_POINT('',(-0.0267640093030429,-0.0149672619946569,0.));
#16315=CARTESIAN_POINT('',(-0.0261078775888093,-0.0174918630179637,0.));
#16316=CARTESIAN_POINT('',(-0.0254517458745757,-0.0200164640412703,0.));
#16317=CARTESIAN_POINT('',(-0.0244563732624918,-0.0205937134569739,0.));
#16318=CARTESIAN_POINT('',(-0.0254517458745757,-0.0211709628726774,0.));
#16319=CARTESIAN_POINT('',(-0.0244186455359647,-0.0138254392924254,0.));
#16320=CARTESIAN_POINT('',(-0.0225857266675874,-0.0210132359923623,0.));
#16321=CARTESIAN_POINT('',(-0.0233117967916381,-0.0203214037392856,0.));
#16322=CARTESIAN_POINT('',(-0.0126370568986526,-0.0189398939480337,0.));
#16323=CARTESIAN_POINT('',(-0.00991135641222063,-0.0134408522760953,0.));
#16324=CARTESIAN_POINT('',(-0.00669233966592065,-0.0174137093345906,0.));
#16325=CARTESIAN_POINT('',(-0.0115817130015655,-0.013437637127233,0.));
#16326=CARTESIAN_POINT('',(-0.0132520695909103,-0.0134344219783708,0.));
#16327=CARTESIAN_POINT('',(-0.0118978334713465,-0.0157650670779659,0.));
#16328=CARTESIAN_POINT('',(-0.0141077550455724,-0.0173084752169781,0.));
#16329=CARTESIAN_POINT('',(-0.0121832425951005,-0.0173084752169781,0.));
#16330=CARTESIAN_POINT('',(-0.0102587301446286,-0.0173084752169781,0.));
#16331=CARTESIAN_POINT('',(-0.0125185417341999,-0.0199001635031186,0.));
#16332=CARTESIAN_POINT('',(-0.00908614422336545,-0.0201056967619745,0.));
#16333=CARTESIAN_POINT('',(-0.00967243718399704,-0.018730368407302,0.));
#16334=CARTESIAN_POINT('',(-0.0102587301446286,-0.0201056967619745,0.));
#16335=CARTESIAN_POINT('',(-0.00822543607639571,-0.018574299775751,0.));
#16336=CARTESIAN_POINT('',(-0.0107243235472444,-0.0180895081655091,0.));
#16337=CARTESIAN_POINT('',(-0.012010106892062,-0.0180895081655091,0.));
#16338=CARTESIAN_POINT('',(-0.0132958902368796,-0.0180895081655091,0.));
#16339=CARTESIAN_POINT('',(-0.0132958902368796,-0.018938583496982,0.));
#16340=CARTESIAN_POINT('',(-0.0132958902368796,-0.0197876588284549,0.));
#16341=CARTESIAN_POINT('',(-0.0105259737507157,-0.0184831506270993,0.));
#16342=CARTESIAN_POINT('',(-0.0116363280386921,-0.0213364456246239,0.));
#16343=CARTESIAN_POINT('',(-0.00979819195657943,-0.0213364456246239,0.));
#16344=CARTESIAN_POINT('',(-0.00796005587446673,-0.0213364456246239,0.));
#16345=CARTESIAN_POINT('',(-0.00805775279523248,-0.0198985802529207,0.));
#16346=CARTESIAN_POINT('',(-0.00669233966592065,-0.0203597185204429,0.));
#16347=CARTESIAN_POINT('',(-0.00669233966592065,-0.0188867139275167,0.));
#16348=CARTESIAN_POINT('',(-0.0175053907856715,-0.017885219562786,0.));
#16349=CARTESIAN_POINT('',(-0.0166332643170135,-0.0210017964713715,0.));
#16350=CARTESIAN_POINT('',(-0.0183775172543294,-0.0147686426542006,0.));
#16351=CARTESIAN_POINT('',(-0.0166189909422353,-0.0210360476050428,0.));
#16352=CARTESIAN_POINT('',(-0.016604717567457,-0.021070298738714,0.));
#16353=CARTESIAN_POINT('',(-0.0152208346706473,-0.021070298738714,0.));
#16354=CARTESIAN_POINT('',(-0.0138369517738376,-0.021070298738714,0.));
#16355=CARTESIAN_POINT('',(-0.015022789021084,-0.0172411146996825,0.));
#16356=CARTESIAN_POINT('',(-0.0162086262683305,-0.0134119306606511,0.));
#16357=CARTESIAN_POINT('',(-0.0190514967380924,-0.0134119306606511,0.));
#16358=CARTESIAN_POINT('',(-0.0218943672078545,-0.0134119306606511,0.));
#16359=CARTESIAN_POINT('',(-0.019955000449224,-0.0148828052691798,0.));
#16360=CARTESIAN_POINT('',(-0.0218943672078545,-0.0163536798777085,0.));
#16361=CARTESIAN_POINT('',(-0.0211728072187002,-0.0187109536380273,0.));
#16362=CARTESIAN_POINT('',(-0.0204512472295461,-0.0210682273983461,0.));
#16363=CARTESIAN_POINT('',(-0.0191525208063002,-0.0210682273983461,0.));
#16364=CARTESIAN_POINT('',(-0.0178537943830544,-0.0210682273983461,0.));
#16365=CARTESIAN_POINT('',(-0.0186550240708977,-0.0179184350262734,0.));
#16366=CARTESIAN_POINT('',(-0.0194562537587409,-0.0147686426542006,0.));
#16367=CARTESIAN_POINT('',(-0.0189168855065352,-0.0153812050540632,0.));
#16368=CARTESIAN_POINT('',(-0.00423144838566407,-0.0160144334889459,0.));
#16369=CARTESIAN_POINT('',(-0.00571185524900895,-0.013436277967892,0.));
#16370=CARTESIAN_POINT('',(-0.00275104152231918,-0.0185925890099997,0.));
#16371=CARTESIAN_POINT('',(-0.00668248058483854,-0.013436277967892,0.));
#16372=CARTESIAN_POINT('',(-0.00765310592066813,-0.013436277967892,0.));
#16373=CARTESIAN_POINT('',(-0.00578612289043213,-0.0172571758221895,0.));
#16374=CARTESIAN_POINT('',(-0.00391913986019614,-0.0210780736764868,0.));
#16375=CARTESIAN_POINT('',(-0.00207590745538754,-0.0210780736764868,0.));
#16376=CARTESIAN_POINT('',(-0.000232675050578946,-0.0210780736764868,0.));
#16377=CARTESIAN_POINT('',(-0.000633757600501029,-0.0172271027389012,0.));
#16378=CARTESIAN_POINT('',(-0.00103484015042311,-0.0133761318013155,0.));
#16379=CARTESIAN_POINT('',(-0.00220031674568238,-0.0133761318013155,0.));
#16380=CARTESIAN_POINT('',(-0.00336579334094165,-0.0133761318013155,0.));
#16381=CARTESIAN_POINT('',(-0.00305841743163041,-0.0159843604056576,0.));
#16382=CARTESIAN_POINT('',(-0.0283410288407967,-0.0161981004357082,0.));
#16383=CARTESIAN_POINT('',(-0.0292326833061053,-0.0134858726900104,0.));
#16384=CARTESIAN_POINT('',(-0.0274493743754879,-0.0189103281814059,0.));
#16385=CARTESIAN_POINT('',(-0.0292434517682793,-0.0134568987029133,0.));
#16386=CARTESIAN_POINT('',(-0.0292542202304533,-0.0134279247158163,0.));
#16387=CARTESIAN_POINT('',(-0.0304334526209523,-0.0134279247158163,0.));
#16388=CARTESIAN_POINT('',(-0.0316126850114512,-0.0134279247158163,0.));
#16389=CARTESIAN_POINT('',(-0.0308310749303513,-0.0165415728367568,0.));
#16390=CARTESIAN_POINT('',(-0.0300494648492513,-0.0196552209576973,0.));
#16391=CARTESIAN_POINT('',(-0.0305096254455125,-0.0196552209576973,0.));
#16392=CARTESIAN_POINT('',(-0.0309697860417738,-0.0196552209576973,0.));
#16393=CARTESIAN_POINT('',(-0.0319898317538806,-0.0165506702879589,0.));
#16394=CARTESIAN_POINT('',(-0.0330098774659873,-0.0134461196182205,0.));
#16395=CARTESIAN_POINT('',(-0.0343086037458523,-0.0134461196182205,0.));
#16396=CARTESIAN_POINT('',(-0.0356073300257172,-0.0134461196182205,0.));
#16397=CARTESIAN_POINT('',(-0.034527976114973,-0.0172764054702922,0.));
#16398=CARTESIAN_POINT('',(-0.0334486222042287,-0.021106691322364,0.));
#16399=CARTESIAN_POINT('',(-0.0319724428048541,-0.021106691322364,0.));
#16400=CARTESIAN_POINT('',(-0.0304962634054796,-0.021106691322364,0.));
#16401=CARTESIAN_POINT('',(-0.0302728641273654,-0.0208861082180371,0.));
#16402=CARTESIAN_POINT('',(-0.0300494648492513,-0.0206655251137102,0.));
#16403=CARTESIAN_POINT('',(-0.0287494196123696,-0.0197879266475581,0.));
#16404=CARTESIAN_POINT('',(-0.0360986162013499,-0.0172568067117201,0.));
#16405=CARTESIAN_POINT('',(-0.0349378275708784,-0.0210710159842468,0.));
#16406=CARTESIAN_POINT('',(-0.0372594048318214,-0.0134425974391935,0.));
#16407=CARTESIAN_POINT('',(-0.0385177707393248,-0.0134425974391935,0.));
#16408=CARTESIAN_POINT('',(-0.0397761366468282,-0.0134425974391935,0.));
#16409=CARTESIAN_POINT('',(-0.0397761366468282,-0.0138701772176691,0.));
#16410=CARTESIAN_POINT('',(-0.0397761366468282,-0.0142977569961446,0.));
#16411=CARTESIAN_POINT('',(-0.0417942753562973,-0.015882901393199,0.));
#16412=CARTESIAN_POINT('',(-0.0414650348497007,-0.0133378734367738,0.));
#16413=CARTESIAN_POINT('',(-0.0414650348497007,-0.0142900408574699,0.));
#16414=CARTESIAN_POINT('',(-0.0414650348497007,-0.015242208278166,0.));
#16415=CARTESIAN_POINT('',(-0.0417810901789265,-0.0183897071946512,0.));
#16416=CARTESIAN_POINT('',(-0.0390556750433061,-0.0167838576565754,0.));
#16417=CARTESIAN_POINT('',(-0.03835927543401,-0.0189280941833516,0.));
#16418=CARTESIAN_POINT('',(-0.0376628758247141,-0.0210723307101277,0.));
#16419=CARTESIAN_POINT('',(-0.0363003516977963,-0.0210716733471873,0.));
#16420=CARTESIAN_POINT('',(-0.00668248058483854,-0.013436277967892,0.0005));
#16421=CARTESIAN_POINT('',(-0.00571185524900895,-0.013436277967892,0.0005));
#16422=CARTESIAN_POINT('',(-0.00571185524900895,-0.013436277967892,0.0005));
#16423=CARTESIAN_POINT('',(-0.00668248058483854,-0.013436277967892,0.0005));
#16424=CARTESIAN_POINT('',(-0.00765310592066813,-0.013436277967892,0.0005));
#16425=CARTESIAN_POINT('',(-0.00765310592066813,-0.013436277967892,0.0005));
#16426=CARTESIAN_POINT('',(-0.00423144838566407,-0.0160144334889459,0.0005));
#16427=CARTESIAN_POINT('',(-0.00275104152231918,-0.0185925890099997,0.0005));
#16428=CARTESIAN_POINT('',(-0.00275104152231918,-0.0185925890099997,0.0005));
#16429=CARTESIAN_POINT('',(-0.00423144838566407,-0.0160144334889459,0.0005));
#16430=CARTESIAN_POINT('',(-0.00305841743163041,-0.0159843604056576,0.0005));
#16431=CARTESIAN_POINT('',(-0.00336579334094165,-0.0133761318013155,0.0005));
#16432=CARTESIAN_POINT('',(-0.00336579334094165,-0.0133761318013155,0.0005));
#16433=CARTESIAN_POINT('',(-0.00305841743163041,-0.0159843604056576,0.0005));
#16434=CARTESIAN_POINT('',(-0.00220031674568238,-0.0133761318013155,0.0005));
#16435=CARTESIAN_POINT('',(-0.00103484015042311,-0.0133761318013155,0.0005));
#16436=CARTESIAN_POINT('',(-0.00103484015042311,-0.0133761318013155,0.0005));
#16437=CARTESIAN_POINT('',(-0.00220031674568238,-0.0133761318013155,0.0005));
#16438=CARTESIAN_POINT('',(-0.000633757600501029,-0.0172271027389012,0.0005));
#16439=CARTESIAN_POINT('',(-0.000232675050578946,-0.0210780736764868,0.0005));
#16440=CARTESIAN_POINT('',(-0.000232675050578946,-0.0210780736764868,0.0005));
#16441=CARTESIAN_POINT('',(-0.000633757600501029,-0.0172271027389012,0.0005));
#16442=CARTESIAN_POINT('',(-0.00207590745538754,-0.0210780736764868,0.0005));
#16443=CARTESIAN_POINT('',(-0.00391913986019614,-0.0210780736764868,0.0005));
#16444=CARTESIAN_POINT('',(-0.00391913986019614,-0.0210780736764868,0.0005));
#16445=CARTESIAN_POINT('',(-0.00207590745538754,-0.0210780736764868,0.0005));
#16446=CARTESIAN_POINT('',(-0.00578612289043213,-0.0172571758221895,0.0005));
#16447=CARTESIAN_POINT('',(-0.00578612289043213,-0.0172571758221895,0.0005));
#16448=CARTESIAN_POINT('',(-8.00937414169312E-7,7.38352537155151E-6,0.0005));
#16449=CARTESIAN_POINT('',(-0.0166189909422353,-0.0210360476050428,0.0005));
#16450=CARTESIAN_POINT('',(-0.0166332643170135,-0.0210017964713715,0.0005));
#16451=CARTESIAN_POINT('',(-0.0166332643170135,-0.0210017964713715,0.0005));
#16452=CARTESIAN_POINT('',(-0.0166189909422353,-0.0210360476050428,0.0005));
#16453=CARTESIAN_POINT('',(-0.016604717567457,-0.021070298738714,0.0005));
#16454=CARTESIAN_POINT('',(-0.016604717567457,-0.021070298738714,0.0005));
#16455=CARTESIAN_POINT('',(-0.0175053907856715,-0.017885219562786,0.0005));
#16456=CARTESIAN_POINT('',(-0.0183775172543294,-0.0147686426542006,0.0005));
#16457=CARTESIAN_POINT('',(-0.0183775172543294,-0.0147686426542006,0.0005));
#16458=CARTESIAN_POINT('',(-0.0175053907856715,-0.017885219562786,0.0005));
#16459=CARTESIAN_POINT('',(-0.0189168855065352,-0.0153812050540632,0.0005));
#16460=CARTESIAN_POINT('',(-0.0194562537587409,-0.0147686426542006,0.0005));
#16461=CARTESIAN_POINT('',(-0.0194562537587409,-0.0147686426542006,0.0005));
#16462=CARTESIAN_POINT('',(-0.0189168855065352,-0.0153812050540632,0.0005));
#16463=CARTESIAN_POINT('',(-0.0186550240708977,-0.0179184350262734,0.0005));
#16464=CARTESIAN_POINT('',(-0.0178537943830544,-0.0210682273983461,0.0005));
#16465=CARTESIAN_POINT('',(-0.0178537943830544,-0.0210682273983461,0.0005));
#16466=CARTESIAN_POINT('',(-0.0186550240708977,-0.0179184350262734,0.0005));
#16467=CARTESIAN_POINT('',(-0.0191525208063002,-0.0210682273983461,0.0005));
#16468=CARTESIAN_POINT('',(-0.0204512472295461,-0.0210682273983461,0.0005));
#16469=CARTESIAN_POINT('',(-0.0204512472295461,-0.0210682273983461,0.0005));
#16470=CARTESIAN_POINT('',(-0.0191525208063002,-0.0210682273983461,0.0005));
#16471=CARTESIAN_POINT('',(-0.0211728072187002,-0.0187109536380273,0.0005));
#16472=CARTESIAN_POINT('',(-0.0218943672078545,-0.0163536798777085,0.0005));
#16473=CARTESIAN_POINT('',(-0.0218943672078545,-0.0163536798777085,0.0005));
#16474=CARTESIAN_POINT('',(-0.0211728072187002,-0.0187109536380273,0.0005));
#16475=CARTESIAN_POINT('',(-0.019955000449224,-0.0148828052691798,0.0005));
#16476=CARTESIAN_POINT('',(-0.0218943672078545,-0.0134119306606511,0.0005));
#16477=CARTESIAN_POINT('',(-0.0218943672078545,-0.0134119306606511,0.0005));
#16478=CARTESIAN_POINT('',(-0.019955000449224,-0.0148828052691798,0.0005));
#16479=CARTESIAN_POINT('',(-0.0190514967380924,-0.0134119306606511,0.0005));
#16480=CARTESIAN_POINT('',(-0.0162086262683305,-0.0134119306606511,0.0005));
#16481=CARTESIAN_POINT('',(-0.0162086262683305,-0.0134119306606511,0.0005));
#16482=CARTESIAN_POINT('',(-0.0190514967380924,-0.0134119306606511,0.0005));
#16483=CARTESIAN_POINT('',(-0.015022789021084,-0.0172411146996825,0.0005));
#16484=CARTESIAN_POINT('',(-0.0138369517738376,-0.021070298738714,0.0005));
#16485=CARTESIAN_POINT('',(-0.0138369517738376,-0.021070298738714,0.0005));
#16486=CARTESIAN_POINT('',(-0.015022789021084,-0.0172411146996825,0.0005));
#16487=CARTESIAN_POINT('',(-0.0152208346706473,-0.021070298738714,0.0005));
#16488=CARTESIAN_POINT('',(-0.0152208346706473,-0.021070298738714,0.0005));
#16489=CARTESIAN_POINT('',(-8.00937414169312E-7,7.38352537155151E-6,0.0005));
#16490=CARTESIAN_POINT('',(-0.0115817130015655,-0.013437637127233,0.0005));
#16491=CARTESIAN_POINT('',(-0.00991135641222063,-0.0134408522760953,0.0005));
#16492=CARTESIAN_POINT('',(-0.00991135641222063,-0.0134408522760953,0.0005));
#16493=CARTESIAN_POINT('',(-0.0115817130015655,-0.013437637127233,0.0005));
#16494=CARTESIAN_POINT('',(-0.0132520695909103,-0.0134344219783708,0.0005));
#16495=CARTESIAN_POINT('',(-0.0132520695909103,-0.0134344219783708,0.0005));
#16496=CARTESIAN_POINT('',(-0.0126370568986526,-0.0189398939480337,0.0005));
#16497=CARTESIAN_POINT('',(-0.00669233966592065,-0.0174137093345906,0.0005));
#16498=CARTESIAN_POINT('',(-0.00669233966592065,-0.0174137093345906,0.0005));
#16499=CARTESIAN_POINT('',(-0.0126370568986526,-0.0189398939480337,0.0005));
#16500=CARTESIAN_POINT('',(-0.00669233966592065,-0.0188867139275167,0.0005));
#16501=CARTESIAN_POINT('',(-0.00669233966592065,-0.0203597185204429,0.0005));
#16502=CARTESIAN_POINT('',(-0.00669233966592065,-0.0203597185204429,0.0005));
#16503=CARTESIAN_POINT('',(-0.00669233966592065,-0.0188867139275167,0.0005));
#16504=CARTESIAN_POINT('',(-0.00805775279523248,-0.0198985802529207,0.0005));
#16505=CARTESIAN_POINT('',(-0.00796005587446673,-0.0213364456246239,0.0005));
#16506=CARTESIAN_POINT('',(-0.00796005587446673,-0.0213364456246239,0.0005));
#16507=CARTESIAN_POINT('',(-0.00805775279523248,-0.0198985802529207,0.0005));
#16508=CARTESIAN_POINT('',(-0.00979819195657943,-0.0213364456246239,0.0005));
#16509=CARTESIAN_POINT('',(-0.0116363280386921,-0.0213364456246239,0.0005));
#16510=CARTESIAN_POINT('',(-0.0116363280386921,-0.0213364456246239,0.0005));
#16511=CARTESIAN_POINT('',(-0.00979819195657943,-0.0213364456246239,0.0005));
#16512=CARTESIAN_POINT('',(-0.0105259737507157,-0.0184831506270993,0.0005));
#16513=CARTESIAN_POINT('',(-0.0132958902368796,-0.0197876588284549,0.0005));
#16514=CARTESIAN_POINT('',(-0.0132958902368796,-0.0197876588284549,0.0005));
#16515=CARTESIAN_POINT('',(-0.0105259737507157,-0.0184831506270993,0.0005));
#16516=CARTESIAN_POINT('',(-0.0132958902368796,-0.018938583496982,0.0005));
#16517=CARTESIAN_POINT('',(-0.0132958902368796,-0.0180895081655091,0.0005));
#16518=CARTESIAN_POINT('',(-0.0132958902368796,-0.0180895081655091,0.0005));
#16519=CARTESIAN_POINT('',(-0.0132958902368796,-0.018938583496982,0.0005));
#16520=CARTESIAN_POINT('',(-0.012010106892062,-0.0180895081655091,0.0005));
#16521=CARTESIAN_POINT('',(-0.0107243235472444,-0.0180895081655091,0.0005));
#16522=CARTESIAN_POINT('',(-0.0107243235472444,-0.0180895081655091,0.0005));
#16523=CARTESIAN_POINT('',(-0.012010106892062,-0.0180895081655091,0.0005));
#16524=CARTESIAN_POINT('',(-0.00822543607639571,-0.018574299775751,0.0005));
#16525=CARTESIAN_POINT('',(-0.0102587301446286,-0.0201056967619745,0.0005));
#16526=CARTESIAN_POINT('',(-0.0102587301446286,-0.0201056967619745,0.0005));
#16527=CARTESIAN_POINT('',(-0.00822543607639571,-0.018574299775751,0.0005));
#16528=CARTESIAN_POINT('',(-0.00967243718399704,-0.018730368407302,0.0005));
#16529=CARTESIAN_POINT('',(-0.00908614422336545,-0.0201056967619745,0.0005));
#16530=CARTESIAN_POINT('',(-0.00908614422336545,-0.0201056967619745,0.0005));
#16531=CARTESIAN_POINT('',(-0.00967243718399704,-0.018730368407302,0.0005));
#16532=CARTESIAN_POINT('',(-0.0125185417341999,-0.0199001635031186,0.0005));
#16533=CARTESIAN_POINT('',(-0.0102587301446286,-0.0173084752169781,0.0005));
#16534=CARTESIAN_POINT('',(-0.0102587301446286,-0.0173084752169781,0.0005));
#16535=CARTESIAN_POINT('',(-0.0125185417341999,-0.0199001635031186,0.0005));
#16536=CARTESIAN_POINT('',(-0.0121832425951005,-0.0173084752169781,0.0005));
#16537=CARTESIAN_POINT('',(-0.0141077550455724,-0.0173084752169781,0.0005));
#16538=CARTESIAN_POINT('',(-0.0141077550455724,-0.0173084752169781,0.0005));
#16539=CARTESIAN_POINT('',(-0.0121832425951005,-0.0173084752169781,0.0005));
#16540=CARTESIAN_POINT('',(-0.012750650000857,-0.0161544108633372,0.0005));
#16541=CARTESIAN_POINT('',(-0.012750650000857,-0.0161544108633372,0.));
#16542=CARTESIAN_POINT('',(-0.010974901728332,-0.0147573985159397,0.));
#16543=CARTESIAN_POINT('',(-0.0104937562718987,-0.0162609759718179,0.));
#16544=CARTESIAN_POINT('',(-0.010974901728332,-0.0147573985159397,0.0005));
#16545=CARTESIAN_POINT('',(-0.010974901728332,-0.0147573985159397,0.0005));
#16546=CARTESIAN_POINT('',(-0.012750650000857,-0.0161544108633372,0.0005));
#16547=CARTESIAN_POINT('',(-0.0104937562718987,-0.0162609759718179,0.0005));
#16548=CARTESIAN_POINT('',(-0.0104937562718987,-0.0162609759718179,0.0005));
#16549=CARTESIAN_POINT('',(-0.0111722633768304,-0.0168395212338924,0.0005));
#16550=CARTESIAN_POINT('',(-0.0111722633768304,-0.0168395212338924,0.));
#16551=CARTESIAN_POINT('',(-0.0118970964103937,-0.0148776844143867,0.));
#16552=CARTESIAN_POINT('',(-0.0118970964103937,-0.0148776844143867,0.0005));
#16553=CARTESIAN_POINT('',(-0.0118970964103937,-0.0148776844143867,0.0005));
#16554=CARTESIAN_POINT('',(-0.0111722633768304,-0.0168395212338924,0.0005));
#16555=CARTESIAN_POINT('',(-0.0355442308587264,-0.0233944496120212,0.0005));
#16556=CARTESIAN_POINT('',(-0.0355442308587264,-0.0233944496120212,0.));
#16557=CARTESIAN_POINT('',(-0.011425974778831,-0.0163211207836867,0.));
#16558=CARTESIAN_POINT('',(-0.011425974778831,-0.0163211207836867,0.0005));
#16559=CARTESIAN_POINT('',(-0.011425974778831,-0.0163211207836867,0.0005));
#16560=CARTESIAN_POINT('',(-0.0355442308587264,-0.0233944496120212,0.0005));
#16561=CARTESIAN_POINT('',(-0.0111606480757918,-0.013179005899579,0.0005));
#16562=CARTESIAN_POINT('',(-0.0111606480757918,-0.013179005899579,0.));
#16563=CARTESIAN_POINT('',(-0.0111606480757918,-0.013179005899579,0.0005));
#16564=CARTESIAN_POINT('',(-0.0118978334713465,-0.0157650670779659,0.0005));
#16565=CARTESIAN_POINT('',(-0.0118978334713465,-0.0157650670779659,0.0005));
#16566=CARTESIAN_POINT('',(-8.00937414169312E-7,7.38352537155151E-6,0.0005));
#16567=CARTESIAN_POINT('',(0.,0.,0.));
#16568=CARTESIAN_POINT('',(-0.023532585726879,-0.015158764719566,0.0005));
#16569=CARTESIAN_POINT('',(-0.0237253596185605,-0.0151494489565498,0.0005));
#16570=CARTESIAN_POINT('',(-0.0237253596185605,-0.0151494489565498,0.0005));
#16571=CARTESIAN_POINT('',(-0.023532585726879,-0.015158764719566,0.0005));
#16572=CARTESIAN_POINT('',(-0.0233398118351974,-0.0151680804825823,0.0005));
#16573=CARTESIAN_POINT('',(-0.0233398118351974,-0.0151680804825823,0.0005));
#16574=CARTESIAN_POINT('',(-0.0231555431430739,-0.0173895102213793,0.0005));
#16575=CARTESIAN_POINT('',(-0.0225857266675874,-0.0196295714862088,0.0005));
#16576=CARTESIAN_POINT('',(-0.0225857266675874,-0.0196295714862088,0.0005));
#16577=CARTESIAN_POINT('',(-0.0231555431430739,-0.0173895102213793,0.0005));
#16578=CARTESIAN_POINT('',(-0.0233117967916381,-0.0203214037392856,0.0005));
#16579=CARTESIAN_POINT('',(-0.0225857266675874,-0.0210132359923623,0.0005));
#16580=CARTESIAN_POINT('',(-0.0225857266675874,-0.0210132359923623,0.0005));
#16581=CARTESIAN_POINT('',(-0.0233117967916381,-0.0203214037392856,0.0005));
#16582=CARTESIAN_POINT('',(-0.0244186455359647,-0.0138254392924254,0.0005));
#16583=CARTESIAN_POINT('',(-0.0254517458745757,-0.0211709628726774,0.0005));
#16584=CARTESIAN_POINT('',(-0.0254517458745757,-0.0211709628726774,0.0005));
#16585=CARTESIAN_POINT('',(-0.0244186455359647,-0.0138254392924254,0.0005));
#16586=CARTESIAN_POINT('',(-0.0244563732624918,-0.0205937134569739,0.0005));
#16587=CARTESIAN_POINT('',(-0.0254517458745757,-0.0200164640412703,0.0005));
#16588=CARTESIAN_POINT('',(-0.0254517458745757,-0.0200164640412703,0.0005));
#16589=CARTESIAN_POINT('',(-0.0244563732624918,-0.0205937134569739,0.0005));
#16590=CARTESIAN_POINT('',(-0.0261078775888093,-0.0174918630179637,0.0005));
#16591=CARTESIAN_POINT('',(-0.0267640093030429,-0.0149672619946569,0.0005));
#16592=CARTESIAN_POINT('',(-0.0267640093030429,-0.0149672619946569,0.0005));
#16593=CARTESIAN_POINT('',(-0.0261078775888093,-0.0174918630179637,0.0005));
#16594=CARTESIAN_POINT('',(-0.0271944185768361,-0.0149672619946569,0.0005));
#16595=CARTESIAN_POINT('',(-0.0276248278506292,-0.0149672619946569,0.0005));
#16596=CARTESIAN_POINT('',(-0.0276248278506292,-0.0149672619946569,0.0005));
#16597=CARTESIAN_POINT('',(-0.0271944185768361,-0.0149672619946569,0.0005));
#16598=CARTESIAN_POINT('',(-0.0276248278506292,-0.0143966149709394,0.0005));
#16599=CARTESIAN_POINT('',(-0.0276248278506292,-0.0138259679472218,0.0005));
#16600=CARTESIAN_POINT('',(-0.0276248278506292,-0.0138259679472218,0.0005));
#16601=CARTESIAN_POINT('',(-0.0276248278506292,-0.0143966149709394,0.0005));
#16602=CARTESIAN_POINT('',(-0.0274150368350626,-0.0138259679472218,0.0005));
#16603=CARTESIAN_POINT('',(-0.027205245819496,-0.0138259679472218,0.0005));
#16604=CARTESIAN_POINT('',(-0.027205245819496,-0.0138259679472218,0.0005));
#16605=CARTESIAN_POINT('',(-0.0274150368350626,-0.0138259679472218,0.0005));
#16606=CARTESIAN_POINT('',(-0.027205245819496,-0.0133938216144406,0.0005));
#16607=CARTESIAN_POINT('',(-0.027205245819496,-0.0129616752816594,0.0005));
#16608=CARTESIAN_POINT('',(-0.027205245819496,-0.0129616752816594,0.0005));
#16609=CARTESIAN_POINT('',(-0.027205245819496,-0.0133938216144406,0.0005));
#16610=CARTESIAN_POINT('',(-0.0257206764005642,-0.0129616752816594,0.0005));
#16611=CARTESIAN_POINT('',(-0.0242361069816324,-0.0129616752816594,0.0005));
#16612=CARTESIAN_POINT('',(-0.0242361069816324,-0.0129616752816594,0.0005));
#16613=CARTESIAN_POINT('',(-0.0257206764005642,-0.0129616752816594,0.0005));
#16614=CARTESIAN_POINT('',(-0.0240917558664038,-0.0134098018152855,0.0005));
#16615=CARTESIAN_POINT('',(-0.0239474047511752,-0.0138579283489116,0.0005));
#16616=CARTESIAN_POINT('',(-0.0239474047511752,-0.0138579283489116,0.0005));
#16617=CARTESIAN_POINT('',(-0.0240917558664038,-0.0134098018152855,0.0005));
#16618=CARTESIAN_POINT('',(-0.0236436082931863,-0.0138579283489116,0.0005));
#16619=CARTESIAN_POINT('',(-0.0233398118351974,-0.0138579283489116,0.0005));
#16620=CARTESIAN_POINT('',(-0.0233398118351974,-0.0138579283489116,0.0005));
#16621=CARTESIAN_POINT('',(-0.0236436082931863,-0.0138579283489116,0.0005));
#16622=CARTESIAN_POINT('',(-0.0233398118351974,-0.014513004415747,0.0005));
#16623=CARTESIAN_POINT('',(-0.0233398118351974,-0.014513004415747,0.0005));
#16624=CARTESIAN_POINT('',(-8.00937414169312E-7,7.38352537155151E-6,0.0005));
#16625=CARTESIAN_POINT('',(-0.0160226369393957,-0.0234475743211768,0.0005));
#16626=CARTESIAN_POINT('',(-0.0160226369393957,-0.0234475743211768,0.));
#16627=CARTESIAN_POINT('',(0.0042334352619946,-0.0148512292653322,0.));
#16628=CARTESIAN_POINT('',(0.00555658480152488,-0.0191414393484593,0.));
#16629=CARTESIAN_POINT('',(0.0042334352619946,-0.0148512292653322,0.0005));
#16630=CARTESIAN_POINT('',(0.0042334352619946,-0.0148512292653322,0.0005));
#16631=CARTESIAN_POINT('',(-0.0160226369393957,-0.0234475743211768,0.0005));
#16632=CARTESIAN_POINT('',(0.00555658480152488,-0.0191414393484593,0.0005));
#16633=CARTESIAN_POINT('',(0.00555658480152488,-0.0191414393484593,0.0005));
#16634=CARTESIAN_POINT('',(0.00374226644635201,-0.0148512292653322,0.0005));
#16635=CARTESIAN_POINT('',(0.00374226644635201,-0.0148512292653322,0.));
#16636=CARTESIAN_POINT('',(0.00325109763070941,-0.0148512292653322,0.));
#16637=CARTESIAN_POINT('',(0.00325109763070941,-0.0148512292653322,0.0005));
#16638=CARTESIAN_POINT('',(0.00325109763070941,-0.0148512292653322,0.0005));
#16639=CARTESIAN_POINT('',(0.00374226644635201,-0.0148512292653322,0.0005));
#16640=CARTESIAN_POINT('',(0.0171135119074561,-0.0132872153896716,0.0005));
#16641=CARTESIAN_POINT('',(0.0171135119074561,-0.0132872153896716,0.));
#16642=CARTESIAN_POINT('',(0.00467448541894555,-0.0196025371551513,0.));
#16643=CARTESIAN_POINT('',(0.00467448541894555,-0.0196025371551513,0.0005));
#16644=CARTESIAN_POINT('',(0.00467448541894555,-0.0196025371551513,0.0005));
#16645=CARTESIAN_POINT('',(0.0171135119074561,-0.0132872153896716,0.0005));
#16646=CARTESIAN_POINT('',(0.0024092982269799,-0.0125641583559105,0.0005));
#16647=CARTESIAN_POINT('',(0.00262970320312839,-0.0133761318013155,0.0005));
#16648=CARTESIAN_POINT('',(0.00262970320312839,-0.0133761318013155,0.0005));
#16649=CARTESIAN_POINT('',(0.0024092982269799,-0.0125641583559105,0.0005));
#16650=CARTESIAN_POINT('',(0.00218889325083142,-0.0117521849105054,0.0005));
#16651=CARTESIAN_POINT('',(0.00218889325083142,-0.0117521849105054,0.0005));
#16652=CARTESIAN_POINT('',(0.00444438268821709,-0.0134062048846038,0.0005));
#16653=CARTESIAN_POINT('',(0.00625906217330579,-0.013436277967892,0.0005));
#16654=CARTESIAN_POINT('',(0.00625906217330579,-0.013436277967892,0.0005));
#16655=CARTESIAN_POINT('',(0.00444438268821709,-0.0134062048846038,0.0005));
#16656=CARTESIAN_POINT('',(-0.00409295327315295,-0.0209938538783581,0.0005));
#16657=CARTESIAN_POINT('',(0.00872387038369244,-0.0210948924626001,0.0005));
#16658=CARTESIAN_POINT('',(0.00872387038369244,-0.0210948924626001,0.0005));
#16659=CARTESIAN_POINT('',(-0.00409295327315295,-0.0209938538783581,0.0005));
#16660=CARTESIAN_POINT('',(0.00739042310255571,-0.0189674038157217,0.0005));
#16661=CARTESIAN_POINT('',(0.00605697582141898,-0.0210948924626001,0.0005));
#16662=CARTESIAN_POINT('',(0.00605697582141898,-0.0210948924626001,0.0005));
#16663=CARTESIAN_POINT('',(0.00739042310255571,-0.0189674038157217,0.0005));
#16664=CARTESIAN_POINT('',(0.00418214295051067,-0.0210948924626001,0.0005));
#16665=CARTESIAN_POINT('',(0.00230731007960235,-0.0210948924626001,0.0005));
#16666=CARTESIAN_POINT('',(0.00230731007960235,-0.0210948924626001,0.0005));
#16667=CARTESIAN_POINT('',(0.00418214295051067,-0.0210948924626001,0.0005));
#16668=CARTESIAN_POINT('',(0.00103496914141223,-0.0164235386865528,0.0005));
#16669=CARTESIAN_POINT('',(-0.000237371796777881,-0.0117521849105054,0.0005));
#16670=CARTESIAN_POINT('',(-0.000237371796777881,-0.0117521849105054,0.0005));
#16671=CARTESIAN_POINT('',(0.00103496914141223,-0.0164235386865528,0.0005));
#16672=CARTESIAN_POINT('',(0.00097576072702677,-0.0117521849105054,0.0005));
#16673=CARTESIAN_POINT('',(0.00097576072702677,-0.0117521849105054,0.0005));
#16674=CARTESIAN_POINT('',(0.00486536572422461,-0.0188934037568512,0.0005));
#16675=CARTESIAN_POINT('',(0.00486536572422461,-0.0188934037568512,0.));
#16676=CARTESIAN_POINT('',(0.00486536572422461,-0.0188934037568512,0.0005));
#16677=CARTESIAN_POINT('',(-8.00937414169312E-7,7.38352537155151E-6,0.0005));
#16678=CARTESIAN_POINT('',(0.0125501472502947,-0.0179180717095732,0.0005));
#16679=CARTESIAN_POINT('',(0.0125501472502947,-0.0179180717095732,0.));
#16680=CARTESIAN_POINT('',(0.0118985967710614,-0.0179882384836674,0.));
#16681=CARTESIAN_POINT('',(0.0132016977295279,-0.0178479049354791,0.));
#16682=CARTESIAN_POINT('',(0.0132016977295279,-0.0178479049354791,0.0005));
#16683=CARTESIAN_POINT('',(0.0132016977295279,-0.0178479049354791,0.0005));
#16684=CARTESIAN_POINT('',(0.0125501472502947,-0.0179180717095732,0.0005));
#16685=CARTESIAN_POINT('',(0.0118985967710614,-0.0179882384836674,0.0005));
#16686=CARTESIAN_POINT('',(0.0118985967710614,-0.0179882384836674,0.0005));
#16687=CARTESIAN_POINT('',(0.0125501472502947,-0.0158932530321181,0.0005));
#16688=CARTESIAN_POINT('',(0.0125501472502947,-0.0158932530321181,0.));
#16689=CARTESIAN_POINT('',(0.0118985967710614,-0.013938601128757,0.));
#16690=CARTESIAN_POINT('',(0.0118985967710614,-0.013938601128757,0.0005));
#16691=CARTESIAN_POINT('',(0.0118985967710614,-0.013938601128757,0.0005));
#16692=CARTESIAN_POINT('',(0.0125501472502947,-0.0158932530321181,0.0005));
#16693=CARTESIAN_POINT('',(0.0096098673529923,-0.0164186782203615,0.0005));
#16694=CARTESIAN_POINT('',(0.00893297512084246,-0.0117667345330119,0.0005));
#16695=CARTESIAN_POINT('',(0.00893297512084246,-0.0117667345330119,0.0005));
#16696=CARTESIAN_POINT('',(0.0096098673529923,-0.0164186782203615,0.0005));
#16697=CARTESIAN_POINT('',(0.0102867595851421,-0.021070621907711,0.0005));
#16698=CARTESIAN_POINT('',(0.0102867595851421,-0.021070621907711,0.0005));
#16699=CARTESIAN_POINT('',(0.0108880414627492,-0.0117530892603099,0.0005));
#16700=CARTESIAN_POINT('',(0.012843107804656,-0.011739443987608,0.0005));
#16701=CARTESIAN_POINT('',(0.012843107804656,-0.011739443987608,0.0005));
#16702=CARTESIAN_POINT('',(0.0108880414627492,-0.0117530892603099,0.0005));
#16703=CARTESIAN_POINT('',(0.0149556370452046,-0.0164050329476595,0.0005));
#16704=CARTESIAN_POINT('',(0.0170681662857533,-0.021070621907711,0.0005));
#16705=CARTESIAN_POINT('',(0.0170681662857533,-0.021070621907711,0.0005));
#16706=CARTESIAN_POINT('',(0.0149556370452046,-0.0164050329476595,0.0005));
#16707=CARTESIAN_POINT('',(0.0157781607677071,-0.021070621907711,0.0005));
#16708=CARTESIAN_POINT('',(0.0144881552496609,-0.021070621907711,0.0005));
#16709=CARTESIAN_POINT('',(0.0144881552496609,-0.021070621907711,0.0005));
#16710=CARTESIAN_POINT('',(0.0157781607677071,-0.021070621907711,0.0005));
#16711=CARTESIAN_POINT('',(0.0138416431936287,-0.0202868662044108,0.0005));
#16712=CARTESIAN_POINT('',(0.0131951311375965,-0.0195031105011107,0.0005));
#16713=CARTESIAN_POINT('',(0.0131951311375965,-0.0195031105011107,0.0005));
#16714=CARTESIAN_POINT('',(0.0138416431936287,-0.0202868662044108,0.0005));
#16715=CARTESIAN_POINT('',(0.0129844268224383,-0.0202868662044108,0.0005));
#16716=CARTESIAN_POINT('',(0.01277372250728,-0.021070621907711,0.0005));
#16717=CARTESIAN_POINT('',(0.01277372250728,-0.021070621907711,0.0005));
#16718=CARTESIAN_POINT('',(0.0129844268224383,-0.0202868662044108,0.0005));
#16719=CARTESIAN_POINT('',(0.0115302410462111,-0.021070621907711,0.0005));
#16720=CARTESIAN_POINT('',(0.0115302410462111,-0.021070621907711,0.0005));
#16721=CARTESIAN_POINT('',(0.0118985967710614,-0.0159634198062122,0.0005));
#16722=CARTESIAN_POINT('',(0.0118985967710614,-0.0159634198062122,0.));
#16723=CARTESIAN_POINT('',(0.0118985967710614,-0.0159634198062122,0.0005));
#16724=CARTESIAN_POINT('',(-8.00937414169312E-7,7.38352537155151E-6,0.0005));
#16725=CARTESIAN_POINT('',(0.,0.,0.));
#16726=CARTESIAN_POINT('',(-0.0489566853155987,-0.0205041502803072,0.));
#16727=CARTESIAN_POINT('',(-0.0056834528842356,-0.0016671208048598,0.));
#16728=CARTESIAN_POINT('',(-0.00275366516879859,-0.0108767283080432,0.));
#16729=CARTESIAN_POINT('',(-0.00849872687303127,-0.0207792582212708,0.));
#16730=CARTESIAN_POINT('',(-0.0111776030666169,-0.00164752576978573,0.));
#16731=CARTESIAN_POINT('',(-0.0106112780885536,-0.00300722904358202,0.));
#16732=CARTESIAN_POINT('',(-0.012083954791345,-0.00298002054112154,0.));
#16733=CARTESIAN_POINT('',(-0.0063700875158464,-0.00236627861735515,0.));
#16734=CARTESIAN_POINT('',(-0.0111776030666169,-0.00551473103403576,0.));
#16735=CARTESIAN_POINT('',(-0.0103453579417738,0.0137408432888775,0.));
#16736=CARTESIAN_POINT('',(-0.00951311281693075,-0.00551473103403576,0.));
#16737=CARTESIAN_POINT('',(-0.0104288185495693,-0.00588608032957297,0.));
#16738=CARTESIAN_POINT('',(-0.00951311281693075,-0.00625742962511019,0.));
#16739=CARTESIAN_POINT('',(-0.00960119823260869,-0.0085284244900297,0.));
#16740=CARTESIAN_POINT('',(-0.0106921949644513,-0.00653470865068481,0.));
#16741=CARTESIAN_POINT('',(-0.00696377534966463,-0.00781061292606939,0.));
#16742=CARTESIAN_POINT('',(-0.0103949135940805,-0.00974873957094512,0.));
#16743=CARTESIAN_POINT('',(-0.00791782248680547,-0.00818276893876443,0.));
#16744=CARTESIAN_POINT('',(-0.00860158297284832,-0.0110324559342641,0.));
#16745=CARTESIAN_POINT('',(-0.00622441226409239,0.00957851743723838,0.));
#16746=CARTESIAN_POINT('',(-0.0382700237279974,-0.0159329098961031,0.));
#16747=CARTESIAN_POINT('',(-0.0130760270364649,-0.00420662529223936,0.));
#16748=CARTESIAN_POINT('',(-0.0111776030666169,-0.00974873957094512,0.));
#16749=CARTESIAN_POINT('',(-0.0143657903051416,-0.0234102251566074,0.));
#16750=CARTESIAN_POINT('',(-0.0158621821953718,-0.00422162050825331,0.));
#16751=CARTESIAN_POINT('',(-0.0133028102579209,-0.00469532800864895,0.));
#16752=CARTESIAN_POINT('',(-0.0158621821953718,-0.00516903550904461,0.));
#16753=CARTESIAN_POINT('',(-0.118618317542125,-0.0397033554069066,0.));
#16754=CARTESIAN_POINT('',(-0.0140744409847783,-0.0110324559342641,0.));
#16755=CARTESIAN_POINT('',(-0.0126260220256976,0.0174008481046778,0.));
#16756=CARTESIAN_POINT('',(-0.0111776030666169,-0.0110324559342641,0.));
#16757=CARTESIAN_POINT('',(-0.0163604603706434,-0.0103905977526046,0.));
#16758=CARTESIAN_POINT('',(-0.015291214548336,0.0170423581639489,0.));
#16759=CARTESIAN_POINT('',(-0.0132434727628047,-0.00335754888700264,0.));
#16760=CARTESIAN_POINT('',(-0.0166045079216354,-0.003417962327757,0.));
#16761=CARTESIAN_POINT('',(-0.01963812599291,-0.00370632698408451,0.));
#16762=CARTESIAN_POINT('',(-0.0136351364008618,-0.00147532898945041,0.));
#16763=CARTESIAN_POINT('',(-0.0151729509288649,-0.0120279372132345,0.));
#16764=CARTESIAN_POINT('',(-0.0167107654568678,-0.00147532898945041,0.));
#16765=CARTESIAN_POINT('',(0.0145892531443242,-0.000737513301033808,0.));
#16766=CARTESIAN_POINT('',(-0.0457016355991526,-0.0734438847119083,0.));
#16767=CARTESIAN_POINT('',(-0.0477317565450513,-0.0082155529178146,0.));
#16768=CARTESIAN_POINT('',(-0.0450646132719889,-0.00818707769340606,0.));
#16769=CARTESIAN_POINT('',(-0.0448912862335342,-0.00829271265138987,0.));
#16770=CARTESIAN_POINT('',(-0.0451489873230457,-0.0111225210130215,0.));
#16771=CARTESIAN_POINT('',(-0.0437771233593875,-0.00332038094062696,0.));
#16772=CARTESIAN_POINT('',(-0.0422289408743382,-0.0110894562676549,0.));
#16773=CARTESIAN_POINT('',(-0.0441784716791333,-0.00861871130287111,0.));
#16774=CARTESIAN_POINT('',(-0.0410314872860909,-0.00857699476182461,0.));
#16775=CARTESIAN_POINT('',(-0.0460898629487689,-0.0080157280573533,0.));
#16776=CARTESIAN_POINT('',(-0.0439639165997505,-0.00339160254225135,0.));
#16777=CARTESIAN_POINT('',(-0.0461155567318201,-0.0216226164714393,0.));
#16778=CARTESIAN_POINT('',(-0.0482671968638897,-0.00339160254225135,0.));
#16779=CARTESIAN_POINT('',(-0.0455031285475228,-0.00523434003127112,0.));
#16780=CARTESIAN_POINT('',(-0.0481479912996292,-0.00724442861974239,0.));
#16781=CARTESIAN_POINT('',(-0.046320341527462,0.021766566558127,0.));
#16782=CARTESIAN_POINT('',(-0.0444926917552948,-0.00724442861974239,0.));
#16783=CARTESIAN_POINT('',(-0.0129041823250296,0.00412523072416093,0.));
#16784=CARTESIAN_POINT('',(-0.0440290942788124,-0.00845820829272271,0.));
#16785=CARTESIAN_POINT('',(-0.045487845379291,-0.00946273357230768,0.));
#16786=CARTESIAN_POINT('',(-0.0437172204256058,-0.00950647238641977,0.));
#16787=CARTESIAN_POINT('',(-0.0441212337464094,-0.00873387857734422,0.));
#16788=CARTESIAN_POINT('',(-0.044525247067213,-0.00950647238641977,0.));
#16789=CARTESIAN_POINT('',(-0.0434942087517101,-0.00831504243680839,0.));
#16790=CARTESIAN_POINT('',(-0.0205960910431692,-0.00225858924280982,0.));
#16791=CARTESIAN_POINT('',(-0.0246219976476019,-0.00624771874641266,0.));
#16792=CARTESIAN_POINT('',(-0.0258962560196059,-0.00426590820268723,0.));
#16793=CARTESIAN_POINT('',(-0.0233259415902525,-0.00163370961497403,0.));
#16794=CARTESIAN_POINT('',(-0.0224855698204563,-0.00635203737566642,0.));
#16795=CARTESIAN_POINT('',(-0.0263496490597857,-0.00654436581767804,0.));
#16796=CARTESIAN_POINT('',(-0.022744894506795,-0.00513943051307647,0.));
#16797=CARTESIAN_POINT('',(-0.0273079826754333,-0.00777811918268151,0.));
#16798=CARTESIAN_POINT('',(-0.024493354495754,-0.00332140293189504,0.));
#16799=CARTESIAN_POINT('',(-0.0266693575697996,-0.0172242008976463,0.));
#16800=CARTESIAN_POINT('',(-0.0288453606438453,-0.00332140293189507,0.));
#16801=CARTESIAN_POINT('',(-0.0285943760342264,-0.00428848007245222,0.));
#16802=CARTESIAN_POINT('',(-0.0294591862030608,-0.00378814534256191,0.));
#16803=CARTESIAN_POINT('',(-0.0188479283642192,-0.00372918102641954,0.));
#16804=CARTESIAN_POINT('',(-0.0291300922553547,-0.00635203737566641,0.));
#16805=CARTESIAN_POINT('',(-0.0095214805367269,-0.00409449848222998,0.));
#16806=CARTESIAN_POINT('',(-0.0279856226241359,-0.0110708580173496,0.));
#16807=CARTESIAN_POINT('',(-0.0255015510993314,0.0250684337785883,0.));
#16808=CARTESIAN_POINT('',(-0.0214410626609684,-0.010927836257267,0.));
#16809=CARTESIAN_POINT('',(-0.0284168991143082,-0.0102611432679822,0.));
#16810=CARTESIAN_POINT('',(-0.0216507729210632,-0.00843732581472916,0.));
#16811=CARTESIAN_POINT('',(-0.0249657168838907,-0.0104615911783789,0.));
#16812=CARTESIAN_POINT('',(-0.0229972176176796,-0.00711323122489652,0.));
#16813=CARTESIAN_POINT('',(-0.0222362956950129,0.00291124220514603,0.));
#16814=CARTESIAN_POINT('',(-0.0252585964307361,-0.00667701978464498,0.));
#16815=CARTESIAN_POINT('',(-0.02400771478855,-0.00381333122029723,0.));
#16816=CARTESIAN_POINT('',(-0.026260380175235,-0.00597918341561566,0.));
#16817=CARTESIAN_POINT('',(-0.0250982058316378,-0.00470752121242488,0.));
#16818=CARTESIAN_POINT('',(-0.0267996362191039,-0.00443750528595617,0.));
#16819=CARTESIAN_POINT('',(-0.0262370075155695,-0.00493574777876375,0.));
#16820=CARTESIAN_POINT('',(-0.0178864906872154,-0.00297713906768534,0.));
#16821=CARTESIAN_POINT('',(-0.0220710610170194,-0.00441095050640133,0.));
#16822=CARTESIAN_POINT('',(-0.0222935001558047,-0.00335754888700264,0.));
#16823=CARTESIAN_POINT('',(0.000128246104220721,0.00713962573648025,0.));
#16824=CARTESIAN_POINT('',(-0.0185012883654226,-0.00956862054043755,0.));
#16825=CARTESIAN_POINT('',(-0.0194617880103712,-0.00294776778514175,0.));
#16826=CARTESIAN_POINT('',(-0.0201643450124792,-0.00960093728802107,0.));
#16827=CARTESIAN_POINT('',(-0.0151083541459495,-0.00977041671831976,0.));
#16828=CARTESIAN_POINT('',(-0.0200072340115049,-0.0110324559342641,0.));
#16829=CARTESIAN_POINT('',(-0.0174797525533127,0.0399690897390871,0.));
#16830=CARTESIAN_POINT('',(-0.0149522710951204,-0.0110324559342641,0.));
#16831=CARTESIAN_POINT('',(-0.0199533184334876,-0.0103762721779069,0.));
#16832=CARTESIAN_POINT('',(-0.0149522710951204,-0.00972008842154978,0.));
#16833=CARTESIAN_POINT('',(0.0656476980416952,0.0531391303726075,0.));
#16834=CARTESIAN_POINT('',(-0.0185012883654226,-0.00488314551279766,0.));
#16835=CARTESIAN_POINT('',(-0.018034674537713,-0.00236256851414472,0.));
#16836=CARTESIAN_POINT('',(-0.0170710373517438,-0.00473795064006998,0.));
#16837=CARTESIAN_POINT('',(-0.0210192552751497,-0.00404774976353631,0.));
#16838=CARTESIAN_POINT('',(-0.0170710373517438,-0.00335754888700264,0.));
#16839=CARTESIAN_POINT('',(-0.0196822687537743,-0.0252628380905041,0.));
#16840=CARTESIAN_POINT('',(-0.0359435436397441,-0.00711524742655456,0.));
#16841=CARTESIAN_POINT('',(-0.0373011603951454,-0.00342646846547723,0.));
#16842=CARTESIAN_POINT('',(-0.0345859268843427,-0.0108040263876319,0.));
#16843=CARTESIAN_POINT('',(-0.0395450177851201,-0.0361186626126332,0.));
#16844=CARTESIAN_POINT('',(-0.041548315435648,-0.00341084622777998,0.));
#16845=CARTESIAN_POINT('',(-0.0340241994461606,-0.00327233187480402,0.));
#16846=CARTESIAN_POINT('',(-0.0410946868360043,-0.00584909645840526,0.));
#16847=CARTESIAN_POINT('',(-0.0412050354464781,-0.00978664939445481,0.));
#16848=CARTESIAN_POINT('',(-0.03947863727808,-0.00624602101743221,0.));
#16849=CARTESIAN_POINT('',(-0.0541151087439752,-0.0139517223743166,0.));
#16850=CARTESIAN_POINT('',(-0.0378424488008022,-0.010984456166625,0.));
#16851=CARTESIAN_POINT('',(-0.0369069320029369,0.00160888627373982,0.));
#16852=CARTESIAN_POINT('',(0.196801467420204,0.0619924394463249,0.));
#16853=CARTESIAN_POINT('',(-0.0291300922553547,-0.0107998612920312,0.));
#16854=CARTESIAN_POINT('',(-0.0314043403455207,-0.00332140293189503,0.));
#16855=CARTESIAN_POINT('',(-0.0337124451279396,-0.0990181153532515,0.));
#16856=CARTESIAN_POINT('',(-0.0360205499103584,-0.00332140293189503,0.));
#16857=CARTESIAN_POINT('',(-0.0294825637261444,-0.00236148410272701,0.));
#16858=CARTESIAN_POINT('',(-0.0351274688300071,-0.00579685218663562,0.));
#16859=CARTESIAN_POINT('',(0.181648643439053,1.78859149269219,0.));
#16860=CARTESIAN_POINT('',(-0.0336128337031248,-0.00597918341561566,0.));
#16861=CARTESIAN_POINT('',(-0.0518595175073918,-0.0151937557932397,0.));
#16862=CARTESIAN_POINT('',(-0.0318682257915477,-0.010927836257267,0.));
#16863=CARTESIAN_POINT('',(-0.0309538866618013,-0.00113456309673599,0.));
#16864=CARTESIAN_POINT('',(-0.00849872687303127,-0.0207792582212708,0.0005));
#16865=CARTESIAN_POINT('',(-0.0056834528842356,-0.0016671208048598,0.0005));
#16866=CARTESIAN_POINT('',(-0.0056834528842356,-0.0016671208048598,0.0005));
#16867=CARTESIAN_POINT('',(-0.00849872687303127,-0.0207792582212708,0.0005));
#16868=CARTESIAN_POINT('',(-0.0111776030666169,-0.00164752576978573,0.0005));
#16869=CARTESIAN_POINT('',(-0.0111776030666169,-0.00164752576978573,0.0005));
#16870=CARTESIAN_POINT('',(-0.0489566853155987,-0.0205041502803072,0.0005));
#16871=CARTESIAN_POINT('',(-0.00275366516879859,-0.0108767283080432,0.0005));
#16872=CARTESIAN_POINT('',(-0.00275366516879859,-0.0108767283080432,0.0005));
#16873=CARTESIAN_POINT('',(-0.0489566853155987,-0.0205041502803072,0.0005));
#16874=CARTESIAN_POINT('',(-0.00622441226409239,0.00957851743723838,0.0005));
#16875=CARTESIAN_POINT('',(-0.00860158297284832,-0.0110324559342641,0.0005));
#16876=CARTESIAN_POINT('',(-0.00860158297284832,-0.0110324559342641,0.0005));
#16877=CARTESIAN_POINT('',(-0.00622441226409239,0.00957851743723838,0.0005));
#16878=CARTESIAN_POINT('',(-0.00791782248680547,-0.00818276893876443,0.0005));
#16879=CARTESIAN_POINT('',(-0.0103949135940805,-0.00974873957094512,0.0005));
#16880=CARTESIAN_POINT('',(-0.0103949135940805,-0.00974873957094512,0.0005));
#16881=CARTESIAN_POINT('',(-0.00791782248680547,-0.00818276893876443,0.0005));
#16882=CARTESIAN_POINT('',(-0.00696377534966463,-0.00781061292606939,0.0005));
#16883=CARTESIAN_POINT('',(-0.0106921949644513,-0.00653470865068481,0.0005));
#16884=CARTESIAN_POINT('',(-0.0106921949644513,-0.00653470865068481,0.0005));
#16885=CARTESIAN_POINT('',(-0.00696377534966463,-0.00781061292606939,0.0005));
#16886=CARTESIAN_POINT('',(-0.00960119823260869,-0.0085284244900297,0.0005));
#16887=CARTESIAN_POINT('',(-0.00951311281693075,-0.00625742962511019,0.0005));
#16888=CARTESIAN_POINT('',(-0.00951311281693075,-0.00625742962511019,0.0005));
#16889=CARTESIAN_POINT('',(-0.00960119823260869,-0.0085284244900297,0.0005));
#16890=CARTESIAN_POINT('',(-0.0104288185495693,-0.00588608032957297,0.0005));
#16891=CARTESIAN_POINT('',(-0.00951311281693075,-0.00551473103403576,0.0005));
#16892=CARTESIAN_POINT('',(-0.00951311281693075,-0.00551473103403576,0.0005));
#16893=CARTESIAN_POINT('',(-0.0104288185495693,-0.00588608032957297,0.0005));
#16894=CARTESIAN_POINT('',(-0.0103453579417738,0.0137408432888775,0.0005));
#16895=CARTESIAN_POINT('',(-0.0111776030666169,-0.00551473103403576,0.0005));
#16896=CARTESIAN_POINT('',(-0.0111776030666169,-0.00551473103403576,0.0005));
#16897=CARTESIAN_POINT('',(-0.0103453579417738,0.0137408432888775,0.0005));
#16898=CARTESIAN_POINT('',(-0.0063700875158464,-0.00236627861735515,0.0005));
#16899=CARTESIAN_POINT('',(-0.012083954791345,-0.00298002054112154,0.0005));
#16900=CARTESIAN_POINT('',(-0.012083954791345,-0.00298002054112154,0.0005));
#16901=CARTESIAN_POINT('',(-0.0063700875158464,-0.00236627861735515,0.0005));
#16902=CARTESIAN_POINT('',(-0.0109684787845196,-0.00946741193360025,0.0005));
#16903=CARTESIAN_POINT('',(-0.0109684787845196,-0.00946741193360025,0.));
#16904=CARTESIAN_POINT('',(-0.00695152333278978,-0.00673477078032081,0.));
#16905=CARTESIAN_POINT('',(-0.00611484089194161,-0.0096806207080666,0.));
#16906=CARTESIAN_POINT('',(-0.00695152333278978,-0.00673477078032081,0.0005));
#16907=CARTESIAN_POINT('',(-0.00695152333278978,-0.00673477078032081,0.0005));
#16908=CARTESIAN_POINT('',(-0.0109684787845196,-0.00946741193360025,0.0005));
#16909=CARTESIAN_POINT('',(-0.00611484089194161,-0.0096806207080666,0.0005));
#16910=CARTESIAN_POINT('',(-0.00611484089194161,-0.0096806207080666,0.0005));
#16911=CARTESIAN_POINT('',(-0.00736884527314895,-0.00763586601410827,0.0005));
#16912=CARTESIAN_POINT('',(-0.00736884527314895,-0.00763586601410827,0.));
#16913=CARTESIAN_POINT('',(-0.00778616721350811,-0.00673477078032081,0.));
#16914=CARTESIAN_POINT('',(-0.00778616721350811,-0.00673477078032081,0.0005));
#16915=CARTESIAN_POINT('',(-0.00778616721350811,-0.00673477078032081,0.0005));
#16916=CARTESIAN_POINT('',(-0.00736884527314895,-0.00763586601410827,0.0005));
#16917=CARTESIAN_POINT('',(-0.00320119791029819,-0.00745054084483504,0.0005));
#16918=CARTESIAN_POINT('',(-0.00320119791029819,-0.00745054084483504,0.));
#16919=CARTESIAN_POINT('',(-0.00731338290537865,-0.00960093728802107,0.));
#16920=CARTESIAN_POINT('',(-0.00731338290537865,-0.00960093728802107,0.0005));
#16921=CARTESIAN_POINT('',(-0.00731338290537865,-0.00960093728802107,0.0005));
#16922=CARTESIAN_POINT('',(-0.00320119791029819,-0.00745054084483504,0.0005));
#16923=CARTESIAN_POINT('',(-0.0115177134765362,-0.00525696193618474,0.0005));
#16924=CARTESIAN_POINT('',(-0.0115177134765362,-0.00525696193618474,0.));
#16925=CARTESIAN_POINT('',(-0.00816352624952361,-0.00298002054112154,0.));
#16926=CARTESIAN_POINT('',(-0.00746465253277811,-0.0051690355090446,0.));
#16927=CARTESIAN_POINT('',(-0.00816352624952361,-0.00298002054112154,0.0005));
#16928=CARTESIAN_POINT('',(-0.00816352624952361,-0.00298002054112154,0.0005));
#16929=CARTESIAN_POINT('',(-0.0115177134765362,-0.00525696193618474,0.0005));
#16930=CARTESIAN_POINT('',(-0.00746465253277811,-0.0051690355090446,0.0005));
#16931=CARTESIAN_POINT('',(-0.00746465253277811,-0.0051690355090446,0.0005));
#16932=CARTESIAN_POINT('',(-0.00832996094993134,-0.00388525894510817,0.0005));
#16933=CARTESIAN_POINT('',(-0.00832996094993134,-0.00388525894510817,0.));
#16934=CARTESIAN_POINT('',(-0.00893902030819104,-0.00319518374944589,0.));
#16935=CARTESIAN_POINT('',(-0.00893902030819104,-0.00319518374944589,0.0005));
#16936=CARTESIAN_POINT('',(-0.00893902030819104,-0.00319518374944589,0.0005));
#16937=CARTESIAN_POINT('',(-0.00832996094993134,-0.00388525894510817,0.0005));
#16938=CARTESIAN_POINT('',(-0.00546596418664736,-0.00367119195151642,0.0005));
#16939=CARTESIAN_POINT('',(-0.00546596418664736,-0.00367119195151642,0.));
#16940=CARTESIAN_POINT('',(-0.00860158297284833,-0.00523854560001252,0.));
#16941=CARTESIAN_POINT('',(-0.00860158297284833,-0.00523854560001252,0.0005));
#16942=CARTESIAN_POINT('',(-0.00860158297284833,-0.00523854560001252,0.0005));
#16943=CARTESIAN_POINT('',(-0.00546596418664736,-0.00367119195151642,0.0005));
#16944=CARTESIAN_POINT('',(-0.00647917392783333,-0.00610700712396163,0.0005));
#16945=CARTESIAN_POINT('',(-0.00647917392783333,-0.00610700712396163,0.));
#16946=CARTESIAN_POINT('',(-0.00647917392783333,-0.00610700712396163,0.0005));
#16947=CARTESIAN_POINT('',(-0.00811481685384784,-0.00386749256384555,0.0005));
#16948=CARTESIAN_POINT('',(-0.00811481685384784,-0.00386749256384555,0.));
#16949=CARTESIAN_POINT('',(-0.00811481685384784,-0.00386749256384555,0.0005));
#16950=CARTESIAN_POINT('',(-0.0106112780885536,-0.00300722904358202,0.0005));
#16951=CARTESIAN_POINT('',(-0.0106112780885536,-0.00300722904358202,0.0005));
#16952=CARTESIAN_POINT('',(-8.00937414169312E-7,7.38352537155151E-6,0.0005));
#16953=CARTESIAN_POINT('',(0.,0.,0.));
#16954=CARTESIAN_POINT('',(0.,0.,0.));
#16955=CARTESIAN_POINT('',(-0.0143657903051416,-0.0234102251566074,0.0005));
#16956=CARTESIAN_POINT('',(-0.0130760270364649,-0.00420662529223936,0.0005));
#16957=CARTESIAN_POINT('',(-0.0130760270364649,-0.00420662529223936,0.0005));
#16958=CARTESIAN_POINT('',(-0.0143657903051416,-0.0234102251566074,0.0005));
#16959=CARTESIAN_POINT('',(-0.0158621821953718,-0.00422162050825331,0.0005));
#16960=CARTESIAN_POINT('',(-0.0158621821953718,-0.00422162050825331,0.0005));
#16961=CARTESIAN_POINT('',(-0.0382700237279974,-0.0159329098961031,0.0005));
#16962=CARTESIAN_POINT('',(-0.0111776030666169,-0.00974873957094512,0.0005));
#16963=CARTESIAN_POINT('',(-0.0111776030666169,-0.00974873957094512,0.0005));
#16964=CARTESIAN_POINT('',(-0.0382700237279974,-0.0159329098961031,0.0005));
#16965=CARTESIAN_POINT('',(-0.0163604603706434,-0.0103905977526046,0.0005));
#16966=CARTESIAN_POINT('',(-0.0111776030666169,-0.0110324559342641,0.0005));
#16967=CARTESIAN_POINT('',(-0.0111776030666169,-0.0110324559342641,0.0005));
#16968=CARTESIAN_POINT('',(-0.0163604603706434,-0.0103905977526046,0.0005));
#16969=CARTESIAN_POINT('',(-0.0126260220256976,0.0174008481046778,0.0005));
#16970=CARTESIAN_POINT('',(-0.0140744409847783,-0.0110324559342641,0.0005));
#16971=CARTESIAN_POINT('',(-0.0140744409847783,-0.0110324559342641,0.0005));
#16972=CARTESIAN_POINT('',(-0.0126260220256976,0.0174008481046778,0.0005));
#16973=CARTESIAN_POINT('',(-0.118618317542125,-0.0397033554069066,0.0005));
#16974=CARTESIAN_POINT('',(-0.0158621821953718,-0.00516903550904461,0.0005));
#16975=CARTESIAN_POINT('',(-0.0158621821953718,-0.00516903550904461,0.0005));
#16976=CARTESIAN_POINT('',(-0.118618317542125,-0.0397033554069066,0.0005));
#16977=CARTESIAN_POINT('',(-0.0133028102579209,-0.00469532800864895,0.0005));
#16978=CARTESIAN_POINT('',(-0.0133028102579209,-0.00469532800864895,0.0005));
#16979=CARTESIAN_POINT('',(-8.00937414169312E-7,7.38352537155151E-6,0.0005));
#16980=CARTESIAN_POINT('',(-0.01963812599291,-0.00370632698408451,0.0005));
#16981=CARTESIAN_POINT('',(-0.0132434727628047,-0.00335754888700264,0.0005));
#16982=CARTESIAN_POINT('',(-0.0132434727628047,-0.00335754888700264,0.0005));
#16983=CARTESIAN_POINT('',(-0.01963812599291,-0.00370632698408451,0.0005));
#16984=CARTESIAN_POINT('',(-0.0136351364008618,-0.00147532898945041,0.0005));
#16985=CARTESIAN_POINT('',(-0.0136351364008618,-0.00147532898945041,0.0005));
#16986=CARTESIAN_POINT('',(-0.015291214548336,0.0170423581639489,0.0005));
#16987=CARTESIAN_POINT('',(-0.0166045079216354,-0.003417962327757,0.0005));
#16988=CARTESIAN_POINT('',(-0.0166045079216354,-0.003417962327757,0.0005));
#16989=CARTESIAN_POINT('',(-0.015291214548336,0.0170423581639489,0.0005));
#16990=CARTESIAN_POINT('',(0.0145892531443242,-0.000737513301033808,0.0005));
#16991=CARTESIAN_POINT('',(-0.0167107654568678,-0.00147532898945041,0.0005));
#16992=CARTESIAN_POINT('',(-0.0167107654568678,-0.00147532898945041,0.0005));
#16993=CARTESIAN_POINT('',(0.0145892531443242,-0.000737513301033808,0.0005));
#16994=CARTESIAN_POINT('',(-0.0151729509288649,-0.0120279372132345,0.0005));
#16995=CARTESIAN_POINT('',(-0.0151729509288649,-0.0120279372132345,0.0005));
#16996=CARTESIAN_POINT('',(-8.00937414169312E-7,7.38352537155151E-6,0.0005));
#16997=CARTESIAN_POINT('',(-0.0448912862335342,-0.00829271265138987,0.0005));
#16998=CARTESIAN_POINT('',(-0.0477317565450513,-0.0082155529178146,0.0005));
#16999=CARTESIAN_POINT('',(-0.0477317565450513,-0.0082155529178146,0.0005));
#17000=CARTESIAN_POINT('',(-0.0448912862335342,-0.00829271265138987,0.0005));
#17001=CARTESIAN_POINT('',(-0.0451489873230457,-0.0111225210130215,0.0005));
#17002=CARTESIAN_POINT('',(-0.0451489873230457,-0.0111225210130215,0.0005));
#17003=CARTESIAN_POINT('',(-0.0457016355991526,-0.0734438847119083,0.0005));
#17004=CARTESIAN_POINT('',(-0.0450646132719889,-0.00818707769340606,0.0005));
#17005=CARTESIAN_POINT('',(-0.0450646132719889,-0.00818707769340606,0.0005));
#17006=CARTESIAN_POINT('',(-0.0457016355991526,-0.0734438847119083,0.0005));
#17007=CARTESIAN_POINT('',(-0.0434942087517101,-0.00831504243680839,0.0005));
#17008=CARTESIAN_POINT('',(-0.044525247067213,-0.00950647238641977,0.0005));
#17009=CARTESIAN_POINT('',(-0.044525247067213,-0.00950647238641977,0.0005));
#17010=CARTESIAN_POINT('',(-0.0434942087517101,-0.00831504243680839,0.0005));
#17011=CARTESIAN_POINT('',(-0.0441212337464094,-0.00873387857734422,0.0005));
#17012=CARTESIAN_POINT('',(-0.0437172204256058,-0.00950647238641977,0.0005));
#17013=CARTESIAN_POINT('',(-0.0437172204256058,-0.00950647238641977,0.0005));
#17014=CARTESIAN_POINT('',(-0.0441212337464094,-0.00873387857734422,0.0005));
#17015=CARTESIAN_POINT('',(-0.045487845379291,-0.00946273357230768,0.0005));
#17016=CARTESIAN_POINT('',(-0.0440290942788124,-0.00845820829272271,0.0005));
#17017=CARTESIAN_POINT('',(-0.0440290942788124,-0.00845820829272271,0.0005));
#17018=CARTESIAN_POINT('',(-0.045487845379291,-0.00946273357230768,0.0005));
#17019=CARTESIAN_POINT('',(-0.0129041823250296,0.00412523072416093,0.0005));
#17020=CARTESIAN_POINT('',(-0.0444926917552948,-0.00724442861974239,0.0005));
#17021=CARTESIAN_POINT('',(-0.0444926917552948,-0.00724442861974239,0.0005));
#17022=CARTESIAN_POINT('',(-0.0129041823250296,0.00412523072416093,0.0005));
#17023=CARTESIAN_POINT('',(-0.046320341527462,0.021766566558127,0.0005));
#17024=CARTESIAN_POINT('',(-0.0481479912996292,-0.00724442861974239,0.0005));
#17025=CARTESIAN_POINT('',(-0.0481479912996292,-0.00724442861974239,0.0005));
#17026=CARTESIAN_POINT('',(-0.046320341527462,0.021766566558127,0.0005));
#17027=CARTESIAN_POINT('',(-0.0455031285475228,-0.00523434003127112,0.0005));
#17028=CARTESIAN_POINT('',(-0.0482671968638897,-0.00339160254225135,0.0005));
#17029=CARTESIAN_POINT('',(-0.0482671968638897,-0.00339160254225135,0.0005));
#17030=CARTESIAN_POINT('',(-0.0455031285475228,-0.00523434003127112,0.0005));
#17031=CARTESIAN_POINT('',(-0.0461155567318201,-0.0216226164714393,0.0005));
#17032=CARTESIAN_POINT('',(-0.0439639165997505,-0.00339160254225135,0.0005));
#17033=CARTESIAN_POINT('',(-0.0439639165997505,-0.00339160254225135,0.0005));
#17034=CARTESIAN_POINT('',(-0.0461155567318201,-0.0216226164714393,0.0005));
#17035=CARTESIAN_POINT('',(-0.0460898629487689,-0.0080157280573533,0.0005));
#17036=CARTESIAN_POINT('',(-0.0410314872860909,-0.00857699476182461,0.0005));
#17037=CARTESIAN_POINT('',(-0.0410314872860909,-0.00857699476182461,0.0005));
#17038=CARTESIAN_POINT('',(-0.0460898629487689,-0.0080157280573533,0.0005));
#17039=CARTESIAN_POINT('',(-0.0441784716791333,-0.00861871130287111,0.0005));
#17040=CARTESIAN_POINT('',(-0.0422289408743382,-0.0110894562676549,0.0005));
#17041=CARTESIAN_POINT('',(-0.0422289408743382,-0.0110894562676549,0.0005));
#17042=CARTESIAN_POINT('',(-0.0441784716791333,-0.00861871130287111,0.0005));
#17043=CARTESIAN_POINT('',(-0.045334324227307,-0.00929262270085426,0.0005));
#17044=CARTESIAN_POINT('',(-0.045334324227307,-0.00929262270085426,0.));
#17045=CARTESIAN_POINT('',(-0.046056229621172,-0.00426021451130509,0.));
#17046=CARTESIAN_POINT('',(-0.0448045842349529,-0.00423637358471751,0.));
#17047=CARTESIAN_POINT('',(-0.046056229621172,-0.00426021451130509,0.0005));
#17048=CARTESIAN_POINT('',(-0.046056229621172,-0.00426021451130509,0.0005));
#17049=CARTESIAN_POINT('',(-0.045334324227307,-0.00929262270085426,0.0005));
#17050=CARTESIAN_POINT('',(-0.0448045842349529,-0.00423637358471751,0.0005));
#17051=CARTESIAN_POINT('',(-0.0448045842349529,-0.00423637358471751,0.0005));
#17052=CARTESIAN_POINT('',(-0.0401292874256131,-0.00484920723604753,0.0005));
#17053=CARTESIAN_POINT('',(-0.0401292874256131,-0.00484920723604753,0.));
#17054=CARTESIAN_POINT('',(-0.046020470559597,-0.00572642870247364,0.));
#17055=CARTESIAN_POINT('',(-0.046020470559597,-0.00572642870247364,0.0005));
#17056=CARTESIAN_POINT('',(-0.046020470559597,-0.00572642870247364,0.0005));
#17057=CARTESIAN_POINT('',(-0.0401292874256131,-0.00484920723604753,0.0005));
#17058=CARTESIAN_POINT('',(-0.045412527397275,0.00043043308005129,0.0005));
#17059=CARTESIAN_POINT('',(-0.045412527397275,0.00043043308005129,0.));
#17060=CARTESIAN_POINT('',(-0.0448045842349529,-0.00572642870247364,0.));
#17061=CARTESIAN_POINT('',(-0.0448045842349529,-0.00572642870247364,0.0005));
#17062=CARTESIAN_POINT('',(-0.0448045842349529,-0.00572642870247364,0.0005));
#17063=CARTESIAN_POINT('',(-0.045412527397275,0.00043043308005129,0.0005));
#17064=CARTESIAN_POINT('',(-0.052236672270537,-0.00498140114359558,0.0005));
#17065=CARTESIAN_POINT('',(-0.052236672270537,-0.00498140114359558,0.));
#17066=CARTESIAN_POINT('',(-0.052236672270537,-0.00498140114359558,0.0005));
#17067=CARTESIAN_POINT('',(-0.0437771233593875,-0.00332038094062696,0.0005));
#17068=CARTESIAN_POINT('',(-0.0437771233593875,-0.00332038094062696,0.0005));
#17069=CARTESIAN_POINT('',(-8.00937414169312E-7,7.38352537155151E-6,0.0005));
#17070=CARTESIAN_POINT('',(0.,0.,0.));
#17071=CARTESIAN_POINT('',(-0.0458514048862745,-0.0134173634072015,0.0005));
#17072=CARTESIAN_POINT('',(-0.0443706353420401,-0.0134173634072015,0.0005));
#17073=CARTESIAN_POINT('',(-0.0443706353420401,-0.0134173634072015,0.0005));
#17074=CARTESIAN_POINT('',(-0.0458514048862745,-0.0134173634072015,0.0005));
#17075=CARTESIAN_POINT('',(-0.0473321744305089,-0.0134173634072015,0.0005));
#17076=CARTESIAN_POINT('',(-0.0473321744305089,-0.0134173634072015,0.0005));
#17077=CARTESIAN_POINT('',(-0.0459173480371752,-0.0180811920150692,0.0005));
#17078=CARTESIAN_POINT('',(-0.0410037325205869,-0.0180811920150692,0.0005));
#17079=CARTESIAN_POINT('',(-0.0410037325205869,-0.0180811920150692,0.0005));
#17080=CARTESIAN_POINT('',(-0.0459173480371752,-0.0180811920150692,0.0005));
#17081=CARTESIAN_POINT('',(-0.0410037325205869,-0.0193535470635856,0.0005));
#17082=CARTESIAN_POINT('',(-0.0410037325205869,-0.020625902112102,0.0005));
#17083=CARTESIAN_POINT('',(-0.0410037325205869,-0.020625902112102,0.0005));
#17084=CARTESIAN_POINT('',(-0.0410037325205869,-0.0193535470635856,0.0005));
#17085=CARTESIAN_POINT('',(-0.0423174324507528,-0.0200611472702076,0.0005));
#17086=CARTESIAN_POINT('',(-0.0423174324507528,-0.021491096758113,0.0005));
#17087=CARTESIAN_POINT('',(-0.0423174324507528,-0.021491096758113,0.0005));
#17088=CARTESIAN_POINT('',(-0.0423174324507528,-0.0200611472702076,0.0005));
#17089=CARTESIAN_POINT('',(-0.0439769062083855,-0.021491096758113,0.0005));
#17090=CARTESIAN_POINT('',(-0.0456363799660182,-0.021491096758113,0.0005));
#17091=CARTESIAN_POINT('',(-0.0456363799660182,-0.021491096758113,0.0005));
#17092=CARTESIAN_POINT('',(-0.0439769062083855,-0.021491096758113,0.0005));
#17093=CARTESIAN_POINT('',(-0.0441571520293236,-0.0180887552221147,0.0005));
#17094=CARTESIAN_POINT('',(-0.0477588507285735,-0.0189785921150893,0.0005));
#17095=CARTESIAN_POINT('',(-0.0477588507285735,-0.0189785921150893,0.0005));
#17096=CARTESIAN_POINT('',(-0.0441571520293236,-0.0180887552221147,0.0005));
#17097=CARTESIAN_POINT('',(-0.0477588507285735,-0.0185157427161487,0.0005));
#17098=CARTESIAN_POINT('',(-0.0477588507285735,-0.0180528933172081,0.0005));
#17099=CARTESIAN_POINT('',(-0.0477588507285735,-0.0180528933172081,0.0005));
#17100=CARTESIAN_POINT('',(-0.0477588507285735,-0.0185157427161487,0.0005));
#17101=CARTESIAN_POINT('',(-0.046511153476613,-0.0180528933172081,0.0005));
#17102=CARTESIAN_POINT('',(-0.0452634562246526,-0.0180528933172081,0.0005));
#17103=CARTESIAN_POINT('',(-0.0452634562246526,-0.0180528933172081,0.0005));
#17104=CARTESIAN_POINT('',(-0.046511153476613,-0.0180528933172081,0.0005));
#17105=CARTESIAN_POINT('',(-0.00368446381767656,-0.0059505079795379,0.0005));
#17106=CARTESIAN_POINT('',(-0.044611709770364,-0.0201011574052375,0.0005));
#17107=CARTESIAN_POINT('',(-0.044611709770364,-0.0201011574052375,0.0005));
#17108=CARTESIAN_POINT('',(-0.00368446381767656,-0.0059505079795379,0.0005));
#17109=CARTESIAN_POINT('',(-0.0443623550671942,-0.0190918187801454,0.0005));
#17110=CARTESIAN_POINT('',(-0.0436809504072721,-0.0198770766470479,0.0005));
#17111=CARTESIAN_POINT('',(-0.0436809504072721,-0.0198770766470479,0.0005));
#17112=CARTESIAN_POINT('',(-0.0443623550671942,-0.0190918187801454,0.0005));
#17113=CARTESIAN_POINT('',(-0.0479420560212247,-0.0197404284207419,0.0005));
#17114=CARTESIAN_POINT('',(-0.0444414573071143,-0.0173070146799696,0.0005));
#17115=CARTESIAN_POINT('',(-0.0444414573071143,-0.0173070146799696,0.0005));
#17116=CARTESIAN_POINT('',(-0.0479420560212247,-0.0197404284207419,0.0005));
#17117=CARTESIAN_POINT('',(-0.046316457753592,-0.0173070146799696,0.0005));
#17118=CARTESIAN_POINT('',(-0.0481914582000697,-0.0173070146799696,0.0005));
#17119=CARTESIAN_POINT('',(-0.0481914582000697,-0.0173070146799696,0.0005));
#17120=CARTESIAN_POINT('',(-0.046316457753592,-0.0173070146799696,0.0005));
#17121=CARTESIAN_POINT('',(-0.0475523235436774,-0.0164394801491612,0.0005));
#17122=CARTESIAN_POINT('',(-0.0486298713482534,-0.0164394801491612,0.0005));
#17123=CARTESIAN_POINT('',(-0.0486298713482534,-0.0164394801491612,0.0005));
#17124=CARTESIAN_POINT('',(-0.0475523235436774,-0.0164394801491612,0.0005));
#17125=CARTESIAN_POINT('',(-0.0486298713482534,-0.0155616861053512,0.0005));
#17126=CARTESIAN_POINT('',(-0.0486298713482534,-0.0146838920615412,0.0005));
#17127=CARTESIAN_POINT('',(-0.0486298713482534,-0.0146838920615412,0.0005));
#17128=CARTESIAN_POINT('',(-0.0486298713482534,-0.0155616861053512,0.0005));
#17129=CARTESIAN_POINT('',(-0.0407280845532396,-0.01396834465248,0.0005));
#17130=CARTESIAN_POINT('',(-0.0407280845532396,-0.01396834465248,0.));
#17131=CARTESIAN_POINT('',(-0.0459025017917156,-0.0162609759718179,0.));
#17132=CARTESIAN_POINT('',(-0.0463323816657066,-0.0147573985159397,0.));
#17133=CARTESIAN_POINT('',(-0.0459025017917156,-0.0162609759718179,0.0005));
#17134=CARTESIAN_POINT('',(-0.0459025017917156,-0.0162609759718179,0.0005));
#17135=CARTESIAN_POINT('',(-0.0407280845532396,-0.01396834465248,0.0005));
#17136=CARTESIAN_POINT('',(-0.0463323816657066,-0.0147573985159397,0.0005));
#17137=CARTESIAN_POINT('',(-0.0463323816657066,-0.0147573985159397,0.0005));
#17138=CARTESIAN_POINT('',(-0.045549620842145,-0.0148596335104076,0.0005));
#17139=CARTESIAN_POINT('',(-0.045549620842145,-0.0148596335104076,0.));
#17140=CARTESIAN_POINT('',(-0.0449078753590584,-0.0161544108633372,0.));
#17141=CARTESIAN_POINT('',(-0.0449078753590584,-0.0161544108633372,0.0005));
#17142=CARTESIAN_POINT('',(-0.0449078753590584,-0.0161544108633372,0.0005));
#17143=CARTESIAN_POINT('',(-0.045549620842145,-0.0148596335104076,0.0005));
#17144=CARTESIAN_POINT('',(-0.0477722052342407,-0.0161244014439475,0.0005));
#17145=CARTESIAN_POINT('',(-0.0477722052342407,-0.0161244014439475,0.));
#17146=CARTESIAN_POINT('',(-0.0453967601060867,-0.0145236058160663,0.));
#17147=CARTESIAN_POINT('',(-0.0453967601060867,-0.0145236058160663,0.0005));
#17148=CARTESIAN_POINT('',(-0.0453967601060867,-0.0145236058160663,0.0005));
#17149=CARTESIAN_POINT('',(-0.0477722052342407,-0.0161244014439475,0.0005));
#17150=CARTESIAN_POINT('',(-0.0453829498215621,-0.0165679150048231,0.0005));
#17151=CARTESIAN_POINT('',(-0.0453829498215621,-0.0165679150048231,0.));
#17152=CARTESIAN_POINT('',(-0.0453829498215621,-0.0165679150048231,0.0005));
#17153=CARTESIAN_POINT('',(-0.0469689094691626,-0.0150876484613208,0.0005));
#17154=CARTESIAN_POINT('',(-0.0469689094691626,-0.0150876484613208,0.0005));
#17155=CARTESIAN_POINT('',(-8.00937414169312E-7,7.38352537155151E-6,0.0005));
#17156=CARTESIAN_POINT('',(0.,0.,0.));
#17157=CARTESIAN_POINT('',(-0.0292434517682793,-0.0134568987029133,0.0005));
#17158=CARTESIAN_POINT('',(-0.0292326833061053,-0.0134858726900104,0.0005));
#17159=CARTESIAN_POINT('',(-0.0292326833061053,-0.0134858726900104,0.0005));
#17160=CARTESIAN_POINT('',(-0.0292434517682793,-0.0134568987029133,0.0005));
#17161=CARTESIAN_POINT('',(-0.0292542202304533,-0.0134279247158163,0.0005));
#17162=CARTESIAN_POINT('',(-0.0292542202304533,-0.0134279247158163,0.0005));
#17163=CARTESIAN_POINT('',(-0.0283410288407967,-0.0161981004357082,0.0005));
#17164=CARTESIAN_POINT('',(-0.0274493743754879,-0.0189103281814059,0.0005));
#17165=CARTESIAN_POINT('',(-0.0274493743754879,-0.0189103281814059,0.0005));
#17166=CARTESIAN_POINT('',(-0.0283410288407967,-0.0161981004357082,0.0005));
#17167=CARTESIAN_POINT('',(-0.0287494196123696,-0.0197879266475581,0.0005));
#17168=CARTESIAN_POINT('',(-0.0300494648492513,-0.0206655251137102,0.0005));
#17169=CARTESIAN_POINT('',(-0.0300494648492513,-0.0206655251137102,0.0005));
#17170=CARTESIAN_POINT('',(-0.0287494196123696,-0.0197879266475581,0.0005));
#17171=CARTESIAN_POINT('',(-0.0302728641273654,-0.0208861082180371,0.0005));
#17172=CARTESIAN_POINT('',(-0.0304962634054796,-0.021106691322364,0.0005));
#17173=CARTESIAN_POINT('',(-0.0304962634054796,-0.021106691322364,0.0005));
#17174=CARTESIAN_POINT('',(-0.0302728641273654,-0.0208861082180371,0.0005));
#17175=CARTESIAN_POINT('',(-0.0319724428048541,-0.021106691322364,0.0005));
#17176=CARTESIAN_POINT('',(-0.0334486222042287,-0.021106691322364,0.0005));
#17177=CARTESIAN_POINT('',(-0.0334486222042287,-0.021106691322364,0.0005));
#17178=CARTESIAN_POINT('',(-0.0319724428048541,-0.021106691322364,0.0005));
#17179=CARTESIAN_POINT('',(-0.034527976114973,-0.0172764054702922,0.0005));
#17180=CARTESIAN_POINT('',(-0.0356073300257172,-0.0134461196182205,0.0005));
#17181=CARTESIAN_POINT('',(-0.0356073300257172,-0.0134461196182205,0.0005));
#17182=CARTESIAN_POINT('',(-0.034527976114973,-0.0172764054702922,0.0005));
#17183=CARTESIAN_POINT('',(-0.0343086037458523,-0.0134461196182205,0.0005));
#17184=CARTESIAN_POINT('',(-0.0330098774659873,-0.0134461196182205,0.0005));
#17185=CARTESIAN_POINT('',(-0.0330098774659873,-0.0134461196182205,0.0005));
#17186=CARTESIAN_POINT('',(-0.0343086037458523,-0.0134461196182205,0.0005));
#17187=CARTESIAN_POINT('',(-0.0319898317538806,-0.0165506702879589,0.0005));
#17188=CARTESIAN_POINT('',(-0.0309697860417738,-0.0196552209576973,0.0005));
#17189=CARTESIAN_POINT('',(-0.0309697860417738,-0.0196552209576973,0.0005));
#17190=CARTESIAN_POINT('',(-0.0319898317538806,-0.0165506702879589,0.0005));
#17191=CARTESIAN_POINT('',(-0.0305096254455125,-0.0196552209576973,0.0005));
#17192=CARTESIAN_POINT('',(-0.0300494648492513,-0.0196552209576973,0.0005));
#17193=CARTESIAN_POINT('',(-0.0300494648492513,-0.0196552209576973,0.0005));
#17194=CARTESIAN_POINT('',(-0.0305096254455125,-0.0196552209576973,0.0005));
#17195=CARTESIAN_POINT('',(-0.0308310749303513,-0.0165415728367568,0.0005));
#17196=CARTESIAN_POINT('',(-0.0316126850114512,-0.0134279247158163,0.0005));
#17197=CARTESIAN_POINT('',(-0.0316126850114512,-0.0134279247158163,0.0005));
#17198=CARTESIAN_POINT('',(-0.0308310749303513,-0.0165415728367568,0.0005));
#17199=CARTESIAN_POINT('',(-0.0304334526209523,-0.0134279247158163,0.0005));
#17200=CARTESIAN_POINT('',(-0.0304334526209523,-0.0134279247158163,0.0005));
#17201=CARTESIAN_POINT('',(-8.00937414169312E-7,7.38352537155151E-6,0.0005));
#17202=CARTESIAN_POINT('',(-0.0360986162013499,-0.0172568067117201,0.0005));
#17203=CARTESIAN_POINT('',(-0.0349378275708784,-0.0210710159842468,0.0005));
#17204=CARTESIAN_POINT('',(-0.0349378275708784,-0.0210710159842468,0.0005));
#17205=CARTESIAN_POINT('',(-0.0360986162013499,-0.0172568067117201,0.0005));
#17206=CARTESIAN_POINT('',(-0.0372594048318214,-0.0134425974391935,0.0005));
#17207=CARTESIAN_POINT('',(-0.0372594048318214,-0.0134425974391935,0.0005));
#17208=CARTESIAN_POINT('',(-0.0363003516977963,-0.0210716733471873,0.0005));
#17209=CARTESIAN_POINT('',(-0.0376628758247141,-0.0210723307101277,0.0005));
#17210=CARTESIAN_POINT('',(-0.0376628758247141,-0.0210723307101277,0.0005));
#17211=CARTESIAN_POINT('',(-0.0363003516977963,-0.0210716733471873,0.0005));
#17212=CARTESIAN_POINT('',(-0.03835927543401,-0.0189280941833516,0.0005));
#17213=CARTESIAN_POINT('',(-0.0390556750433061,-0.0167838576565754,0.0005));
#17214=CARTESIAN_POINT('',(-0.0390556750433061,-0.0167838576565754,0.0005));
#17215=CARTESIAN_POINT('',(-0.03835927543401,-0.0189280941833516,0.0005));
#17216=CARTESIAN_POINT('',(-0.0417810901789265,-0.0183897071946512,0.0005));
#17217=CARTESIAN_POINT('',(-0.0414650348497007,-0.015242208278166,0.0005));
#17218=CARTESIAN_POINT('',(-0.0414650348497007,-0.015242208278166,0.0005));
#17219=CARTESIAN_POINT('',(-0.0417810901789265,-0.0183897071946512,0.0005));
#17220=CARTESIAN_POINT('',(-0.0414650348497007,-0.0142900408574699,0.0005));
#17221=CARTESIAN_POINT('',(-0.0414650348497007,-0.0133378734367738,0.0005));
#17222=CARTESIAN_POINT('',(-0.0414650348497007,-0.0133378734367738,0.0005));
#17223=CARTESIAN_POINT('',(-0.0414650348497007,-0.0142900408574699,0.0005));
#17224=CARTESIAN_POINT('',(-0.0417942753562973,-0.015882901393199,0.0005));
#17225=CARTESIAN_POINT('',(-0.0397761366468282,-0.0142977569961446,0.0005));
#17226=CARTESIAN_POINT('',(-0.0397761366468282,-0.0142977569961446,0.0005));
#17227=CARTESIAN_POINT('',(-0.0417942753562973,-0.015882901393199,0.0005));
#17228=CARTESIAN_POINT('',(-0.0397761366468282,-0.0138701772176691,0.0005));
#17229=CARTESIAN_POINT('',(-0.0397761366468282,-0.0134425974391935,0.0005));
#17230=CARTESIAN_POINT('',(-0.0397761366468282,-0.0134425974391935,0.0005));
#17231=CARTESIAN_POINT('',(-0.0397761366468282,-0.0138701772176691,0.0005));
#17232=CARTESIAN_POINT('',(-0.0385177707393248,-0.0134425974391935,0.0005));
#17233=CARTESIAN_POINT('',(-0.0385177707393248,-0.0134425974391935,0.0005));
#17234=CARTESIAN_POINT('',(-8.00937414169312E-7,7.38352537155151E-6,0.0005));
#17235=CARTESIAN_POINT('',(-0.0233259415902525,-0.00163370961497403,0.0005));
#17236=CARTESIAN_POINT('',(-0.0246219976476019,-0.00624771874641266,0.0005));
#17237=CARTESIAN_POINT('',(-0.0246219976476019,-0.00624771874641266,0.0005));
#17238=CARTESIAN_POINT('',(-0.0233259415902525,-0.00163370961497403,0.0005));
#17239=CARTESIAN_POINT('',(-0.0224855698204563,-0.00635203737566642,0.0005));
#17240=CARTESIAN_POINT('',(-0.0224855698204563,-0.00635203737566642,0.0005));
#17241=CARTESIAN_POINT('',(-0.0205960910431692,-0.00225858924280982,0.0005));
#17242=CARTESIAN_POINT('',(-0.0258962560196059,-0.00426590820268723,0.0005));
#17243=CARTESIAN_POINT('',(-0.0258962560196059,-0.00426590820268723,0.0005));
#17244=CARTESIAN_POINT('',(-0.0205960910431692,-0.00225858924280982,0.0005));
#17245=CARTESIAN_POINT('',(-0.0262370075155695,-0.00493574777876375,0.0005));
#17246=CARTESIAN_POINT('',(-0.0267996362191039,-0.00443750528595617,0.0005));
#17247=CARTESIAN_POINT('',(-0.0267996362191039,-0.00443750528595617,0.0005));
#17248=CARTESIAN_POINT('',(-0.0262370075155695,-0.00493574777876375,0.0005));
#17249=CARTESIAN_POINT('',(-0.0250982058316378,-0.00470752121242488,0.0005));
#17250=CARTESIAN_POINT('',(-0.026260380175235,-0.00597918341561566,0.0005));
#17251=CARTESIAN_POINT('',(-0.026260380175235,-0.00597918341561566,0.0005));
#17252=CARTESIAN_POINT('',(-0.0250982058316378,-0.00470752121242488,0.0005));
#17253=CARTESIAN_POINT('',(-0.02400771478855,-0.00381333122029723,0.0005));
#17254=CARTESIAN_POINT('',(-0.0252585964307361,-0.00667701978464498,0.0005));
#17255=CARTESIAN_POINT('',(-0.0252585964307361,-0.00667701978464498,0.0005));
#17256=CARTESIAN_POINT('',(-0.02400771478855,-0.00381333122029723,0.0005));
#17257=CARTESIAN_POINT('',(-0.0222362956950129,0.00291124220514603,0.0005));
#17258=CARTESIAN_POINT('',(-0.0229972176176796,-0.00711323122489652,0.0005));
#17259=CARTESIAN_POINT('',(-0.0229972176176796,-0.00711323122489652,0.0005));
#17260=CARTESIAN_POINT('',(-0.0222362956950129,0.00291124220514603,0.0005));
#17261=CARTESIAN_POINT('',(-0.0249657168838907,-0.0104615911783789,0.0005));
#17262=CARTESIAN_POINT('',(-0.0216507729210632,-0.00843732581472916,0.0005));
#17263=CARTESIAN_POINT('',(-0.0216507729210632,-0.00843732581472916,0.0005));
#17264=CARTESIAN_POINT('',(-0.0249657168838907,-0.0104615911783789,0.0005));
#17265=CARTESIAN_POINT('',(-0.0284168991143082,-0.0102611432679822,0.0005));
#17266=CARTESIAN_POINT('',(-0.0214410626609684,-0.010927836257267,0.0005));
#17267=CARTESIAN_POINT('',(-0.0214410626609684,-0.010927836257267,0.0005));
#17268=CARTESIAN_POINT('',(-0.0284168991143082,-0.0102611432679822,0.0005));
#17269=CARTESIAN_POINT('',(-0.0255015510993314,0.0250684337785883,0.0005));
#17270=CARTESIAN_POINT('',(-0.0279856226241359,-0.0110708580173496,0.0005));
#17271=CARTESIAN_POINT('',(-0.0279856226241359,-0.0110708580173496,0.0005));
#17272=CARTESIAN_POINT('',(-0.0255015510993314,0.0250684337785883,0.0005));
#17273=CARTESIAN_POINT('',(-0.0095214805367269,-0.00409449848222998,0.0005));
#17274=CARTESIAN_POINT('',(-0.0291300922553547,-0.00635203737566641,0.0005));
#17275=CARTESIAN_POINT('',(-0.0291300922553547,-0.00635203737566641,0.0005));
#17276=CARTESIAN_POINT('',(-0.0095214805367269,-0.00409449848222998,0.0005));
#17277=CARTESIAN_POINT('',(-0.0188479283642192,-0.00372918102641954,0.0005));
#17278=CARTESIAN_POINT('',(-0.0294591862030608,-0.00378814534256191,0.0005));
#17279=CARTESIAN_POINT('',(-0.0294591862030608,-0.00378814534256191,0.0005));
#17280=CARTESIAN_POINT('',(-0.0188479283642192,-0.00372918102641954,0.0005));
#17281=CARTESIAN_POINT('',(-0.0285943760342264,-0.00428848007245222,0.0005));
#17282=CARTESIAN_POINT('',(-0.0288453606438453,-0.00332140293189507,0.0005));
#17283=CARTESIAN_POINT('',(-0.0288453606438453,-0.00332140293189507,0.0005));
#17284=CARTESIAN_POINT('',(-0.0285943760342264,-0.00428848007245222,0.0005));
#17285=CARTESIAN_POINT('',(-0.0266693575697996,-0.0172242008976463,0.0005));
#17286=CARTESIAN_POINT('',(-0.024493354495754,-0.00332140293189504,0.0005));
#17287=CARTESIAN_POINT('',(-0.024493354495754,-0.00332140293189504,0.0005));
#17288=CARTESIAN_POINT('',(-0.0266693575697996,-0.0172242008976463,0.0005));
#17289=CARTESIAN_POINT('',(-0.0273079826754333,-0.00777811918268151,0.0005));
#17290=CARTESIAN_POINT('',(-0.022744894506795,-0.00513943051307646,0.0005));
#17291=CARTESIAN_POINT('',(-0.022744894506795,-0.00513943051307646,0.0005));
#17292=CARTESIAN_POINT('',(-0.0273079826754333,-0.00777811918268151,0.0005));
#17293=CARTESIAN_POINT('',(-0.0285826904345374,-0.0112128248567071,0.0005));
#17294=CARTESIAN_POINT('',(-0.0285826904345374,-0.0112128248567071,0.));
#17295=CARTESIAN_POINT('',(-0.0255580543753844,-0.00718364114940947,0.));
#17296=CARTESIAN_POINT('',(-0.0242730240216557,-0.00860331914735136,0.));
#17297=CARTESIAN_POINT('',(-0.0255580543753844,-0.00718364114940947,0.0005));
#17298=CARTESIAN_POINT('',(-0.0255580543753844,-0.00718364114940947,0.0005));
#17299=CARTESIAN_POINT('',(-0.0285826904345374,-0.0112128248567071,0.0005));
#17300=CARTESIAN_POINT('',(-0.0242730240216557,-0.00860331914735136,0.0005));
#17301=CARTESIAN_POINT('',(-0.0242730240216557,-0.00860331914735136,0.0005));
#17302=CARTESIAN_POINT('',(-0.0248002921043459,-0.00800503115387484,0.0005));
#17303=CARTESIAN_POINT('',(-0.0248002921043459,-0.00800503115387484,0.));
#17304=CARTESIAN_POINT('',(-0.0258962560196059,-0.0082235449870598,0.));
#17305=CARTESIAN_POINT('',(-0.0258962560196059,-0.0082235449870598,0.0005));
#17306=CARTESIAN_POINT('',(-0.0258962560196059,-0.0082235449870598,0.0005));
#17307=CARTESIAN_POINT('',(-0.0248002921043459,-0.00800503115387484,0.0005));
#17308=CARTESIAN_POINT('',(-0.0317018409367038,-0.0128814060919412,0.0005));
#17309=CARTESIAN_POINT('',(-0.0317018409367038,-0.0128814060919412,0.));
#17310=CARTESIAN_POINT('',(-0.0254840998725509,-0.00878992929729249,0.));
#17311=CARTESIAN_POINT('',(-0.0254840998725509,-0.00878992929729249,0.0005));
#17312=CARTESIAN_POINT('',(-0.0254840998725509,-0.00878992929729249,0.0005));
#17313=CARTESIAN_POINT('',(-0.0317018409367038,-0.0128814060919412,0.0005));
#17314=CARTESIAN_POINT('',(-0.0345859268843421,-0.0103667819641816,0.0005));
#17315=CARTESIAN_POINT('',(-0.0345859268843421,-0.0103667819641816,0.));
#17316=CARTESIAN_POINT('',(-0.0253770326880573,-0.00964153237453699,0.));
#17317=CARTESIAN_POINT('',(-0.0253770326880573,-0.00964153237453699,0.0005));
#17318=CARTESIAN_POINT('',(-0.0253770326880573,-0.00964153237453699,0.0005));
#17319=CARTESIAN_POINT('',(-0.0345859268843421,-0.0103667819641816,0.0005));
#17320=CARTESIAN_POINT('',(-0.0248308738629886,0.000330291697700183,0.0005));
#17321=CARTESIAN_POINT('',(-0.0248308738629886,0.000330291697700183,0.));
#17322=CARTESIAN_POINT('',(-0.0242847150379198,-0.00964153237453699,0.));
#17323=CARTESIAN_POINT('',(-0.0242847150379198,-0.00964153237453699,0.0005));
#17324=CARTESIAN_POINT('',(-0.0242847150379198,-0.00964153237453699,0.0005));
#17325=CARTESIAN_POINT('',(-0.0248308738629886,0.000330291697700183,0.0005));
#17326=CARTESIAN_POINT('',(-0.0330784358051932,-0.00902333641229251,0.0005));
#17327=CARTESIAN_POINT('',(-0.0330784358051932,-0.00902333641229251,0.));
#17328=CARTESIAN_POINT('',(-0.0330784358051932,-0.00902333641229251,0.0005));
#17329=CARTESIAN_POINT('',(-0.0263496490597857,-0.00654436581767804,0.0005));
#17330=CARTESIAN_POINT('',(-0.0263496490597857,-0.00654436581767804,0.0005));
#17331=CARTESIAN_POINT('',(-8.00937414169312E-7,7.38352537155151E-6,0.0005));
#17332=CARTESIAN_POINT('',(0.,0.,0.));
#17333=CARTESIAN_POINT('',(0.000128246104220721,0.00713962573648025,0.0005));
#17334=CARTESIAN_POINT('',(-0.0220710610170194,-0.00441095050640133,0.0005));
#17335=CARTESIAN_POINT('',(-0.0220710610170194,-0.00441095050640133,0.0005));
#17336=CARTESIAN_POINT('',(0.000128246104220721,0.00713962573648025,0.0005));
#17337=CARTESIAN_POINT('',(-0.0185012883654226,-0.00956862054043755,0.0005));
#17338=CARTESIAN_POINT('',(-0.0185012883654226,-0.00956862054043755,0.0005));
#17339=CARTESIAN_POINT('',(-0.0178864906872154,-0.00297713906768534,0.0005));
#17340=CARTESIAN_POINT('',(-0.0222935001558047,-0.00335754888700264,0.0005));
#17341=CARTESIAN_POINT('',(-0.0222935001558047,-0.00335754888700264,0.0005));
#17342=CARTESIAN_POINT('',(-0.0178864906872154,-0.00297713906768534,0.0005));
#17343=CARTESIAN_POINT('',(-0.0196822687537743,-0.0252628380905041,0.0005));
#17344=CARTESIAN_POINT('',(-0.0170710373517438,-0.00335754888700264,0.0005));
#17345=CARTESIAN_POINT('',(-0.0170710373517438,-0.00335754888700264,0.0005));
#17346=CARTESIAN_POINT('',(-0.0196822687537743,-0.0252628380905041,0.0005));
#17347=CARTESIAN_POINT('',(-0.0210192552751497,-0.00404774976353631,0.0005));
#17348=CARTESIAN_POINT('',(-0.0170710373517438,-0.00473795064006998,0.0005));
#17349=CARTESIAN_POINT('',(-0.0170710373517438,-0.00473795064006998,0.0005));
#17350=CARTESIAN_POINT('',(-0.0210192552751497,-0.00404774976353631,0.0005));
#17351=CARTESIAN_POINT('',(-0.018034674537713,-0.00236256851414472,0.0005));
#17352=CARTESIAN_POINT('',(-0.0185012883654226,-0.00488314551279766,0.0005));
#17353=CARTESIAN_POINT('',(-0.0185012883654226,-0.00488314551279766,0.0005));
#17354=CARTESIAN_POINT('',(-0.018034674537713,-0.00236256851414472,0.0005));
#17355=CARTESIAN_POINT('',(0.0656476980416952,0.0531391303726075,0.0005));
#17356=CARTESIAN_POINT('',(-0.0149522710951204,-0.00972008842154978,0.0005));
#17357=CARTESIAN_POINT('',(-0.0149522710951204,-0.00972008842154978,0.0005));
#17358=CARTESIAN_POINT('',(0.0656476980416952,0.0531391303726075,0.0005));
#17359=CARTESIAN_POINT('',(-0.0199533184334876,-0.0103762721779069,0.0005));
#17360=CARTESIAN_POINT('',(-0.0149522710951204,-0.0110324559342641,0.0005));
#17361=CARTESIAN_POINT('',(-0.0149522710951204,-0.0110324559342641,0.0005));
#17362=CARTESIAN_POINT('',(-0.0199533184334876,-0.0103762721779069,0.0005));
#17363=CARTESIAN_POINT('',(-0.0174797525533127,0.0399690897390871,0.0005));
#17364=CARTESIAN_POINT('',(-0.0200072340115049,-0.0110324559342641,0.0005));
#17365=CARTESIAN_POINT('',(-0.0200072340115049,-0.0110324559342641,0.0005));
#17366=CARTESIAN_POINT('',(-0.0174797525533127,0.0399690897390871,0.0005));
#17367=CARTESIAN_POINT('',(-0.0151083541459495,-0.00977041671831976,0.0005));
#17368=CARTESIAN_POINT('',(-0.0201643450124792,-0.00960093728802107,0.0005));
#17369=CARTESIAN_POINT('',(-0.0201643450124792,-0.00960093728802107,0.0005));
#17370=CARTESIAN_POINT('',(-0.0151083541459495,-0.00977041671831976,0.0005));
#17371=CARTESIAN_POINT('',(-0.0194617880103712,-0.00294776778514175,0.0005));
#17372=CARTESIAN_POINT('',(-0.0194617880103712,-0.00294776778514175,0.0005));
#17373=CARTESIAN_POINT('',(-8.00937414169312E-7,7.38352537155151E-6,0.0005));
#17374=CARTESIAN_POINT('',(-0.0395450177851201,-0.0361186626126332,0.0005));
#17375=CARTESIAN_POINT('',(-0.0373011603951454,-0.00342646846547723,0.0005));
#17376=CARTESIAN_POINT('',(-0.0373011603951454,-0.00342646846547723,0.0005));
#17377=CARTESIAN_POINT('',(-0.0395450177851201,-0.0361186626126332,0.0005));
#17378=CARTESIAN_POINT('',(-0.041548315435648,-0.00341084622777998,0.0005));
#17379=CARTESIAN_POINT('',(-0.041548315435648,-0.00341084622777998,0.0005));
#17380=CARTESIAN_POINT('',(-0.0359435436397441,-0.00711524742655456,0.0005));
#17381=CARTESIAN_POINT('',(-0.0345859268843427,-0.0108040263876319,0.0005));
#17382=CARTESIAN_POINT('',(-0.0345859268843427,-0.0108040263876319,0.0005));
#17383=CARTESIAN_POINT('',(-0.0359435436397441,-0.00711524742655456,0.0005));
#17384=CARTESIAN_POINT('',(-0.0369069320029369,0.00160888627373982,0.0005));
#17385=CARTESIAN_POINT('',(-0.0378424488008022,-0.010984456166625,0.0005));
#17386=CARTESIAN_POINT('',(-0.0378424488008022,-0.010984456166625,0.0005));
#17387=CARTESIAN_POINT('',(-0.0369069320029369,0.00160888627373982,0.0005));
#17388=CARTESIAN_POINT('',(-0.0541151087439752,-0.0139517223743166,0.0005));
#17389=CARTESIAN_POINT('',(-0.03947863727808,-0.00624602101743221,0.0005));
#17390=CARTESIAN_POINT('',(-0.03947863727808,-0.00624602101743221,0.0005));
#17391=CARTESIAN_POINT('',(-0.0541151087439752,-0.0139517223743166,0.0005));
#17392=CARTESIAN_POINT('',(-0.0412050354464781,-0.00978664939445481,0.0005));
#17393=CARTESIAN_POINT('',(-0.0410946868360043,-0.00584909645840526,0.0005));
#17394=CARTESIAN_POINT('',(-0.0410946868360043,-0.00584909645840526,0.0005));
#17395=CARTESIAN_POINT('',(-0.0412050354464781,-0.00978664939445481,0.0005));
#17396=CARTESIAN_POINT('',(-0.0340241994461606,-0.00327233187480402,0.0005));
#17397=CARTESIAN_POINT('',(-0.0340241994461606,-0.00327233187480402,0.0005));
#17398=CARTESIAN_POINT('',(-8.00937414169312E-7,7.38352537155151E-6,0.0005));
#17399=CARTESIAN_POINT('',(0.196801467420204,0.0619924394463249,0.0005));
#17400=CARTESIAN_POINT('',(-0.0291300922553547,-0.0107998612920312,0.0005));
#17401=CARTESIAN_POINT('',(-0.0291300922553547,-0.0107998612920312,0.0005));
#17402=CARTESIAN_POINT('',(0.196801467420204,0.0619924394463249,0.0005));
#17403=CARTESIAN_POINT('',(-0.0314043403455207,-0.00332140293189503,0.0005));
#17404=CARTESIAN_POINT('',(-0.0314043403455207,-0.00332140293189503,0.0005));
#17405=CARTESIAN_POINT('',(-0.0309538866618013,-0.00113456309673599,0.0005));
#17406=CARTESIAN_POINT('',(-0.0318682257915477,-0.010927836257267,0.0005));
#17407=CARTESIAN_POINT('',(-0.0318682257915477,-0.010927836257267,0.0005));
#17408=CARTESIAN_POINT('',(-0.0309538866618013,-0.00113456309673599,0.0005));
#17409=CARTESIAN_POINT('',(-0.0518595175073918,-0.0151937557932397,0.0005));
#17410=CARTESIAN_POINT('',(-0.0336128337031248,-0.00597918341561566,0.0005));
#17411=CARTESIAN_POINT('',(-0.0336128337031248,-0.00597918341561566,0.0005));
#17412=CARTESIAN_POINT('',(-0.0518595175073918,-0.0151937557932397,0.0005));
#17413=CARTESIAN_POINT('',(0.181648643439053,1.78859149269219,0.0005));
#17414=CARTESIAN_POINT('',(-0.0351274688300071,-0.00579685218663562,0.0005));
#17415=CARTESIAN_POINT('',(-0.0351274688300071,-0.00579685218663562,0.0005));
#17416=CARTESIAN_POINT('',(0.181648643439053,1.78859149269219,0.0005));
#17417=CARTESIAN_POINT('',(-0.0294825637261444,-0.00236148410272701,0.0005));
#17418=CARTESIAN_POINT('',(-0.0360205499103584,-0.00332140293189503,0.0005));
#17419=CARTESIAN_POINT('',(-0.0360205499103584,-0.00332140293189503,0.0005));
#17420=CARTESIAN_POINT('',(-0.0294825637261444,-0.00236148410272701,0.0005));
#17421=CARTESIAN_POINT('',(-0.0337124451279396,-0.0990181153532515,0.0005));
#17422=CARTESIAN_POINT('',(-0.0337124451279396,-0.0990181153532515,0.0005));
#17423=CARTESIAN_POINT('',(-8.00937414169312E-7,7.38352537155151E-6,0.0005));
#17424=CARTESIAN_POINT('',(0.,0.,0.));
#17425=CARTESIAN_POINT('',(0.,0.,0.));
#17426=MECHANICAL_DESIGN_GEOMETRIC_PRESENTATION_REPRESENTATION('',(#9972),
#17427);
#17427=(
GEOMETRIC_REPRESENTATION_CONTEXT(3)
GLOBAL_UNCERTAINTY_ASSIGNED_CONTEXT((#17428))
GLOBAL_UNIT_ASSIGNED_CONTEXT((#17431,#17430,#17429))
REPRESENTATION_CONTEXT('Part 1','TOP_LEVEL_ASSEMBLY_PART')
);
#17428=UNCERTAINTY_MEASURE_WITH_UNIT(LENGTH_MEASURE(2.E-5),#17431,
'DISTANCE_ACCURACY_VALUE','Maximum Tolerance applied to model');
#17429=(
NAMED_UNIT(*)
SI_UNIT($,.STERADIAN.)
SOLID_ANGLE_UNIT()
);
#17430=(
NAMED_UNIT(*)
PLANE_ANGLE_UNIT()
SI_UNIT($,.RADIAN.)
);
#17431=(
LENGTH_UNIT()
NAMED_UNIT(*)
SI_UNIT($,.METRE.)
);
#17432=PRODUCT_DEFINITION_SHAPE('','',#17433);
#17433=PRODUCT_DEFINITION('','',#17435,#17434);
#17434=PRODUCT_DEFINITION_CONTEXT('',#17441,'design');
#17435=PRODUCT_DEFINITION_FORMATION_WITH_SPECIFIED_SOURCE('','',#17437,
 .NOT_KNOWN.);
#17436=PRODUCT_RELATED_PRODUCT_CATEGORY('','',(#17437));
#17437=PRODUCT('Part 1','Part 1','Part 1',(#17439));
#17438=PRODUCT_CATEGORY('','');
#17439=PRODUCT_CONTEXT('',#17441,'mechanical');
#17440=APPLICATION_PROTOCOL_DEFINITION('international standard',
'ap242_managed_model_based_3d_engineering',2020,#17441);
#17441=APPLICATION_CONTEXT('managed model based 3d engineering');
ENDSEC;
END-ISO-10303-21;
